ID;UrunAdi;Kategori;IlgiAlani;Marka;Fiyat;YasGrubu;PopulerlikPuan
1;Sephora Bakim Nemlendirici;Kozmetik;Bakim;Sephora;721.13;Yetiskin;6
2;Fisher-Price Klasik Koleksiyonu;Oyuncak;Klasik;Fisher-Price;1907.04;Yetiskin;77
3;Can Yayinlari Kisisel Gelisim Romanı/Kitabı;Kitap;Kisisel Gelisim;Can Yayinlari;499.18;Genc;64
4;Castrol Arac Bakimi Aksesuarı;Otomobil-Aksesuar;Arac Bakimi;Castrol;5921.19;Cocuk;88
5;Lenovo Ev Ofis Bilgisayar;Teknoloji;Ev Ofis;Lenovo;37516.53;Cocuk;13
6;Hot Wheels Klasik Paketi;Oyuncak;Klasik;Hot Wheels;2898.10;Cocuk;76
7;Prada Klasik Saat;Moda;Klasik;Prada;2340.14;Cocuk;59
8;Yamaha Studyo Enstrüman;Muzik;Studyo;Yamaha;18121.75;Yasli;98
9;Is Bankasi Yayinlari Tarih Romanı/Kitabı;Kitap;Tarih;Is Bankasi Yayinlari;318.15;Yetiskin;20
10;Can Yayinlari Tarih Romanı/Kitabı;Kitap;Tarih;Can Yayinlari;212.11;Yetiskin;74
11;LOreal Makyaj Ruj;Kozmetik;Makyaj;LOreal;1017.69;Cocuk;4
12;Gibson Analog Pikap;Muzik;Analog;Gibson;12047.35;Yetiskin;48
13;Liquitex Kirtasiye Seti;Hobi-Sanat;Kirtasiye;Liquitex;4341.87;Yetiskin;77
14;LOreal Bakim Ruj;Kozmetik;Bakim;LOreal;1444.74;Cocuk;10
15;Xiaomi Ev Ofis Akıllı Saat;Teknoloji;Ev Ofis;Xiaomi;39488.03;Genc;32
16;Pasabahce Konfor Kahve Makinesi;Ev-Yasam;Konfor;Pasabahce;8488.09;Genc;59
17;Pegasus Kisisel Gelisim Romanı/Kitabı;Kitap;Kisisel Gelisim;Pegasus;178.16;Genc;3
18;Spin Master Aksiyon Seti;Oyuncak;Aksiyon;Spin Master;4000.54;Cocuk;43
19;Alfa Yayinlari Tarih Romanı/Kitabı;Kitap;Tarih;Alfa Yayinlari;62.29;Genc;5
20;Huawei Yazilim Tablet;Teknoloji;Yazilim;Huawei;19017.95;Cocuk;22
21;Goodyear Guvenlik Aksesuarı;Otomobil-Aksesuar;Guvenlik;Goodyear;14668.21;Yasli;42
22;Michelin Guvenlik Aksesuarı;Otomobil-Aksesuar;Guvenlik;Michelin;14645.31;Genc;31
23;Zara Aksesuar Parfüm;Moda;Aksesuar;Zara;5425.47;Yasli;7
24;English Home Dekorasyon Robot Süpürge;Ev-Yasam;Dekorasyon;English Home;4055.71;Cocuk;11
25;Liquitex Resim Seti;Hobi-Sanat;Resim;Liquitex;937.21;Genc;99
26;Castelli Fitness Spor Çantası;Spor;Fitness;Castelli;702.72;Genc;94
27;Dior Bakim Ruj;Kozmetik;Bakim;Dior;1823.33;Yetiskin;23
28;Razer E-Spor Paketi;Oyun;E-Spor;Razer;2655.32;Yetiskin;95
29;Mattel Klasik Paketi;Oyuncak;Klasik;Mattel;2826.27;Genc;12
30;Gibson Studyo Pikap;Muzik;Studyo;Gibson;16035.40;Yetiskin;6
31;3M Arac Bakimi Aksesuarı;Otomobil-Aksesuar;Arac Bakimi;3M;2373.07;Yasli;11
32;Reebok Fitness Eşofman Takımı;Spor;Fitness;Reebok;3762.08;Yasli;22
33;LEGO Aksiyon Seti;Oyuncak;Aksiyon;LEGO;3475.33;Genc;26
34;Lancome Bakim Ruj;Kozmetik;Bakim;Lancome;1942.88;Yasli;10
35;Columbia Outdoor Eşofman Takımı;Spor;Outdoor;Columbia;6917.23;Genc;7
36;Roland Studyo DJ Ekipmanı;Muzik;Studyo;Roland;10648.58;Yasli;7
37;Levi's Aksesuar Çanta;Moda;Aksesuar;Levi's;4659.49;Yasli;67
38;Asus Ev Ofis Bilgisayar;Teknoloji;Ev Ofis;Asus;12466.47;Yetiskin;83
39;Tefal Dekorasyon Dekoratif Lamba;Ev-Yasam;Dekorasyon;Tefal;9051.12;Genc;90
40;Decathlon Fitness Spor Çantası;Spor;Fitness;Decathlon;5221.31;Cocuk;53
41;Columbia Ekipman Koşu Ayakkabısı;Spor;Ekipman;Columbia;3934.10;Genc;14
42;Levi's Klasik Parfüm;Moda;Klasik;Levi's;2915.11;Cocuk;19
43;Corsair E-Spor Koleksiyonu;Oyun;E-Spor;Corsair;1945.82;Yetiskin;38
44;Gigabyte Retro Paketi;Oyun;Retro;Gigabyte;4842.88;Yasli;95
45;Karaca Konfor Nevresim Takımı;Ev-Yasam;Konfor;Karaca;7421.73;Yetiskin;19
46;Pioneer Arac Bakimi Aksesuarı;Otomobil-Aksesuar;Arac Bakimi;Pioneer;14630.11;Yetiskin;7
47;Fender Sahne Amfi;Muzik;Sahne;Fender;14180.06;Yasli;57
48;Canson Kirtasiye Koleksiyonu;Hobi-Sanat;Kirtasiye;Canson;4108.47;Yasli;19
49;Yapi Kredi Kisisel Gelisim Romanı/Kitabı;Kitap;Kisisel Gelisim;Yapi Kredi;294.16;Cocuk;89
50;Spalding Outdoor Eşofman Takımı;Spor;Outdoor;Spalding;4577.66;Cocuk;46
51;Philips Dekorasyon Dekoratif Lamba;Ev-Yasam;Dekorasyon;Philips;7741.96;Yetiskin;77
52;Prismacolor El Sanatlari Paketi;Hobi-Sanat;El Sanatlari;Prismacolor;1169.75;Genc;44
53;Bosch Konfor Dekoratif Lamba;Ev-Yasam;Konfor;Bosch;10630.14;Yetiskin;32
54;Zowie E-Spor Seti;Oyun;E-Spor;Zowie;1228.38;Yetiskin;51
55;Reeves Resim Koleksiyonu;Hobi-Sanat;Resim;Reeves;3246.88;Cocuk;89
56;Sony Yazilim Tablet;Teknoloji;Yazilim;Sony;21376.55;Yetiskin;60
57;Daler Rowney Kirtasiye Seti;Hobi-Sanat;Kirtasiye;Daler Rowney;362.65;Genc;86
58;Prismacolor El Sanatlari Seti;Hobi-Sanat;El Sanatlari;Prismacolor;4089.53;Genc;79
59;3M Konfor Aksesuarı;Otomobil-Aksesuar;Konfor;3M;7339.98;Genc;39
60;3M Arac Bakimi Aksesuarı;Otomobil-Aksesuar;Arac Bakimi;3M;372.60;Yetiskin;98
61;Salomon Fitness Eşofman Takımı;Spor;Fitness;Salomon;1117.30;Yetiskin;17
62;Ikea Mutfak Robot Süpürge;Ev-Yasam;Mutfak;Ikea;8835.08;Yasli;99
63;Nike Sokak Stili Gözlük;Moda;Sokak Stili;Nike;2763.98;Yetiskin;2
64;Hot Wheels Aksiyon Paketi;Oyuncak;Aksiyon;Hot Wheels;3647.64;Cocuk;25
65;Alfa Yayinlari Kisisel Gelisim Romanı/Kitabı;Kitap;Kisisel Gelisim;Alfa Yayinlari;79.87;Yetiskin;51
66;Prada Aksesuar Parfüm;Moda;Aksesuar;Prada;3039.08;Yetiskin;75
67;HP Yazilim Tablet;Teknoloji;Yazilim;HP;14480.91;Genc;69
68;Pioneer Arac Bakimi Aksesuarı;Otomobil-Aksesuar;Arac Bakimi;Pioneer;4752.02;Yasli;99
69;Marshall Analog Pikap;Muzik;Analog;Marshall;5212.60;Yasli;66
70;SteelSeries E-Spor Paketi;Oyun;E-Spor;SteelSeries;4577.86;Yasli;95
71;Sony Yazilim Kulaklık;Teknoloji;Yazilim;Sony;31920.50;Cocuk;81
72;Bosch Konfor Kahve Makinesi;Ev-Yasam;Konfor;Bosch;1711.48;Yasli;68
73;Sennheiser Studyo DJ Ekipmanı;Muzik;Studyo;Sennheiser;11860.24;Cocuk;58
74;Arzum Mutfak Dekoratif Lamba;Ev-Yasam;Mutfak;Arzum;11300.60;Yetiskin;50
75;Reeves El Sanatlari Seti;Hobi-Sanat;El Sanatlari;Reeves;3321.80;Yasli;52
76;Yapi Kredi Kisisel Gelisim Romanı/Kitabı;Kitap;Kisisel Gelisim;Yapi Kredi;78.43;Yetiskin;78
77;SteelSeries E-Spor Koleksiyonu;Oyun;E-Spor;SteelSeries;240.88;Cocuk;83
78;Burberry Sokak Stili Saat;Moda;Sokak Stili;Burberry;3215.07;Cocuk;36
79;Pegasus Tarih Romanı/Kitabı;Kitap;Tarih;Pegasus;136.47;Cocuk;30
80;SteelSeries Retro Paketi;Oyun;Retro;SteelSeries;4767.13;Yasli;29
81;Mizuno Ekipman Antrenman Ekipmanı;Spor;Ekipman;Mizuno;2839.40;Cocuk;38
82;Lancome Parfum Nemlendirici;Kozmetik;Parfum;Lancome;850.26;Genc;92
83;Corsair Yayincilik Koleksiyonu;Oyun;Yayincilik;Corsair;4335.52;Yasli;28
84;Dior Parfum Cilt Serumu;Kozmetik;Parfum;Dior;1762.65;Cocuk;77
85;Nivea Parfum Cilt Serumu;Kozmetik;Parfum;Nivea;1862.54;Yetiskin;7
86;Spin Master Klasik Seti;Oyuncak;Klasik;Spin Master;2445.27;Yetiskin;1
87;Ikea Konfor Kahve Makinesi;Ev-Yasam;Konfor;Ikea;3072.04;Yetiskin;29
88;Dell Yazilim Akıllı Saat;Teknoloji;Yazilim;Dell;18764.76;Yasli;32
89;Pioneer Konfor Aksesuarı;Otomobil-Aksesuar;Konfor;Pioneer;5077.39;Yetiskin;88
90;Nivea Bakim Göz Kalemi;Kozmetik;Bakim;Nivea;580.62;Yasli;96
91;Gigabyte Retro Paketi;Oyun;Retro;Gigabyte;944.60;Yasli;57
92;Everest Tarih Romanı/Kitabı;Kitap;Tarih;Everest;470.59;Cocuk;5
93;Winsor Newton Kirtasiye Koleksiyonu;Hobi-Sanat;Kirtasiye;Winsor Newton;3969.71;Cocuk;10
94;Everest Kisisel Gelisim Romanı/Kitabı;Kitap;Kisisel Gelisim;Everest;249.30;Cocuk;5
95;Derwent Kirtasiye Paketi;Hobi-Sanat;Kirtasiye;Derwent;862.35;Yetiskin;29
96;Nintendo E-Spor Paketi;Oyun;E-Spor;Nintendo;1512.13;Genc;89
97;Iletisim Tarih Romanı/Kitabı;Kitap;Tarih;Iletisim;179.74;Yasli;17
98;Beko Konfor Nevresim Takımı;Ev-Yasam;Konfor;Beko;6379.68;Cocuk;100
99;Gibson Studyo Pikap;Muzik;Studyo;Gibson;4029.81;Cocuk;31
100;Apple Yazilim Akıllı Telefon;Teknoloji;Yazilim;Apple;22137.47;Cocuk;61
101;Clinique Parfum Göz Kalemi;Kozmetik;Parfum;Clinique;1321.98;Yetiskin;52
102;Apple Ev Ofis Kulaklık;Teknoloji;Ev Ofis;Apple;20122.01;Cocuk;83
103;HP Yazilim Bilgisayar;Teknoloji;Yazilim;HP;14546.40;Yetiskin;72
104;Logitech Retro Koleksiyonu;Oyun;Retro;Logitech;4256.95;Cocuk;4
105;Gibson Sahne Pikap;Muzik;Sahne;Gibson;22131.81;Yasli;16
106;Pebeo Kirtasiye Koleksiyonu;Hobi-Sanat;Kirtasiye;Pebeo;3157.73;Cocuk;72
107;Roland Studyo Pikap;Muzik;Studyo;Roland;17773.97;Yasli;10
108;Pioneer Guvenlik Aksesuarı;Otomobil-Aksesuar;Guvenlik;Pioneer;10611.08;Genc;1
109;Nvidia E-Spor Paketi;Oyun;E-Spor;Nvidia;4611.63;Yasli;5
110;Ikea Dekorasyon Dekoratif Lamba;Ev-Yasam;Dekorasyon;Ikea;464.09;Genc;92
111;Fisher-Price Aksiyon Paketi;Oyuncak;Aksiyon;Fisher-Price;1665.18;Yetiskin;47
112;Ikea Dekorasyon Nevresim Takımı;Ev-Yasam;Dekorasyon;Ikea;9237.30;Yasli;30
113;Gucci Aksesuar Çanta;Moda;Aksesuar;Gucci;4342.80;Yasli;4
114;Prismacolor Kirtasiye Paketi;Hobi-Sanat;Kirtasiye;Prismacolor;711.19;Genc;7
115;Fender Sahne Amfi;Muzik;Sahne;Fender;24125.31;Cocuk;65
116;Sennheiser Studyo Pikap;Muzik;Studyo;Sennheiser;24313.56;Yetiskin;63
117;Goodyear Guvenlik Aksesuarı;Otomobil-Aksesuar;Guvenlik;Goodyear;9562.48;Cocuk;37
118;Xiaomi Yazilim Kulaklık;Teknoloji;Yazilim;Xiaomi;16595.44;Yetiskin;84
119;Is Bankasi Yayinlari Tarih Romanı/Kitabı;Kitap;Tarih;Is Bankasi Yayinlari;498.85;Yasli;6
120;Nike Aksesuar Parfüm;Moda;Aksesuar;Nike;3234.84;Genc;20
121;Nvidia Yayincilik Seti;Oyun;Yayincilik;Nvidia;3678.74;Cocuk;41
122;Castelli Fitness Antrenman Ekipmanı;Spor;Fitness;Castelli;3096.27;Yetiskin;11
123;Reeves Kirtasiye Seti;Hobi-Sanat;Kirtasiye;Reeves;4467.53;Yasli;19
124;Nivea Makyaj Nemlendirici;Kozmetik;Makyaj;Nivea;292.48;Yetiskin;76
125;Apple Ev Ofis Bilgisayar;Teknoloji;Ev Ofis;Apple;17361.31;Yasli;90
126;English Home Konfor Robot Süpürge;Ev-Yasam;Konfor;English Home;7926.60;Yetiskin;63
127;Ithaki Tarih Romanı/Kitabı;Kitap;Tarih;Ithaki;229.72;Cocuk;49
128;Hot Wheels Egitici Koleksiyonu;Oyuncak;Egitici;Hot Wheels;1312.71;Yasli;43
129;Yapi Kredi Kisisel Gelisim Romanı/Kitabı;Kitap;Kisisel Gelisim;Yapi Kredi;344.63;Yasli;61
130;Tefal Konfor Robot Süpürge;Ev-Yasam;Konfor;Tefal;4781.07;Yasli;32
131;Adidas Sokak Stili Gözlük;Moda;Sokak Stili;Adidas;1131.77;Yetiskin;9
132;Gucci Klasik Gözlük;Moda;Klasik;Gucci;1831.59;Cocuk;18
133;Adidas Klasik Gözlük;Moda;Klasik;Adidas;3524.03;Cocuk;75
134;Madame Coco Mutfak Robot Süpürge;Ev-Yasam;Mutfak;Madame Coco;11901.56;Cocuk;5
135;Playmobil Egitici Seti;Oyuncak;Egitici;Playmobil;1907.99;Genc;58
136;LOreal Makyaj Cilt Serumu;Kozmetik;Makyaj;LOreal;1905.90;Yasli;65
137;Reeves Kirtasiye Seti;Hobi-Sanat;Kirtasiye;Reeves;1969.19;Cocuk;6
138;Faber-Castell Resim Koleksiyonu;Hobi-Sanat;Resim;Faber-Castell;4094.16;Genc;16
139;Winsor Newton Resim Paketi;Hobi-Sanat;Resim;Winsor Newton;1457.82;Yetiskin;69
140;HyperX Retro Koleksiyonu;Oyun;Retro;HyperX;964.66;Genc;25
141;Chanel Makyaj Cilt Serumu;Kozmetik;Makyaj;Chanel;1573.85;Cocuk;75
142;Fender Sahne DJ Ekipmanı;Muzik;Sahne;Fender;17512.71;Cocuk;30
143;Castelli Ekipman Antrenman Ekipmanı;Spor;Ekipman;Castelli;1826.65;Genc;88
144;Spalding Ekipman Spor Çantası;Spor;Ekipman;Spalding;4431.94;Yasli;89
145;Columbia Ekipman Spor Çantası;Spor;Ekipman;Columbia;2511.43;Yetiskin;57
146;Reebok Outdoor Spor Çantası;Spor;Outdoor;Reebok;1720.19;Yetiskin;49
147;Razer Yayincilik Paketi;Oyun;Yayincilik;Razer;2821.97;Yasli;78
148;Prada Aksesuar Saat;Moda;Aksesuar;Prada;4773.77;Genc;74
149;Melissa Doug Egitici Koleksiyonu;Oyuncak;Egitici;Melissa Doug;2245.68;Cocuk;96
150;Sephora Bakim Ruj;Kozmetik;Bakim;Sephora;1684.78;Yetiskin;4
151;Gigabyte E-Spor Koleksiyonu;Oyun;E-Spor;Gigabyte;4313.18;Yasli;79
152;Pegasus Edebiyat Romanı/Kitabı;Kitap;Edebiyat;Pegasus;482.54;Yetiskin;39
153;Gibson Studyo Pikap;Muzik;Studyo;Gibson;16618.61;Genc;74
154;Puma Klasik Çanta;Moda;Klasik;Puma;1408.38;Yetiskin;93
155;Corsair E-Spor Seti;Oyun;E-Spor;Corsair;4967.85;Cocuk;44
156;Arzum Mutfak Nevresim Takımı;Ev-Yasam;Mutfak;Arzum;1120.33;Yasli;53
157;LG Yazilim Kulaklık;Teknoloji;Yazilim;LG;32872.14;Cocuk;93
158;MGA Entertainment Egitici Koleksiyonu;Oyuncak;Egitici;MGA Entertainment;4557.26;Cocuk;81
159;Castelli Outdoor Eşofman Takımı;Spor;Outdoor;Castelli;808.17;Yetiskin;43
160;Philips Konfor Dekoratif Lamba;Ev-Yasam;Konfor;Philips;2018.44;Genc;80
161;Burberry Klasik Çanta;Moda;Klasik;Burberry;3779.13;Cocuk;53
162;Philips Mutfak Nevresim Takımı;Ev-Yasam;Mutfak;Philips;7637.28;Yasli;52
163;Spalding Outdoor Eşofman Takımı;Spor;Outdoor;Spalding;3397.67;Genc;61
164;Castelli Fitness Antrenman Ekipmanı;Spor;Fitness;Castelli;1720.96;Yasli;84
165;Apple Mobil Yasam Bilgisayar;Teknoloji;Mobil Yasam;Apple;42384.94;Genc;71
166;MAC Bakim Cilt Serumu;Kozmetik;Bakim;MAC;220.47;Yasli;73
167;Nivea Parfum Cilt Serumu;Kozmetik;Parfum;Nivea;1695.42;Yasli;23
168;JBL Sahne Pikap;Muzik;Sahne;JBL;24146.77;Yetiskin;11
169;Razer Retro Koleksiyonu;Oyun;Retro;Razer;298.09;Genc;34
170;Beko Dekorasyon Dekoratif Lamba;Ev-Yasam;Dekorasyon;Beko;11857.55;Yetiskin;9
171;Fisher-Price Aksiyon Koleksiyonu;Oyuncak;Aksiyon;Fisher-Price;2615.27;Yetiskin;76
172;Metis Edebiyat Romanı/Kitabı;Kitap;Edebiyat;Metis;498.68;Yasli;10
173;Asus Mobil Yasam Bilgisayar;Teknoloji;Mobil Yasam;Asus;5772.18;Genc;16
174;Is Bankasi Yayinlari Edebiyat Romanı/Kitabı;Kitap;Edebiyat;Is Bankasi Yayinlari;195.95;Genc;24
175;Iletisim Edebiyat Romanı/Kitabı;Kitap;Edebiyat;Iletisim;439.32;Yetiskin;44
176;Nike Sokak Stili Gözlük;Moda;Sokak Stili;Nike;2213.53;Yetiskin;40
177;JBL Studyo Amfi;Muzik;Studyo;JBL;7406.76;Genc;8
178;Casio Analog Pikap;Muzik;Analog;Casio;12237.08;Yasli;68
179;Apple Ev Ofis Bilgisayar;Teknoloji;Ev Ofis;Apple;32558.53;Yasli;91
180;Michelin Guvenlik Aksesuarı;Otomobil-Aksesuar;Guvenlik;Michelin;10699.84;Cocuk;44
181;Beko Konfor Dekoratif Lamba;Ev-Yasam;Konfor;Beko;5731.97;Yetiskin;85
182;Maybelline Makyaj Göz Kalemi;Kozmetik;Makyaj;Maybelline;216.62;Yetiskin;86
183;Everest Tarih Romanı/Kitabı;Kitap;Tarih;Everest;194.24;Yasli;52
184;Clinique Bakim Ruj;Kozmetik;Bakim;Clinique;860.95;Genc;51
185;Mizuno Ekipman Spor Çantası;Spor;Ekipman;Mizuno;3465.28;Cocuk;26
186;Faber-Castell Resim Seti;Hobi-Sanat;Resim;Faber-Castell;2902.50;Cocuk;58
187;Gibson Studyo Pikap;Muzik;Studyo;Gibson;17278.86;Yetiskin;69
188;Derwent El Sanatlari Seti;Hobi-Sanat;El Sanatlari;Derwent;3846.26;Genc;53
189;Spin Master Aksiyon Seti;Oyuncak;Aksiyon;Spin Master;4369.70;Yetiskin;98
190;Roland Analog Enstrüman;Muzik;Analog;Roland;6351.86;Genc;100
191;Sennheiser Studyo DJ Ekipmanı;Muzik;Studyo;Sennheiser;11207.44;Yetiskin;69
192;Bosch Guvenlik Aksesuarı;Otomobil-Aksesuar;Guvenlik;Bosch;717.03;Yasli;83
193;Hasbro Klasik Koleksiyonu;Oyuncak;Klasik;Hasbro;4491.41;Yetiskin;90
194;Can Yayinlari Kisisel Gelisim Romanı/Kitabı;Kitap;Kisisel Gelisim;Can Yayinlari;467.65;Yetiskin;3
195;Logitech Yayincilik Seti;Oyun;Yayincilik;Logitech;4821.99;Yetiskin;1
196;Dior Makyaj Göz Kalemi;Kozmetik;Makyaj;Dior;1313.19;Yasli;50
197;Prismacolor El Sanatlari Seti;Hobi-Sanat;El Sanatlari;Prismacolor;2387.06;Yasli;9
198;Logitech E-Spor Koleksiyonu;Oyun;E-Spor;Logitech;4552.34;Genc;66
199;Fisher-Price Klasik Paketi;Oyuncak;Klasik;Fisher-Price;2485.03;Yetiskin;51
200;Tefal Konfor Robot Süpürge;Ev-Yasam;Konfor;Tefal;8940.40;Cocuk;79
201;Under Armour Fitness Antrenman Ekipmanı;Spor;Fitness;Under Armour;4756.78;Genc;46
202;Roland Sahne Amfi;Muzik;Sahne;Roland;19069.02;Yasli;45
203;Goodyear Guvenlik Aksesuarı;Otomobil-Aksesuar;Guvenlik;Goodyear;13717.45;Genc;35
204;Beko Mutfak Dekoratif Lamba;Ev-Yasam;Mutfak;Beko;10226.43;Yetiskin;61
205;Apple Yazilim Tablet;Teknoloji;Yazilim;Apple;12834.64;Yasli;36
206;Spin Master Aksiyon Paketi;Oyuncak;Aksiyon;Spin Master;4877.54;Cocuk;92
207;Adidas Sokak Stili Gözlük;Moda;Sokak Stili;Adidas;3704.07;Cocuk;16
208;Lenovo Ev Ofis Kulaklık;Teknoloji;Ev Ofis;Lenovo;13812.18;Yetiskin;13
209;Derwent El Sanatlari Koleksiyonu;Hobi-Sanat;El Sanatlari;Derwent;2423.50;Genc;68
210;Yapi Kredi Kisisel Gelisim Romanı/Kitabı;Kitap;Kisisel Gelisim;Yapi Kredi;210.30;Yasli;90
211;HP Mobil Yasam Kulaklık;Teknoloji;Mobil Yasam;HP;15773.39;Yasli;63
212;Lenovo Yazilim Akıllı Saat;Teknoloji;Yazilim;Lenovo;12039.32;Yetiskin;80
213;Gigabyte E-Spor Paketi;Oyun;E-Spor;Gigabyte;544.80;Yetiskin;44
214;Gigabyte Yayincilik Paketi;Oyun;Yayincilik;Gigabyte;458.30;Cocuk;86
215;Adidas Sokak Stili Gözlük;Moda;Sokak Stili;Adidas;5826.93;Yasli;12
216;Nivea Bakim Ruj;Kozmetik;Bakim;Nivea;793.55;Genc;84
217;Beko Dekorasyon Robot Süpürge;Ev-Yasam;Dekorasyon;Beko;9073.72;Cocuk;90
218;Nike Klasik Ceket;Moda;Klasik;Nike;3842.16;Yasli;24
219;Asus Mobil Yasam Kulaklık;Teknoloji;Mobil Yasam;Asus;11415.56;Cocuk;76
220;Dell Yazilim Tablet;Teknoloji;Yazilim;Dell;7500.49;Cocuk;77
221;Pebeo Resim Koleksiyonu;Hobi-Sanat;Resim;Pebeo;3608.21;Genc;53
222;Asus Mobil Yasam Akıllı Saat;Teknoloji;Mobil Yasam;Asus;14728.03;Yetiskin;52
223;Levi's Sokak Stili Ceket;Moda;Sokak Stili;Levi's;2787.04;Genc;75
224;MSI Retro Seti;Oyun;Retro;MSI;2412.53;Genc;25
225;Castrol Guvenlik Aksesuarı;Otomobil-Aksesuar;Guvenlik;Castrol;4056.24;Yetiskin;31
226;3M Guvenlik Aksesuarı;Otomobil-Aksesuar;Guvenlik;3M;10437.94;Genc;72
227;Tefal Dekorasyon Robot Süpürge;Ev-Yasam;Dekorasyon;Tefal;4594.74;Cocuk;27
228;Gigabyte Yayincilik Seti;Oyun;Yayincilik;Gigabyte;3103.18;Cocuk;58
229;Marshall Analog DJ Ekipmanı;Muzik;Analog;Marshall;24149.06;Yasli;63
230;Bridgestone Guvenlik Aksesuarı;Otomobil-Aksesuar;Guvenlik;Bridgestone;9652.59;Genc;63
231;LOreal Makyaj Nemlendirici;Kozmetik;Makyaj;LOreal;1104.61;Cocuk;12
232;Burberry Klasik Saat;Moda;Klasik;Burberry;1938.30;Cocuk;52
233;SteelSeries Yayincilik Koleksiyonu;Oyun;Yayincilik;SteelSeries;1721.22;Genc;30
234;Mattel Klasik Koleksiyonu;Oyuncak;Klasik;Mattel;1508.10;Cocuk;4
235;Yapi Kredi Edebiyat Romanı/Kitabı;Kitap;Edebiyat;Yapi Kredi;171.84;Cocuk;30
236;Spalding Outdoor Spor Çantası;Spor;Outdoor;Spalding;7182.08;Cocuk;5
237;Tefal Dekorasyon Nevresim Takımı;Ev-Yasam;Dekorasyon;Tefal;4086.97;Cocuk;22
238;Nivea Makyaj Cilt Serumu;Kozmetik;Makyaj;Nivea;872.20;Yasli;6
239;HyperX Retro Seti;Oyun;Retro;HyperX;2704.71;Yasli;10
240;Pegasus Tarih Romanı/Kitabı;Kitap;Tarih;Pegasus;110.69;Cocuk;14
241;Asus Yazilim Akıllı Saat;Teknoloji;Yazilim;Asus;32199.64;Genc;100
242;Daler Rowney Resim Koleksiyonu;Hobi-Sanat;Resim;Daler Rowney;3759.18;Yetiskin;56
243;SteelSeries Yayincilik Seti;Oyun;Yayincilik;SteelSeries;4170.05;Genc;78
244;Apple Ev Ofis Bilgisayar;Teknoloji;Ev Ofis;Apple;41150.39;Yetiskin;57
245;Mattel Klasik Seti;Oyuncak;Klasik;Mattel;1492.60;Cocuk;50
246;Levi's Aksesuar Çanta;Moda;Aksesuar;Levi's;3470.86;Yetiskin;80
247;Spin Master Klasik Paketi;Oyuncak;Klasik;Spin Master;3045.13;Yetiskin;64
248;Estee Lauder Makyaj Cilt Serumu;Kozmetik;Makyaj;Estee Lauder;728.99;Yasli;92
249;Nvidia E-Spor Koleksiyonu;Oyun;E-Spor;Nvidia;2056.31;Yetiskin;74
250;Pegasus Kisisel Gelisim Romanı/Kitabı;Kitap;Kisisel Gelisim;Pegasus;484.84;Genc;33
251;Audio-Technica Studyo Enstrüman;Muzik;Studyo;Audio-Technica;24261.57;Cocuk;63
252;Estee Lauder Bakim Göz Kalemi;Kozmetik;Bakim;Estee Lauder;434.44;Genc;29
253;Yapi Kredi Tarih Romanı/Kitabı;Kitap;Tarih;Yapi Kredi;241.07;Yasli;40
254;Castelli Ekipman Antrenman Ekipmanı;Spor;Ekipman;Castelli;7228.82;Genc;89
255;Meguiars Guvenlik Aksesuarı;Otomobil-Aksesuar;Guvenlik;Meguiars;5428.04;Genc;23
256;Philips Dekorasyon Nevresim Takımı;Ev-Yasam;Dekorasyon;Philips;7055.69;Yetiskin;67
257;Maybelline Makyaj Nemlendirici;Kozmetik;Makyaj;Maybelline;1836.14;Yasli;89
258;JBL Analog Enstrüman;Muzik;Analog;JBL;5284.75;Genc;78
259;Lacoste Aksesuar Parfüm;Moda;Aksesuar;Lacoste;3053.69;Yetiskin;10
260;Yamaha Studyo Amfi;Muzik;Studyo;Yamaha;11489.84;Yetiskin;90
261;Beko Mutfak Dekoratif Lamba;Ev-Yasam;Mutfak;Beko;4074.26;Genc;78
262;Mattel Klasik Seti;Oyuncak;Klasik;Mattel;3288.17;Yasli;59
263;Nvidia E-Spor Seti;Oyun;E-Spor;Nvidia;2703.28;Cocuk;66
264;Sparco Guvenlik Aksesuarı;Otomobil-Aksesuar;Guvenlik;Sparco;5339.09;Genc;26
265;Estee Lauder Bakim Ruj;Kozmetik;Bakim;Estee Lauder;1842.17;Genc;16
266;HyperX Yayincilik Seti;Oyun;Yayincilik;HyperX;3673.62;Cocuk;39
267;Levi's Sokak Stili Parfüm;Moda;Sokak Stili;Levi's;1262.38;Yasli;29
268;Canson Resim Seti;Hobi-Sanat;Resim;Canson;2469.88;Yetiskin;42
269;LOreal Makyaj Cilt Serumu;Kozmetik;Makyaj;LOreal;1158.53;Yetiskin;100
270;Pioneer Guvenlik Aksesuarı;Otomobil-Aksesuar;Guvenlik;Pioneer;12795.16;Yasli;73
271;Alfa Yayinlari Kisisel Gelisim Romanı/Kitabı;Kitap;Kisisel Gelisim;Alfa Yayinlari;246.51;Genc;66
272;Gigabyte Yayincilik Seti;Oyun;Yayincilik;Gigabyte;297.12;Genc;4
273;Puma Klasik Çanta;Moda;Klasik;Puma;4526.53;Yasli;41
274;Salomon Fitness Spor Çantası;Spor;Fitness;Salomon;778.81;Genc;59
275;Apple Yazilim Bilgisayar;Teknoloji;Yazilim;Apple;40076.67;Yetiskin;47
276;Melissa Doug Klasik Paketi;Oyuncak;Klasik;Melissa Doug;4554.73;Genc;69
277;Maybelline Bakim Ruj;Kozmetik;Bakim;Maybelline;1749.76;Cocuk;46
278;Karaca Konfor Kahve Makinesi;Ev-Yasam;Konfor;Karaca;6177.29;Yasli;9
279;Daler Rowney Kirtasiye Koleksiyonu;Hobi-Sanat;Kirtasiye;Daler Rowney;3016.17;Yasli;84
280;Can Yayinlari Kisisel Gelisim Romanı/Kitabı;Kitap;Kisisel Gelisim;Can Yayinlari;244.93;Cocuk;10
281;Castrol Arac Bakimi Aksesuarı;Otomobil-Aksesuar;Arac Bakimi;Castrol;10121.83;Cocuk;90
282;Audio-Technica Studyo Enstrüman;Muzik;Studyo;Audio-Technica;13548.39;Yetiskin;69
283;Dell Ev Ofis Akıllı Telefon;Teknoloji;Ev Ofis;Dell;28603.49;Yetiskin;95
284;Xiaomi Mobil Yasam Tablet;Teknoloji;Mobil Yasam;Xiaomi;35492.85;Cocuk;68
285;Zara Klasik Gözlük;Moda;Klasik;Zara;3815.59;Genc;19
286;Roland Analog Enstrüman;Muzik;Analog;Roland;14931.38;Genc;16
287;3M Konfor Aksesuarı;Otomobil-Aksesuar;Konfor;3M;4832.80;Genc;37
288;Gigabyte Yayincilik Paketi;Oyun;Yayincilik;Gigabyte;4088.58;Yasli;85
289;Iletisim Edebiyat Romanı/Kitabı;Kitap;Edebiyat;Iletisim;219.30;Yasli;45
290;Pasabahce Dekorasyon Dekoratif Lamba;Ev-Yasam;Dekorasyon;Pasabahce;3689.89;Genc;70
291;Zara Aksesuar Parfüm;Moda;Aksesuar;Zara;3322.90;Cocuk;10
292;Apple Yazilim Tablet;Teknoloji;Yazilim;Apple;34009.64;Yetiskin;66
293;LEGO Klasik Seti;Oyuncak;Klasik;LEGO;2192.09;Genc;69
294;Reebok Outdoor Koşu Ayakkabısı;Spor;Outdoor;Reebok;6149.41;Cocuk;81
295;Sparco Konfor Aksesuarı;Otomobil-Aksesuar;Konfor;Sparco;9482.03;Yetiskin;58
296;Mattel Klasik Seti;Oyuncak;Klasik;Mattel;2816.77;Yetiskin;44
297;Dior Bakim Nemlendirici;Kozmetik;Bakim;Dior;596.38;Yetiskin;66
298;Liquitex El Sanatlari Seti;Hobi-Sanat;El Sanatlari;Liquitex;4829.03;Yasli;9
299;Adidas Aksesuar Gözlük;Moda;Aksesuar;Adidas;3246.41;Yasli;93
300;Daler Rowney El Sanatlari Paketi;Hobi-Sanat;El Sanatlari;Daler Rowney;3644.83;Yasli;78
301;Castelli Ekipman Antrenman Ekipmanı;Spor;Ekipman;Castelli;5153.46;Yetiskin;35
302;Gigabyte Yayincilik Paketi;Oyun;Yayincilik;Gigabyte;4701.59;Genc;22
303;Huawei Mobil Yasam Bilgisayar;Teknoloji;Mobil Yasam;Huawei;28083.53;Genc;21
304;LEGO Egitici Seti;Oyuncak;Egitici;LEGO;270.01;Genc;11
305;Asus Yazilim Akıllı Telefon;Teknoloji;Yazilim;Asus;5059.14;Yasli;46
306;Reeves El Sanatlari Seti;Hobi-Sanat;El Sanatlari;Reeves;3155.16;Yasli;67
307;Nintendo Retro Paketi;Oyun;Retro;Nintendo;735.79;Yetiskin;49
308;Lenovo Yazilim Kulaklık;Teknoloji;Yazilim;Lenovo;12588.50;Genc;13
309;Lancome Makyaj Cilt Serumu;Kozmetik;Makyaj;Lancome;799.70;Yetiskin;93
310;Bosch Arac Bakimi Aksesuarı;Otomobil-Aksesuar;Arac Bakimi;Bosch;11737.37;Yetiskin;95
311;Bosch Konfor Nevresim Takımı;Ev-Yasam;Konfor;Bosch;4637.74;Yasli;99
312;Ikea Dekorasyon Robot Süpürge;Ev-Yasam;Dekorasyon;Ikea;7522.64;Genc;48
313;LOreal Bakim Göz Kalemi;Kozmetik;Bakim;LOreal;1141.04;Yetiskin;94
314;Sephora Bakim Göz Kalemi;Kozmetik;Bakim;Sephora;823.34;Genc;5
315;Burberry Klasik Çanta;Moda;Klasik;Burberry;2270.80;Yasli;29
316;Dell Mobil Yasam Akıllı Saat;Teknoloji;Mobil Yasam;Dell;5401.58;Yasli;75
317;Mattel Aksiyon Paketi;Oyuncak;Aksiyon;Mattel;4092.81;Cocuk;83
318;Melissa Doug Aksiyon Koleksiyonu;Oyuncak;Aksiyon;Melissa Doug;1449.76;Cocuk;39
319;Gucci Klasik Gözlük;Moda;Klasik;Gucci;5078.26;Cocuk;18
320;Adidas Klasik Gözlük;Moda;Klasik;Adidas;2471.76;Yasli;76
321;Corsair E-Spor Koleksiyonu;Oyun;E-Spor;Corsair;3495.04;Yasli;82
322;Beko Konfor Kahve Makinesi;Ev-Yasam;Konfor;Beko;1776.29;Yasli;100
323;Columbia Outdoor Eşofman Takımı;Spor;Outdoor;Columbia;656.46;Cocuk;56
324;Beko Mutfak Nevresim Takımı;Ev-Yasam;Mutfak;Beko;8763.19;Yetiskin;34
325;Sephora Makyaj Nemlendirici;Kozmetik;Makyaj;Sephora;1651.88;Yetiskin;55
326;Fisher-Price Egitici Paketi;Oyuncak;Egitici;Fisher-Price;695.15;Yetiskin;68
327;Fender Analog DJ Ekipmanı;Muzik;Analog;Fender;4642.74;Yetiskin;42
328;Sony Yazilim Kulaklık;Teknoloji;Yazilim;Sony;24214.19;Yasli;93
329;Decathlon Fitness Antrenman Ekipmanı;Spor;Fitness;Decathlon;6194.88;Cocuk;90
330;Meguiars Arac Bakimi Aksesuarı;Otomobil-Aksesuar;Arac Bakimi;Meguiars;9470.02;Genc;55
331;Xiaomi Mobil Yasam Akıllı Telefon;Teknoloji;Mobil Yasam;Xiaomi;2292.30;Cocuk;8
332;Pioneer Guvenlik Aksesuarı;Otomobil-Aksesuar;Guvenlik;Pioneer;7156.42;Genc;66
333;Reebok Ekipman Antrenman Ekipmanı;Spor;Ekipman;Reebok;4925.81;Genc;44
334;Huawei Yazilim Akıllı Saat;Teknoloji;Yazilim;Huawei;21998.14;Cocuk;40
335;Under Armour Ekipman Koşu Ayakkabısı;Spor;Ekipman;Under Armour;7342.57;Yasli;63
336;SteelSeries Retro Koleksiyonu;Oyun;Retro;SteelSeries;679.39;Genc;87
337;Samsung Yazilim Akıllı Saat;Teknoloji;Yazilim;Samsung;13193.65;Yasli;48
338;Gibson Analog Pikap;Muzik;Analog;Gibson;22663.87;Yetiskin;62
339;Logitech Retro Paketi;Oyun;Retro;Logitech;4452.78;Yasli;29
340;Decathlon Outdoor Eşofman Takımı;Spor;Outdoor;Decathlon;4401.32;Yasli;88
341;Madame Coco Konfor Nevresim Takımı;Ev-Yasam;Konfor;Madame Coco;9625.51;Genc;67
342;Hasbro Aksiyon Paketi;Oyuncak;Aksiyon;Hasbro;1755.38;Yasli;22
343;Apple Yazilim Kulaklık;Teknoloji;Yazilim;Apple;21835.13;Cocuk;26
344;Dior Makyaj Nemlendirici;Kozmetik;Makyaj;Dior;1045.10;Yetiskin;91
345;Bose Sahne Pikap;Muzik;Sahne;Bose;1448.35;Cocuk;18
346;Razer E-Spor Koleksiyonu;Oyun;E-Spor;Razer;2384.78;Yasli;58
347;Iletisim Edebiyat Romanı/Kitabı;Kitap;Edebiyat;Iletisim;387.63;Genc;78
348;Spalding Outdoor Eşofman Takımı;Spor;Outdoor;Spalding;5347.69;Cocuk;98
349;Can Yayinlari Edebiyat Romanı/Kitabı;Kitap;Edebiyat;Can Yayinlari;358.95;Yasli;75
350;Faber-Castell El Sanatlari Koleksiyonu;Hobi-Sanat;El Sanatlari;Faber-Castell;1813.31;Genc;14
351;Faber-Castell El Sanatlari Koleksiyonu;Hobi-Sanat;El Sanatlari;Faber-Castell;1085.69;Cocuk;68
352;Salomon Ekipman Eşofman Takımı;Spor;Ekipman;Salomon;4655.94;Cocuk;67
353;MSI Retro Seti;Oyun;Retro;MSI;4490.37;Genc;80
354;Hasbro Egitici Koleksiyonu;Oyuncak;Egitici;Hasbro;1232.83;Genc;6
355;Ithaki Kisisel Gelisim Romanı/Kitabı;Kitap;Kisisel Gelisim;Ithaki;262.88;Yasli;88
356;Nivea Parfum Göz Kalemi;Kozmetik;Parfum;Nivea;1868.54;Yetiskin;82
357;Reeves Kirtasiye Paketi;Hobi-Sanat;Kirtasiye;Reeves;539.55;Genc;100
358;JBL Studyo Pikap;Muzik;Studyo;JBL;15179.11;Cocuk;44
359;LG Mobil Yasam Akıllı Telefon;Teknoloji;Mobil Yasam;LG;8131.20;Yetiskin;88
360;Karaca Mutfak Dekoratif Lamba;Ev-Yasam;Mutfak;Karaca;4980.36;Cocuk;93
361;Bridgestone Guvenlik Aksesuarı;Otomobil-Aksesuar;Guvenlik;Bridgestone;6729.76;Yasli;18
362;Faber-Castell Resim Koleksiyonu;Hobi-Sanat;Resim;Faber-Castell;4760.97;Yasli;67
363;Playmobil Aksiyon Koleksiyonu;Oyuncak;Aksiyon;Playmobil;1823.01;Yasli;92
364;Xiaomi Ev Ofis Kulaklık;Teknoloji;Ev Ofis;Xiaomi;35913.30;Cocuk;55
365;Melissa Doug Egitici Paketi;Oyuncak;Egitici;Melissa Doug;997.01;Yetiskin;93
366;Marshall Studyo Amfi;Muzik;Studyo;Marshall;16257.06;Genc;18
367;Apple Yazilim Tablet;Teknoloji;Yazilim;Apple;44688.75;Yasli;41
368;Liquitex El Sanatlari Koleksiyonu;Hobi-Sanat;El Sanatlari;Liquitex;4575.66;Genc;51
369;Gigabyte Retro Koleksiyonu;Oyun;Retro;Gigabyte;368.26;Genc;17
370;HP Mobil Yasam Bilgisayar;Teknoloji;Mobil Yasam;HP;30582.59;Genc;88
371;Can Yayinlari Edebiyat Romanı/Kitabı;Kitap;Edebiyat;Can Yayinlari;264.32;Yetiskin;6
372;Gucci Klasik Saat;Moda;Klasik;Gucci;4308.38;Yetiskin;23
373;HyperX Yayincilik Koleksiyonu;Oyun;Yayincilik;HyperX;4341.02;Yasli;69
374;Castelli Ekipman Eşofman Takımı;Spor;Ekipman;Castelli;5643.13;Yetiskin;3
375;Castrol Konfor Aksesuarı;Otomobil-Aksesuar;Konfor;Castrol;642.53;Genc;69
376;Mizuno Ekipman Koşu Ayakkabısı;Spor;Ekipman;Mizuno;4466.32;Yasli;92
377;Lenovo Ev Ofis Akıllı Saat;Teknoloji;Ev Ofis;Lenovo;4770.36;Yetiskin;51
378;LEGO Egitici Paketi;Oyuncak;Egitici;LEGO;3327.34;Cocuk;60
379;Moleskine El Sanatlari Koleksiyonu;Hobi-Sanat;El Sanatlari;Moleskine;1576.90;Cocuk;98
380;Arzum Dekorasyon Robot Süpürge;Ev-Yasam;Dekorasyon;Arzum;3513.98;Yasli;44
381;Maybelline Parfum Göz Kalemi;Kozmetik;Parfum;Maybelline;491.35;Yetiskin;57
382;Tefal Dekorasyon Kahve Makinesi;Ev-Yasam;Dekorasyon;Tefal;1098.61;Yetiskin;87
383;Audio-Technica Studyo Pikap;Muzik;Studyo;Audio-Technica;17039.49;Genc;78
384;Yamaha Sahne Enstrüman;Muzik;Sahne;Yamaha;23059.57;Genc;72
385;Melissa Doug Aksiyon Seti;Oyuncak;Aksiyon;Melissa Doug;1793.22;Yetiskin;8
386;MSI E-Spor Seti;Oyun;E-Spor;MSI;2125.39;Yasli;97
387;Razer Yayincilik Seti;Oyun;Yayincilik;Razer;770.17;Cocuk;33
388;Nike Sokak Stili Çanta;Moda;Sokak Stili;Nike;2562.71;Genc;52
389;Bridgestone Guvenlik Aksesuarı;Otomobil-Aksesuar;Guvenlik;Bridgestone;9491.75;Genc;5
390;Marshall Analog Amfi;Muzik;Analog;Marshall;5529.18;Genc;86
391;Canson Resim Seti;Hobi-Sanat;Resim;Canson;2796.89;Yetiskin;35
392;Puma Klasik Ceket;Moda;Klasik;Puma;2836.63;Yasli;85
393;Sennheiser Studyo Pikap;Muzik;Studyo;Sennheiser;17962.34;Cocuk;12
394;MAC Bakim Cilt Serumu;Kozmetik;Bakim;MAC;1601.14;Genc;48
395;Lenovo Mobil Yasam Tablet;Teknoloji;Mobil Yasam;Lenovo;2755.13;Cocuk;6
396;Salomon Fitness Antrenman Ekipmanı;Spor;Fitness;Salomon;7134.91;Yasli;52
397;Wilson Ekipman Koşu Ayakkabısı;Spor;Ekipman;Wilson;691.82;Yasli;48
398;Bosch Konfor Nevresim Takımı;Ev-Yasam;Konfor;Bosch;2930.80;Genc;28
399;Everest Kisisel Gelisim Romanı/Kitabı;Kitap;Kisisel Gelisim;Everest;499.90;Cocuk;39
400;Lancome Parfum Ruj;Kozmetik;Parfum;Lancome;828.87;Yetiskin;95
401;Wilson Fitness Antrenman Ekipmanı;Spor;Fitness;Wilson;1824.43;Cocuk;53
402;VTech Klasik Paketi;Oyuncak;Klasik;VTech;3658.17;Genc;43
403;Mattel Egitici Koleksiyonu;Oyuncak;Egitici;Mattel;3220.30;Genc;80
404;Yamaha Analog Enstrüman;Muzik;Analog;Yamaha;12435.34;Yasli;96
405;Fender Analog Amfi;Muzik;Analog;Fender;12478.23;Genc;76
406;Zowie Yayincilik Koleksiyonu;Oyun;Yayincilik;Zowie;2213.30;Yasli;57
407;Castelli Ekipman Eşofman Takımı;Spor;Ekipman;Castelli;5763.18;Yasli;25
408;Nintendo Yayincilik Paketi;Oyun;Yayincilik;Nintendo;725.47;Cocuk;31
409;Derwent Resim Koleksiyonu;Hobi-Sanat;Resim;Derwent;1192.42;Genc;66
410;Wilson Outdoor Eşofman Takımı;Spor;Outdoor;Wilson;5945.75;Cocuk;90
411;Audio-Technica Studyo Amfi;Muzik;Studyo;Audio-Technica;1770.05;Yasli;36
412;Nintendo Yayincilik Paketi;Oyun;Yayincilik;Nintendo;2347.45;Yasli;32
413;Razer Yayincilik Paketi;Oyun;Yayincilik;Razer;3112.81;Cocuk;26
414;Dior Makyaj Ruj;Kozmetik;Makyaj;Dior;822.00;Yasli;96
415;Sony Yazilim Akıllı Telefon;Teknoloji;Yazilim;Sony;44891.01;Yasli;64
416;Spin Master Egitici Koleksiyonu;Oyuncak;Egitici;Spin Master;1534.56;Genc;35
417;Reebok Fitness Spor Çantası;Spor;Fitness;Reebok;720.13;Cocuk;34
418;Logitech E-Spor Koleksiyonu;Oyun;E-Spor;Logitech;2242.97;Genc;77
419;Is Bankasi Yayinlari Edebiyat Romanı/Kitabı;Kitap;Edebiyat;Is Bankasi Yayinlari;361.95;Genc;32
420;Arzum Dekorasyon Kahve Makinesi;Ev-Yasam;Dekorasyon;Arzum;11649.81;Cocuk;51
421;Bosch Arac Bakimi Aksesuarı;Otomobil-Aksesuar;Arac Bakimi;Bosch;4345.71;Yetiskin;34
422;Bridgestone Guvenlik Aksesuarı;Otomobil-Aksesuar;Guvenlik;Bridgestone;8657.06;Yetiskin;98
423;SteelSeries Retro Koleksiyonu;Oyun;Retro;SteelSeries;1320.84;Yasli;65
424;Fender Sahne DJ Ekipmanı;Muzik;Sahne;Fender;15532.48;Genc;9
425;Arzum Konfor Robot Süpürge;Ev-Yasam;Konfor;Arzum;10810.86;Cocuk;97
426;Winsor Newton Kirtasiye Koleksiyonu;Hobi-Sanat;Kirtasiye;Winsor Newton;3676.35;Yasli;48
427;Is Bankasi Yayinlari Kisisel Gelisim Romanı/Kitabı;Kitap;Kisisel Gelisim;Is Bankasi Yayinlari;444.88;Genc;44
428;Fisher-Price Aksiyon Seti;Oyuncak;Aksiyon;Fisher-Price;4221.85;Cocuk;65
429;Madame Coco Dekorasyon Dekoratif Lamba;Ev-Yasam;Dekorasyon;Madame Coco;2220.29;Yetiskin;59
430;Moleskine Kirtasiye Paketi;Hobi-Sanat;Kirtasiye;Moleskine;2787.01;Genc;100
431;Yapi Kredi Edebiyat Romanı/Kitabı;Kitap;Edebiyat;Yapi Kredi;249.02;Genc;17
432;Alfa Yayinlari Tarih Romanı/Kitabı;Kitap;Tarih;Alfa Yayinlari;461.58;Cocuk;42
433;Everest Tarih Romanı/Kitabı;Kitap;Tarih;Everest;377.46;Cocuk;32
434;Chanel Parfum Cilt Serumu;Kozmetik;Parfum;Chanel;861.03;Cocuk;14
435;Bosch Konfor Aksesuarı;Otomobil-Aksesuar;Konfor;Bosch;11817.88;Yetiskin;70
436;Levi's Sokak Stili Ceket;Moda;Sokak Stili;Levi's;3600.80;Cocuk;15
437;Asus Yazilim Kulaklık;Teknoloji;Yazilim;Asus;4149.87;Yetiskin;90
438;Prismacolor Resim Koleksiyonu;Hobi-Sanat;Resim;Prismacolor;1354.94;Cocuk;11
439;Winsor Newton Resim Seti;Hobi-Sanat;Resim;Winsor Newton;4656.02;Yasli;91
440;Clinique Makyaj Ruj;Kozmetik;Makyaj;Clinique;1356.07;Yasli;24
441;Burberry Aksesuar Parfüm;Moda;Aksesuar;Burberry;4700.79;Yasli;9
442;MAC Bakim Ruj;Kozmetik;Bakim;MAC;458.25;Yetiskin;44
443;Dior Makyaj Ruj;Kozmetik;Makyaj;Dior;1122.55;Genc;7
444;Salomon Ekipman Eşofman Takımı;Spor;Ekipman;Salomon;3233.26;Genc;58
445;HyperX Retro Koleksiyonu;Oyun;Retro;HyperX;1891.27;Yasli;41
446;VTech Aksiyon Koleksiyonu;Oyuncak;Aksiyon;VTech;4890.12;Genc;88
447;Arzum Mutfak Kahve Makinesi;Ev-Yasam;Mutfak;Arzum;5227.53;Yasli;44
448;Prada Sokak Stili Ceket;Moda;Sokak Stili;Prada;2277.07;Genc;25
449;Logitech Yayincilik Seti;Oyun;Yayincilik;Logitech;2856.51;Cocuk;11
450;Tefal Dekorasyon Kahve Makinesi;Ev-Yasam;Dekorasyon;Tefal;10983.84;Yasli;43
451;Melissa Doug Egitici Paketi;Oyuncak;Egitici;Melissa Doug;2974.86;Genc;33
452;Faber-Castell El Sanatlari Koleksiyonu;Hobi-Sanat;El Sanatlari;Faber-Castell;3127.23;Cocuk;9
453;Xiaomi Yazilim Tablet;Teknoloji;Yazilim;Xiaomi;7061.72;Yetiskin;31
454;Reeves Kirtasiye Seti;Hobi-Sanat;Kirtasiye;Reeves;1770.41;Genc;65
455;Winsor Newton Kirtasiye Seti;Hobi-Sanat;Kirtasiye;Winsor Newton;756.71;Yasli;17
456;Zara Aksesuar Çanta;Moda;Aksesuar;Zara;4372.85;Cocuk;77
457;Dior Makyaj Nemlendirici;Kozmetik;Makyaj;Dior;161.12;Yetiskin;85
458;English Home Dekorasyon Robot Süpürge;Ev-Yasam;Dekorasyon;English Home;11426.32;Yetiskin;93
459;Lancome Bakim Cilt Serumu;Kozmetik;Bakim;Lancome;736.81;Cocuk;50
460;Bose Studyo DJ Ekipmanı;Muzik;Studyo;Bose;13726.16;Yasli;63
461;Gucci Klasik Ceket;Moda;Klasik;Gucci;5728.49;Yasli;21
462;Melissa Doug Klasik Koleksiyonu;Oyuncak;Klasik;Melissa Doug;4386.50;Cocuk;93
463;Continental Arac Bakimi Aksesuarı;Otomobil-Aksesuar;Arac Bakimi;Continental;1582.45;Genc;82
464;Decathlon Fitness Eşofman Takımı;Spor;Fitness;Decathlon;6352.21;Genc;24
465;Estee Lauder Bakim Ruj;Kozmetik;Bakim;Estee Lauder;964.26;Cocuk;84
466;Sony Mobil Yasam Akıllı Telefon;Teknoloji;Mobil Yasam;Sony;6574.75;Yasli;91
467;Bosch Arac Bakimi Aksesuarı;Otomobil-Aksesuar;Arac Bakimi;Bosch;10063.21;Cocuk;27
468;Razer Retro Seti;Oyun;Retro;Razer;1853.54;Yetiskin;61
469;Lacoste Klasik Parfüm;Moda;Klasik;Lacoste;3958.51;Genc;75
470;Burberry Aksesuar Saat;Moda;Aksesuar;Burberry;1049.93;Yetiskin;57
471;Apple Yazilim Akıllı Telefon;Teknoloji;Yazilim;Apple;36412.92;Genc;75
472;Roland Sahne Enstrüman;Muzik;Sahne;Roland;13996.65;Yetiskin;36
473;Clinique Bakim Göz Kalemi;Kozmetik;Bakim;Clinique;789.80;Yetiskin;45
474;Daler Rowney El Sanatlari Seti;Hobi-Sanat;El Sanatlari;Daler Rowney;3846.70;Yasli;74
475;Estee Lauder Makyaj Göz Kalemi;Kozmetik;Makyaj;Estee Lauder;1045.50;Yetiskin;58
476;Chanel Makyaj Cilt Serumu;Kozmetik;Makyaj;Chanel;1337.83;Genc;72
477;Tefal Konfor Robot Süpürge;Ev-Yasam;Konfor;Tefal;11855.45;Genc;26
478;Derwent Resim Paketi;Hobi-Sanat;Resim;Derwent;600.15;Cocuk;10
479;3M Arac Bakimi Aksesuarı;Otomobil-Aksesuar;Arac Bakimi;3M;1988.87;Yasli;23
480;Fender Sahne Enstrüman;Muzik;Sahne;Fender;7821.50;Yetiskin;38
481;Nvidia E-Spor Paketi;Oyun;E-Spor;Nvidia;2318.89;Yasli;25
482;Spin Master Egitici Seti;Oyuncak;Egitici;Spin Master;3306.74;Genc;69
483;MGA Entertainment Klasik Paketi;Oyuncak;Klasik;MGA Entertainment;3169.56;Yetiskin;79
484;Razer Yayincilik Koleksiyonu;Oyun;Yayincilik;Razer;4262.07;Cocuk;67
485;Ithaki Edebiyat Romanı/Kitabı;Kitap;Edebiyat;Ithaki;444.04;Cocuk;48
486;LEGO Aksiyon Koleksiyonu;Oyuncak;Aksiyon;LEGO;4511.15;Genc;63
487;Levi's Sokak Stili Ceket;Moda;Sokak Stili;Levi's;1920.68;Cocuk;90
488;Pegasus Kisisel Gelisim Romanı/Kitabı;Kitap;Kisisel Gelisim;Pegasus;396.97;Yetiskin;17
489;Audio-Technica Analog Pikap;Muzik;Analog;Audio-Technica;5472.96;Cocuk;99
490;Fisher-Price Klasik Koleksiyonu;Oyuncak;Klasik;Fisher-Price;1658.38;Cocuk;84
491;Nike Sokak Stili Çanta;Moda;Sokak Stili;Nike;542.89;Cocuk;44
492;Dogan Kitap Kisisel Gelisim Romanı/Kitabı;Kitap;Kisisel Gelisim;Dogan Kitap;50.22;Genc;51
493;Beko Konfor Dekoratif Lamba;Ev-Yasam;Konfor;Beko;2342.12;Cocuk;26
494;3M Konfor Aksesuarı;Otomobil-Aksesuar;Konfor;3M;7100.31;Yasli;59
495;Apple Mobil Yasam Akıllı Saat;Teknoloji;Mobil Yasam;Apple;39648.29;Yasli;92
496;Dogan Kitap Edebiyat Romanı/Kitabı;Kitap;Edebiyat;Dogan Kitap;232.50;Genc;22
497;Spalding Outdoor Spor Çantası;Spor;Outdoor;Spalding;1507.67;Cocuk;86
498;Playmobil Egitici Seti;Oyuncak;Egitici;Playmobil;1260.76;Yasli;90
499;Canson El Sanatlari Koleksiyonu;Hobi-Sanat;El Sanatlari;Canson;3819.29;Cocuk;63
500;Sennheiser Analog Pikap;Muzik;Analog;Sennheiser;6678.49;Yasli;45
501;Reeves Resim Paketi;Hobi-Sanat;Resim;Reeves;1222.70;Cocuk;40
502;Alfa Yayinlari Tarih Romanı/Kitabı;Kitap;Tarih;Alfa Yayinlari;404.68;Yetiskin;28
503;Nike Klasik Parfüm;Moda;Klasik;Nike;370.86;Cocuk;80
504;Beko Konfor Nevresim Takımı;Ev-Yasam;Konfor;Beko;8277.64;Yasli;87
505;Philips Dekorasyon Dekoratif Lamba;Ev-Yasam;Dekorasyon;Philips;9461.69;Yasli;62
506;Bose Studyo Enstrüman;Muzik;Studyo;Bose;23441.84;Cocuk;71
507;Pebeo Resim Seti;Hobi-Sanat;Resim;Pebeo;3542.97;Genc;4
508;Fisher-Price Aksiyon Koleksiyonu;Oyuncak;Aksiyon;Fisher-Price;1635.62;Yetiskin;17
509;Metis Tarih Romanı/Kitabı;Kitap;Tarih;Metis;136.28;Genc;39
510;Is Bankasi Yayinlari Tarih Romanı/Kitabı;Kitap;Tarih;Is Bankasi Yayinlari;420.36;Genc;71
511;Marshall Sahne Enstrüman;Muzik;Sahne;Marshall;9742.86;Yetiskin;29
512;VTech Egitici Paketi;Oyuncak;Egitici;VTech;4143.22;Genc;32
513;Spin Master Aksiyon Koleksiyonu;Oyuncak;Aksiyon;Spin Master;3533.11;Genc;99
514;Maybelline Makyaj Nemlendirici;Kozmetik;Makyaj;Maybelline;688.26;Yasli;12
515;Moleskine El Sanatlari Seti;Hobi-Sanat;El Sanatlari;Moleskine;4614.13;Genc;11
516;Puma Aksesuar Saat;Moda;Aksesuar;Puma;1662.31;Genc;83
517;Pebeo Kirtasiye Koleksiyonu;Hobi-Sanat;Kirtasiye;Pebeo;2793.79;Cocuk;90
518;JBL Studyo Enstrüman;Muzik;Studyo;JBL;5795.83;Genc;65
519;Reeves El Sanatlari Paketi;Hobi-Sanat;El Sanatlari;Reeves;1783.67;Yetiskin;61
520;Yapi Kredi Tarih Romanı/Kitabı;Kitap;Tarih;Yapi Kredi;72.02;Genc;43
521;Everest Edebiyat Romanı/Kitabı;Kitap;Edebiyat;Everest;127.35;Cocuk;83
522;Dell Yazilim Bilgisayar;Teknoloji;Yazilim;Dell;5986.72;Yasli;91
523;Metis Tarih Romanı/Kitabı;Kitap;Tarih;Metis;410.18;Cocuk;34
524;MGA Entertainment Aksiyon Paketi;Oyuncak;Aksiyon;MGA Entertainment;734.20;Genc;9
525;Spalding Outdoor Koşu Ayakkabısı;Spor;Outdoor;Spalding;7030.75;Cocuk;14
526;Chanel Bakim Nemlendirici;Kozmetik;Bakim;Chanel;348.26;Cocuk;99
527;Castrol Guvenlik Aksesuarı;Otomobil-Aksesuar;Guvenlik;Castrol;5255.04;Genc;92
528;Is Bankasi Yayinlari Kisisel Gelisim Romanı/Kitabı;Kitap;Kisisel Gelisim;Is Bankasi Yayinlari;472.58;Yasli;4
529;H&M Aksesuar Saat;Moda;Aksesuar;H&M;5778.47;Yetiskin;15
530;Reeves Resim Koleksiyonu;Hobi-Sanat;Resim;Reeves;876.99;Yetiskin;60
531;Pebeo El Sanatlari Seti;Hobi-Sanat;El Sanatlari;Pebeo;453.10;Yetiskin;59
532;Decathlon Fitness Antrenman Ekipmanı;Spor;Fitness;Decathlon;5515.44;Genc;89
533;Pasabahce Konfor Nevresim Takımı;Ev-Yasam;Konfor;Pasabahce;450.75;Yasli;42
534;Corsair E-Spor Paketi;Oyun;E-Spor;Corsair;1098.46;Yasli;22
535;Michelin Konfor Aksesuarı;Otomobil-Aksesuar;Konfor;Michelin;2841.47;Cocuk;55
536;Zowie Yayincilik Paketi;Oyun;Yayincilik;Zowie;218.77;Cocuk;13
537;Marshall Studyo Amfi;Muzik;Studyo;Marshall;2587.55;Yasli;100
538;Winsor Newton Resim Paketi;Hobi-Sanat;Resim;Winsor Newton;1222.16;Yasli;9
539;Zowie Retro Paketi;Oyun;Retro;Zowie;2851.00;Yetiskin;34
540;Columbia Outdoor Eşofman Takımı;Spor;Outdoor;Columbia;4879.31;Genc;45
541;Logitech Retro Paketi;Oyun;Retro;Logitech;2201.44;Yasli;67
542;Huawei Mobil Yasam Kulaklık;Teknoloji;Mobil Yasam;Huawei;15437.49;Yasli;86
543;MSI Yayincilik Paketi;Oyun;Yayincilik;MSI;850.20;Yasli;50
544;Sony Yazilim Bilgisayar;Teknoloji;Yazilim;Sony;43103.53;Yetiskin;11
545;Columbia Ekipman Spor Çantası;Spor;Ekipman;Columbia;7411.17;Genc;25
546;Faber-Castell Resim Seti;Hobi-Sanat;Resim;Faber-Castell;605.56;Cocuk;38
547;Derwent El Sanatlari Paketi;Hobi-Sanat;El Sanatlari;Derwent;4204.71;Genc;67
548;Puma Aksesuar Parfüm;Moda;Aksesuar;Puma;897.35;Cocuk;62
549;Goodyear Guvenlik Aksesuarı;Otomobil-Aksesuar;Guvenlik;Goodyear;2894.80;Cocuk;24
550;Metis Edebiyat Romanı/Kitabı;Kitap;Edebiyat;Metis;282.01;Yetiskin;40
551;Gigabyte Yayincilik Seti;Oyun;Yayincilik;Gigabyte;1895.07;Yetiskin;24
552;English Home Mutfak Kahve Makinesi;Ev-Yasam;Mutfak;English Home;9783.09;Yasli;24
553;Yamaha Studyo DJ Ekipmanı;Muzik;Studyo;Yamaha;5741.76;Genc;90
554;Gigabyte Retro Paketi;Oyun;Retro;Gigabyte;1777.78;Yetiskin;44
555;LOreal Bakim Cilt Serumu;Kozmetik;Bakim;LOreal;265.11;Yasli;22
556;Puma Sokak Stili Çanta;Moda;Sokak Stili;Puma;787.49;Genc;92
557;VTech Aksiyon Paketi;Oyuncak;Aksiyon;VTech;2707.28;Yasli;6
558;Nivea Parfum Nemlendirici;Kozmetik;Parfum;Nivea;566.71;Yasli;34
559;Wilson Fitness Koşu Ayakkabısı;Spor;Fitness;Wilson;3367.01;Yetiskin;47
560;Lacoste Sokak Stili Gözlük;Moda;Sokak Stili;Lacoste;4916.23;Yetiskin;85
561;Castelli Outdoor Antrenman Ekipmanı;Spor;Outdoor;Castelli;4937.64;Cocuk;82
562;Sparco Arac Bakimi Aksesuarı;Otomobil-Aksesuar;Arac Bakimi;Sparco;13437.51;Genc;24
563;Clinique Parfum Ruj;Kozmetik;Parfum;Clinique;1545.96;Yetiskin;10
564;English Home Dekorasyon Kahve Makinesi;Ev-Yasam;Dekorasyon;English Home;3821.38;Yetiskin;23
565;Huawei Mobil Yasam Akıllı Telefon;Teknoloji;Mobil Yasam;Huawei;17587.11;Cocuk;87
566;JBL Studyo DJ Ekipmanı;Muzik;Studyo;JBL;22374.23;Yetiskin;65
567;Asus Mobil Yasam Akıllı Telefon;Teknoloji;Mobil Yasam;Asus;20070.39;Cocuk;17
568;Gibson Sahne Enstrüman;Muzik;Sahne;Gibson;24218.95;Yasli;34
569;Fender Sahne DJ Ekipmanı;Muzik;Sahne;Fender;23396.05;Cocuk;100
570;Michelin Arac Bakimi Aksesuarı;Otomobil-Aksesuar;Arac Bakimi;Michelin;1326.87;Cocuk;18
571;Canson Kirtasiye Seti;Hobi-Sanat;Kirtasiye;Canson;4223.12;Cocuk;5
572;Canson Kirtasiye Koleksiyonu;Hobi-Sanat;Kirtasiye;Canson;4244.01;Yasli;57
573;Moleskine El Sanatlari Koleksiyonu;Hobi-Sanat;El Sanatlari;Moleskine;3792.54;Genc;4
574;Derwent El Sanatlari Seti;Hobi-Sanat;El Sanatlari;Derwent;592.54;Genc;6
575;Metis Tarih Romanı/Kitabı;Kitap;Tarih;Metis;389.90;Yetiskin;44
576;Burberry Aksesuar Gözlük;Moda;Aksesuar;Burberry;1879.79;Cocuk;58
577;Ikea Konfor Kahve Makinesi;Ev-Yasam;Konfor;Ikea;7716.62;Yasli;35
578;Lenovo Ev Ofis Akıllı Saat;Teknoloji;Ev Ofis;Lenovo;34599.98;Cocuk;77
579;Michelin Konfor Aksesuarı;Otomobil-Aksesuar;Konfor;Michelin;12940.06;Genc;11
580;Michelin Guvenlik Aksesuarı;Otomobil-Aksesuar;Guvenlik;Michelin;10228.65;Yetiskin;64
581;Daler Rowney Resim Koleksiyonu;Hobi-Sanat;Resim;Daler Rowney;4894.61;Yasli;63
582;Columbia Ekipman Eşofman Takımı;Spor;Ekipman;Columbia;1234.78;Genc;32
583;H&M Sokak Stili Saat;Moda;Sokak Stili;H&M;4403.33;Cocuk;63
584;Melissa Doug Egitici Seti;Oyuncak;Egitici;Melissa Doug;406.93;Genc;49
585;Nvidia Retro Seti;Oyun;Retro;Nvidia;1713.56;Yetiskin;57
586;Huawei Ev Ofis Bilgisayar;Teknoloji;Ev Ofis;Huawei;35666.62;Genc;57
587;Columbia Fitness Spor Çantası;Spor;Fitness;Columbia;606.26;Cocuk;48
588;Spin Master Klasik Paketi;Oyuncak;Klasik;Spin Master;1342.48;Genc;8
589;Lancome Parfum Nemlendirici;Kozmetik;Parfum;Lancome;1583.02;Yasli;83
590;Zowie Retro Seti;Oyun;Retro;Zowie;2700.83;Yasli;31
591;Columbia Ekipman Antrenman Ekipmanı;Spor;Ekipman;Columbia;1819.45;Yasli;39
592;Apple Yazilim Bilgisayar;Teknoloji;Yazilim;Apple;24687.19;Yetiskin;81
593;Salomon Fitness Spor Çantası;Spor;Fitness;Salomon;3132.46;Genc;95
594;Faber-Castell Kirtasiye Koleksiyonu;Hobi-Sanat;Kirtasiye;Faber-Castell;414.31;Yasli;80
595;English Home Mutfak Kahve Makinesi;Ev-Yasam;Mutfak;English Home;7309.17;Genc;54
596;Sephora Makyaj Göz Kalemi;Kozmetik;Makyaj;Sephora;448.54;Genc;72
597;Audio-Technica Analog Pikap;Muzik;Analog;Audio-Technica;5088.05;Cocuk;67
598;Meguiars Konfor Aksesuarı;Otomobil-Aksesuar;Konfor;Meguiars;14216.25;Genc;68
599;Chanel Bakim Göz Kalemi;Kozmetik;Bakim;Chanel;702.50;Cocuk;61
600;Nivea Makyaj Nemlendirici;Kozmetik;Makyaj;Nivea;1325.73;Yasli;16
601;Sparco Arac Bakimi Aksesuarı;Otomobil-Aksesuar;Arac Bakimi;Sparco;6809.42;Yasli;27
602;Ikea Konfor Robot Süpürge;Ev-Yasam;Konfor;Ikea;8906.79;Yetiskin;22
603;Burberry Klasik Ceket;Moda;Klasik;Burberry;3997.77;Genc;53
604;Razer Yayincilik Paketi;Oyun;Yayincilik;Razer;907.02;Cocuk;95
605;Dogan Kitap Tarih Romanı/Kitabı;Kitap;Tarih;Dogan Kitap;124.66;Yasli;69
606;Pasabahce Konfor Robot Süpürge;Ev-Yasam;Konfor;Pasabahce;9769.49;Yasli;1
607;Melissa Doug Aksiyon Paketi;Oyuncak;Aksiyon;Melissa Doug;4998.94;Cocuk;39
608;Karaca Dekorasyon Kahve Makinesi;Ev-Yasam;Dekorasyon;Karaca;6753.21;Yasli;100
609;Maybelline Makyaj Ruj;Kozmetik;Makyaj;Maybelline;433.54;Yetiskin;86
610;Sephora Makyaj Göz Kalemi;Kozmetik;Makyaj;Sephora;1641.09;Yasli;61
611;Pegasus Edebiyat Romanı/Kitabı;Kitap;Edebiyat;Pegasus;224.95;Yasli;78
612;Derwent Resim Seti;Hobi-Sanat;Resim;Derwent;2765.57;Yasli;14
613;Casio Sahne Pikap;Muzik;Sahne;Casio;8167.18;Yasli;25
614;Castrol Arac Bakimi Aksesuarı;Otomobil-Aksesuar;Arac Bakimi;Castrol;11089.34;Cocuk;89
615;Apple Yazilim Akıllı Telefon;Teknoloji;Yazilim;Apple;15401.26;Yetiskin;77
616;JBL Studyo Enstrüman;Muzik;Studyo;JBL;23361.93;Cocuk;4
617;Gibson Studyo Amfi;Muzik;Studyo;Gibson;6857.20;Yasli;37
618;Corsair Retro Koleksiyonu;Oyun;Retro;Corsair;238.12;Yetiskin;86
619;Meguiars Guvenlik Aksesuarı;Otomobil-Aksesuar;Guvenlik;Meguiars;5063.64;Yasli;73
620;Bosch Konfor Aksesuarı;Otomobil-Aksesuar;Konfor;Bosch;10079.49;Genc;61
621;Puma Aksesuar Parfüm;Moda;Aksesuar;Puma;4979.09;Genc;56
622;3M Guvenlik Aksesuarı;Otomobil-Aksesuar;Guvenlik;3M;1666.30;Yetiskin;92
623;Everest Kisisel Gelisim Romanı/Kitabı;Kitap;Kisisel Gelisim;Everest;388.40;Yasli;20
624;Decathlon Outdoor Antrenman Ekipmanı;Spor;Outdoor;Decathlon;1831.96;Genc;90
625;Goodyear Konfor Aksesuarı;Otomobil-Aksesuar;Konfor;Goodyear;2678.39;Genc;78
626;Prismacolor Resim Seti;Hobi-Sanat;Resim;Prismacolor;4425.65;Cocuk;63
627;Daler Rowney Kirtasiye Paketi;Hobi-Sanat;Kirtasiye;Daler Rowney;2730.32;Genc;52
628;Sparco Arac Bakimi Aksesuarı;Otomobil-Aksesuar;Arac Bakimi;Sparco;7568.84;Yasli;53
629;Faber-Castell Resim Seti;Hobi-Sanat;Resim;Faber-Castell;384.00;Genc;33
630;Nivea Makyaj Nemlendirici;Kozmetik;Makyaj;Nivea;983.35;Yetiskin;35
631;Philips Konfor Kahve Makinesi;Ev-Yasam;Konfor;Philips;9553.04;Yetiskin;8
632;Dogan Kitap Kisisel Gelisim Romanı/Kitabı;Kitap;Kisisel Gelisim;Dogan Kitap;310.90;Yetiskin;83
633;North Face Outdoor Koşu Ayakkabısı;Spor;Outdoor;North Face;2017.59;Genc;39
634;Faber-Castell El Sanatlari Paketi;Hobi-Sanat;El Sanatlari;Faber-Castell;1065.58;Genc;87
635;Marshall Studyo DJ Ekipmanı;Muzik;Studyo;Marshall;10827.40;Cocuk;72
636;HyperX E-Spor Seti;Oyun;E-Spor;HyperX;3312.26;Genc;41
637;Levi's Sokak Stili Çanta;Moda;Sokak Stili;Levi's;3304.14;Cocuk;88
638;Nintendo E-Spor Seti;Oyun;E-Spor;Nintendo;4577.35;Genc;90
639;Pebeo Kirtasiye Seti;Hobi-Sanat;Kirtasiye;Pebeo;4491.26;Yetiskin;93
640;H&M Klasik Ceket;Moda;Klasik;H&M;3653.24;Cocuk;17
641;Puma Klasik Parfüm;Moda;Klasik;Puma;5107.59;Yetiskin;53
642;Columbia Fitness Koşu Ayakkabısı;Spor;Fitness;Columbia;4068.39;Yasli;65
643;Levi's Aksesuar Çanta;Moda;Aksesuar;Levi's;4831.07;Yetiskin;67
644;Alfa Yayinlari Tarih Romanı/Kitabı;Kitap;Tarih;Alfa Yayinlari;78.69;Genc;56
645;Pioneer Arac Bakimi Aksesuarı;Otomobil-Aksesuar;Arac Bakimi;Pioneer;10190.51;Genc;87
646;Pegasus Edebiyat Romanı/Kitabı;Kitap;Edebiyat;Pegasus;104.99;Cocuk;93
647;HP Mobil Yasam Akıllı Saat;Teknoloji;Mobil Yasam;HP;7682.96;Yasli;66
648;Yamaha Sahne DJ Ekipmanı;Muzik;Sahne;Yamaha;20003.98;Cocuk;36
649;Corsair E-Spor Paketi;Oyun;E-Spor;Corsair;4912.44;Yetiskin;47
650;Continental Konfor Aksesuarı;Otomobil-Aksesuar;Konfor;Continental;8531.04;Yetiskin;74
651;Dogan Kitap Tarih Romanı/Kitabı;Kitap;Tarih;Dogan Kitap;325.46;Cocuk;50
652;Clinique Parfum Cilt Serumu;Kozmetik;Parfum;Clinique;487.17;Cocuk;86
653;Roland Studyo Amfi;Muzik;Studyo;Roland;5499.10;Genc;65
654;Casio Analog Enstrüman;Muzik;Analog;Casio;24550.08;Genc;82
655;Lenovo Mobil Yasam Akıllı Saat;Teknoloji;Mobil Yasam;Lenovo;17125.28;Genc;100
656;Sennheiser Sahne Pikap;Muzik;Sahne;Sennheiser;18878.18;Genc;24
657;Iletisim Kisisel Gelisim Romanı/Kitabı;Kitap;Kisisel Gelisim;Iletisim;117.08;Yasli;56
658;Pegasus Kisisel Gelisim Romanı/Kitabı;Kitap;Kisisel Gelisim;Pegasus;146.36;Cocuk;54
659;Beko Mutfak Robot Süpürge;Ev-Yasam;Mutfak;Beko;11192.80;Yetiskin;38
660;Spin Master Egitici Seti;Oyuncak;Egitici;Spin Master;142.85;Yasli;96
661;Apple Ev Ofis Kulaklık;Teknoloji;Ev Ofis;Apple;42876.50;Genc;95
662;Derwent El Sanatlari Paketi;Hobi-Sanat;El Sanatlari;Derwent;3236.47;Cocuk;13
663;Iletisim Edebiyat Romanı/Kitabı;Kitap;Edebiyat;Iletisim;427.17;Yasli;77
664;Yamaha Studyo DJ Ekipmanı;Muzik;Studyo;Yamaha;6041.87;Genc;27
665;Clinique Parfum Cilt Serumu;Kozmetik;Parfum;Clinique;1240.18;Yasli;93
666;Castelli Outdoor Koşu Ayakkabısı;Spor;Outdoor;Castelli;5021.72;Cocuk;75
667;Nvidia Yayincilik Paketi;Oyun;Yayincilik;Nvidia;4347.95;Yasli;31
668;Melissa Doug Aksiyon Seti;Oyuncak;Aksiyon;Melissa Doug;1931.12;Cocuk;2
669;Ikea Konfor Dekoratif Lamba;Ev-Yasam;Konfor;Ikea;8609.38;Yasli;82
670;Daler Rowney Resim Paketi;Hobi-Sanat;Resim;Daler Rowney;1397.17;Genc;7
671;Liquitex Kirtasiye Paketi;Hobi-Sanat;Kirtasiye;Liquitex;3839.17;Cocuk;45
672;Dell Ev Ofis Bilgisayar;Teknoloji;Ev Ofis;Dell;38834.76;Yetiskin;42
673;LEGO Aksiyon Seti;Oyuncak;Aksiyon;LEGO;2968.65;Cocuk;9
674;Dogan Kitap Kisisel Gelisim Romanı/Kitabı;Kitap;Kisisel Gelisim;Dogan Kitap;55.38;Yetiskin;90
675;MGA Entertainment Aksiyon Koleksiyonu;Oyuncak;Aksiyon;MGA Entertainment;208.82;Yasli;47
676;Mattel Egitici Paketi;Oyuncak;Egitici;Mattel;610.71;Yetiskin;20
677;SteelSeries E-Spor Seti;Oyun;E-Spor;SteelSeries;967.79;Yasli;50
678;Michelin Konfor Aksesuarı;Otomobil-Aksesuar;Konfor;Michelin;7635.91;Yetiskin;65
679;Goodyear Konfor Aksesuarı;Otomobil-Aksesuar;Konfor;Goodyear;12545.61;Cocuk;57
680;Bridgestone Konfor Aksesuarı;Otomobil-Aksesuar;Konfor;Bridgestone;13235.54;Yasli;37
681;Bosch Mutfak Nevresim Takımı;Ev-Yasam;Mutfak;Bosch;1725.62;Yetiskin;19
682;Lacoste Aksesuar Gözlük;Moda;Aksesuar;Lacoste;1950.73;Yasli;20
683;HyperX E-Spor Koleksiyonu;Oyun;E-Spor;HyperX;1111.50;Genc;11
684;Castelli Ekipman Spor Çantası;Spor;Ekipman;Castelli;2931.54;Cocuk;46
685;Liquitex El Sanatlari Koleksiyonu;Hobi-Sanat;El Sanatlari;Liquitex;2904.54;Cocuk;34
686;Reeves Resim Paketi;Hobi-Sanat;Resim;Reeves;2550.21;Yetiskin;52
687;LG Mobil Yasam Tablet;Teknoloji;Mobil Yasam;LG;27249.38;Yasli;16
688;MSI Retro Paketi;Oyun;Retro;MSI;3681.00;Yasli;85
689;Goodyear Konfor Aksesuarı;Otomobil-Aksesuar;Konfor;Goodyear;9478.85;Yetiskin;51
690;Everest Edebiyat Romanı/Kitabı;Kitap;Edebiyat;Everest;69.96;Yasli;67
691;Burberry Aksesuar Saat;Moda;Aksesuar;Burberry;5647.63;Cocuk;22
692;Gucci Aksesuar Ceket;Moda;Aksesuar;Gucci;518.21;Genc;87
693;Casio Sahne Pikap;Muzik;Sahne;Casio;16183.59;Cocuk;5
694;Karaca Dekorasyon Robot Süpürge;Ev-Yasam;Dekorasyon;Karaca;2711.44;Yetiskin;38
695;LEGO Klasik Seti;Oyuncak;Klasik;LEGO;2341.05;Yetiskin;66
696;Karaca Dekorasyon Dekoratif Lamba;Ev-Yasam;Dekorasyon;Karaca;764.83;Cocuk;16
697;HyperX Retro Seti;Oyun;Retro;HyperX;2764.01;Genc;58
698;MAC Makyaj Cilt Serumu;Kozmetik;Makyaj;MAC;1092.78;Yetiskin;17
699;Playmobil Aksiyon Koleksiyonu;Oyuncak;Aksiyon;Playmobil;3179.90;Cocuk;59
700;Reebok Ekipman Antrenman Ekipmanı;Spor;Ekipman;Reebok;7484.63;Genc;71
701;Clinique Bakim Cilt Serumu;Kozmetik;Bakim;Clinique;1586.92;Genc;70
702;Madame Coco Mutfak Dekoratif Lamba;Ev-Yasam;Mutfak;Madame Coco;10530.06;Genc;37
703;Bosch Mutfak Robot Süpürge;Ev-Yasam;Mutfak;Bosch;4366.56;Yetiskin;87
704;Everest Tarih Romanı/Kitabı;Kitap;Tarih;Everest;261.63;Cocuk;57
705;Levi's Klasik Çanta;Moda;Klasik;Levi's;2113.01;Yetiskin;65
706;Faber-Castell Resim Seti;Hobi-Sanat;Resim;Faber-Castell;1635.35;Cocuk;85
707;Liquitex Kirtasiye Koleksiyonu;Hobi-Sanat;Kirtasiye;Liquitex;4660.91;Yetiskin;96
708;Is Bankasi Yayinlari Tarih Romanı/Kitabı;Kitap;Tarih;Is Bankasi Yayinlari;433.92;Genc;75
709;Nvidia E-Spor Paketi;Oyun;E-Spor;Nvidia;3853.93;Genc;77
710;3M Konfor Aksesuarı;Otomobil-Aksesuar;Konfor;3M;12512.53;Yetiskin;75
711;Ikea Dekorasyon Nevresim Takımı;Ev-Yasam;Dekorasyon;Ikea;3877.04;Yasli;66
712;Gibson Analog Pikap;Muzik;Analog;Gibson;24951.63;Yasli;74
713;Marshall Analog DJ Ekipmanı;Muzik;Analog;Marshall;5484.19;Yasli;95
714;Mizuno Fitness Eşofman Takımı;Spor;Fitness;Mizuno;6625.97;Yasli;69
715;Canson El Sanatlari Koleksiyonu;Hobi-Sanat;El Sanatlari;Canson;196.39;Cocuk;66
716;Arzum Mutfak Dekoratif Lamba;Ev-Yasam;Mutfak;Arzum;9888.75;Yasli;98
717;Pegasus Tarih Romanı/Kitabı;Kitap;Tarih;Pegasus;309.39;Cocuk;91
718;Dell Yazilim Kulaklık;Teknoloji;Yazilim;Dell;39512.33;Cocuk;36
719;SteelSeries E-Spor Koleksiyonu;Oyun;E-Spor;SteelSeries;3983.83;Yetiskin;36
720;Burberry Aksesuar Saat;Moda;Aksesuar;Burberry;4579.09;Yetiskin;86
721;Mizuno Outdoor Eşofman Takımı;Spor;Outdoor;Mizuno;7123.33;Genc;45
722;Lancome Parfum Nemlendirici;Kozmetik;Parfum;Lancome;1270.89;Yasli;50
723;Pioneer Arac Bakimi Aksesuarı;Otomobil-Aksesuar;Arac Bakimi;Pioneer;9576.97;Yetiskin;20
724;Beko Mutfak Nevresim Takımı;Ev-Yasam;Mutfak;Beko;1824.88;Genc;28
725;Huawei Yazilim Akıllı Saat;Teknoloji;Yazilim;Huawei;17351.94;Cocuk;62
726;Iletisim Kisisel Gelisim Romanı/Kitabı;Kitap;Kisisel Gelisim;Iletisim;408.05;Yasli;30
727;3M Konfor Aksesuarı;Otomobil-Aksesuar;Konfor;3M;5611.86;Genc;35
728;Under Armour Ekipman Eşofman Takımı;Spor;Ekipman;Under Armour;3998.11;Cocuk;56
729;Nvidia E-Spor Seti;Oyun;E-Spor;Nvidia;1761.69;Yetiskin;11
730;North Face Fitness Eşofman Takımı;Spor;Fitness;North Face;5931.07;Yetiskin;80
731;Logitech Yayincilik Paketi;Oyun;Yayincilik;Logitech;3072.52;Cocuk;50
732;Karaca Konfor Nevresim Takımı;Ev-Yasam;Konfor;Karaca;8138.53;Yasli;68
733;Sennheiser Sahne Amfi;Muzik;Sahne;Sennheiser;7193.77;Cocuk;7
734;H&M Aksesuar Parfüm;Moda;Aksesuar;H&M;4466.48;Genc;74
735;Derwent Resim Seti;Hobi-Sanat;Resim;Derwent;2823.68;Cocuk;80
736;Pasabahce Dekorasyon Nevresim Takımı;Ev-Yasam;Dekorasyon;Pasabahce;9978.22;Yasli;13
737;Sparco Konfor Aksesuarı;Otomobil-Aksesuar;Konfor;Sparco;13068.20;Cocuk;52
738;Sennheiser Sahne Enstrüman;Muzik;Sahne;Sennheiser;9442.03;Genc;14
739;Bosch Guvenlik Aksesuarı;Otomobil-Aksesuar;Guvenlik;Bosch;12895.55;Yasli;90
740;3M Konfor Aksesuarı;Otomobil-Aksesuar;Konfor;3M;10190.20;Cocuk;86
741;Pebeo Kirtasiye Seti;Hobi-Sanat;Kirtasiye;Pebeo;2642.17;Cocuk;65
742;LG Mobil Yasam Kulaklık;Teknoloji;Mobil Yasam;LG;42571.45;Yasli;77
743;Casio Analog Pikap;Muzik;Analog;Casio;9520.81;Genc;20
744;Philips Konfor Dekoratif Lamba;Ev-Yasam;Konfor;Philips;7694.42;Cocuk;84
745;HP Mobil Yasam Akıllı Telefon;Teknoloji;Mobil Yasam;HP;14246.99;Yasli;18
746;Winsor Newton Kirtasiye Paketi;Hobi-Sanat;Kirtasiye;Winsor Newton;3484.93;Cocuk;58
747;Can Yayinlari Kisisel Gelisim Romanı/Kitabı;Kitap;Kisisel Gelisim;Can Yayinlari;155.34;Cocuk;68
748;LEGO Aksiyon Koleksiyonu;Oyuncak;Aksiyon;LEGO;2096.02;Yasli;4
749;Zowie E-Spor Koleksiyonu;Oyun;E-Spor;Zowie;839.51;Genc;37
750;Bridgestone Konfor Aksesuarı;Otomobil-Aksesuar;Konfor;Bridgestone;5769.62;Yetiskin;23
751;Arzum Konfor Dekoratif Lamba;Ev-Yasam;Konfor;Arzum;6469.06;Genc;72
752;Salomon Ekipman Eşofman Takımı;Spor;Ekipman;Salomon;5524.51;Yasli;74
753;Bridgestone Guvenlik Aksesuarı;Otomobil-Aksesuar;Guvenlik;Bridgestone;14061.79;Genc;75
754;MSI Retro Koleksiyonu;Oyun;Retro;MSI;4402.86;Yetiskin;93
755;Bridgestone Konfor Aksesuarı;Otomobil-Aksesuar;Konfor;Bridgestone;7252.01;Genc;4
756;Michelin Konfor Aksesuarı;Otomobil-Aksesuar;Konfor;Michelin;5069.69;Genc;40
757;Spin Master Egitici Seti;Oyuncak;Egitici;Spin Master;3929.53;Cocuk;93
758;Corsair Retro Paketi;Oyun;Retro;Corsair;1115.88;Yetiskin;3
759;Ikea Mutfak Nevresim Takımı;Ev-Yasam;Mutfak;Ikea;8684.47;Genc;75
760;Faber-Castell Kirtasiye Paketi;Hobi-Sanat;Kirtasiye;Faber-Castell;2672.23;Cocuk;20
761;Puma Sokak Stili Saat;Moda;Sokak Stili;Puma;1288.89;Genc;77
762;Gucci Sokak Stili Saat;Moda;Sokak Stili;Gucci;2276.53;Genc;86
763;Michelin Arac Bakimi Aksesuarı;Otomobil-Aksesuar;Arac Bakimi;Michelin;1923.61;Cocuk;41
764;Dell Mobil Yasam Bilgisayar;Teknoloji;Mobil Yasam;Dell;35317.13;Genc;93
765;Beko Konfor Kahve Makinesi;Ev-Yasam;Konfor;Beko;8981.21;Yetiskin;8
766;Prada Klasik Çanta;Moda;Klasik;Prada;3319.49;Yetiskin;72
767;Goodyear Konfor Aksesuarı;Otomobil-Aksesuar;Konfor;Goodyear;11306.51;Yetiskin;24
768;North Face Ekipman Eşofman Takımı;Spor;Ekipman;North Face;7390.36;Cocuk;53
769;Burberry Klasik Çanta;Moda;Klasik;Burberry;1686.41;Yetiskin;59
770;MSI Retro Koleksiyonu;Oyun;Retro;MSI;1721.99;Genc;82
771;Liquitex El Sanatlari Koleksiyonu;Hobi-Sanat;El Sanatlari;Liquitex;2584.09;Cocuk;54
772;Winsor Newton El Sanatlari Paketi;Hobi-Sanat;El Sanatlari;Winsor Newton;2458.96;Cocuk;93
773;Wilson Outdoor Eşofman Takımı;Spor;Outdoor;Wilson;7298.18;Yetiskin;55
774;Asus Yazilim Kulaklık;Teknoloji;Yazilim;Asus;29954.89;Cocuk;94
775;English Home Konfor Nevresim Takımı;Ev-Yasam;Konfor;English Home;11766.16;Yasli;73
776;Lenovo Yazilim Akıllı Saat;Teknoloji;Yazilim;Lenovo;22881.46;Yasli;68
777;Castrol Guvenlik Aksesuarı;Otomobil-Aksesuar;Guvenlik;Castrol;8567.29;Cocuk;31
778;North Face Ekipman Eşofman Takımı;Spor;Ekipman;North Face;1033.62;Yetiskin;53
779;HyperX Retro Paketi;Oyun;Retro;HyperX;3222.95;Yetiskin;63
780;Puma Aksesuar Çanta;Moda;Aksesuar;Puma;5653.53;Yetiskin;32
781;LG Yazilim Tablet;Teknoloji;Yazilim;LG;20587.95;Genc;96
782;Derwent Kirtasiye Seti;Hobi-Sanat;Kirtasiye;Derwent;3550.91;Yasli;46
783;Marshall Studyo Enstrüman;Muzik;Studyo;Marshall;23478.19;Cocuk;29
784;Sennheiser Sahne DJ Ekipmanı;Muzik;Sahne;Sennheiser;12727.89;Yasli;17
785;LOreal Makyaj Ruj;Kozmetik;Makyaj;LOreal;1679.49;Yetiskin;72
786;Gigabyte Yayincilik Koleksiyonu;Oyun;Yayincilik;Gigabyte;3202.75;Cocuk;35
787;Bosch Konfor Aksesuarı;Otomobil-Aksesuar;Konfor;Bosch;9881.27;Yasli;71
788;Dior Makyaj Göz Kalemi;Kozmetik;Makyaj;Dior;1008.46;Yetiskin;69
789;3M Arac Bakimi Aksesuarı;Otomobil-Aksesuar;Arac Bakimi;3M;14135.06;Yetiskin;85
790;Lancome Makyaj Nemlendirici;Kozmetik;Makyaj;Lancome;1271.63;Cocuk;16
791;Faber-Castell Kirtasiye Seti;Hobi-Sanat;Kirtasiye;Faber-Castell;4326.10;Genc;44
792;Hot Wheels Klasik Koleksiyonu;Oyuncak;Klasik;Hot Wheels;2920.31;Genc;49
793;Fisher-Price Klasik Koleksiyonu;Oyuncak;Klasik;Fisher-Price;1561.89;Yasli;41
794;Gigabyte Yayincilik Paketi;Oyun;Yayincilik;Gigabyte;444.17;Yasli;84
795;Sephora Bakim Nemlendirici;Kozmetik;Bakim;Sephora;1068.59;Genc;99
796;Samsung Mobil Yasam Akıllı Telefon;Teknoloji;Mobil Yasam;Samsung;30025.01;Genc;59
797;Asus Ev Ofis Bilgisayar;Teknoloji;Ev Ofis;Asus;28425.54;Cocuk;64
798;Sephora Makyaj Cilt Serumu;Kozmetik;Makyaj;Sephora;1742.02;Cocuk;40
799;Arzum Mutfak Dekoratif Lamba;Ev-Yasam;Mutfak;Arzum;4045.06;Yasli;39
800;Faber-Castell Resim Paketi;Hobi-Sanat;Resim;Faber-Castell;3005.42;Yasli;34
801;Fender Analog Pikap;Muzik;Analog;Fender;21726.57;Yetiskin;30
802;Zowie E-Spor Paketi;Oyun;E-Spor;Zowie;3904.79;Genc;68
803;Wilson Fitness Koşu Ayakkabısı;Spor;Fitness;Wilson;1556.51;Genc;4
804;Nike Klasik Gözlük;Moda;Klasik;Nike;2373.00;Genc;68
805;Chanel Makyaj Ruj;Kozmetik;Makyaj;Chanel;492.32;Cocuk;31
806;Everest Kisisel Gelisim Romanı/Kitabı;Kitap;Kisisel Gelisim;Everest;260.03;Cocuk;45
807;Sony Ev Ofis Tablet;Teknoloji;Ev Ofis;Sony;41607.20;Cocuk;84
808;Moleskine Resim Paketi;Hobi-Sanat;Resim;Moleskine;1020.37;Yetiskin;77
809;Logitech Yayincilik Koleksiyonu;Oyun;Yayincilik;Logitech;2613.35;Yasli;81
810;Ikea Konfor Kahve Makinesi;Ev-Yasam;Konfor;Ikea;3955.46;Yetiskin;10
811;Iletisim Tarih Romanı/Kitabı;Kitap;Tarih;Iletisim;126.87;Cocuk;65
812;North Face Fitness Eşofman Takımı;Spor;Fitness;North Face;6622.04;Genc;82
813;HP Yazilim Tablet;Teknoloji;Yazilim;HP;32371.59;Genc;91
814;Lancome Parfum Ruj;Kozmetik;Parfum;Lancome;1577.81;Genc;56
815;Dell Ev Ofis Akıllı Saat;Teknoloji;Ev Ofis;Dell;40473.57;Yetiskin;98
816;Nvidia Retro Seti;Oyun;Retro;Nvidia;3624.16;Yasli;46
817;Daler Rowney Resim Paketi;Hobi-Sanat;Resim;Daler Rowney;3358.38;Yasli;95
818;Daler Rowney Resim Paketi;Hobi-Sanat;Resim;Daler Rowney;2994.01;Cocuk;2
819;Beko Konfor Robot Süpürge;Ev-Yasam;Konfor;Beko;9046.43;Yetiskin;87
820;Maybelline Makyaj Cilt Serumu;Kozmetik;Makyaj;Maybelline;1532.39;Cocuk;82
821;Lancome Makyaj Göz Kalemi;Kozmetik;Makyaj;Lancome;760.17;Yetiskin;16
822;HP Yazilim Bilgisayar;Teknoloji;Yazilim;HP;24015.50;Yetiskin;86
823;Daler Rowney Kirtasiye Seti;Hobi-Sanat;Kirtasiye;Daler Rowney;3339.25;Cocuk;34
824;Yapi Kredi Edebiyat Romanı/Kitabı;Kitap;Edebiyat;Yapi Kredi;281.22;Genc;63
825;LG Yazilim Bilgisayar;Teknoloji;Yazilim;LG;5621.56;Yasli;91
826;Logitech Retro Koleksiyonu;Oyun;Retro;Logitech;3382.65;Cocuk;45
827;Nike Aksesuar Ceket;Moda;Aksesuar;Nike;984.59;Genc;58
828;Nivea Makyaj Nemlendirici;Kozmetik;Makyaj;Nivea;1128.57;Yetiskin;31
829;Clinique Makyaj Ruj;Kozmetik;Makyaj;Clinique;882.51;Yetiskin;15
830;Nivea Parfum Göz Kalemi;Kozmetik;Parfum;Nivea;1421.05;Genc;98
831;Metis Edebiyat Romanı/Kitabı;Kitap;Edebiyat;Metis;497.24;Genc;85
832;Moleskine Resim Koleksiyonu;Hobi-Sanat;Resim;Moleskine;4886.54;Genc;73
833;Maybelline Bakim Nemlendirici;Kozmetik;Bakim;Maybelline;656.65;Yetiskin;62
834;MAC Makyaj Ruj;Kozmetik;Makyaj;MAC;1893.94;Genc;53
835;North Face Fitness Eşofman Takımı;Spor;Fitness;North Face;1331.30;Yetiskin;16
836;Xiaomi Mobil Yasam Akıllı Saat;Teknoloji;Mobil Yasam;Xiaomi;7199.88;Genc;34
837;Mattel Aksiyon Seti;Oyuncak;Aksiyon;Mattel;1113.89;Yetiskin;87
838;Philips Konfor Nevresim Takımı;Ev-Yasam;Konfor;Philips;3525.67;Yetiskin;31
839;Spalding Fitness Spor Çantası;Spor;Fitness;Spalding;3796.22;Yasli;18
840;Lacoste Aksesuar Çanta;Moda;Aksesuar;Lacoste;5420.13;Yasli;78
841;Beko Dekorasyon Robot Süpürge;Ev-Yasam;Dekorasyon;Beko;10330.49;Yasli;62
842;LG Ev Ofis Kulaklık;Teknoloji;Ev Ofis;LG;31379.04;Cocuk;38
843;Samsung Mobil Yasam Akıllı Saat;Teknoloji;Mobil Yasam;Samsung;42141.96;Genc;22
844;Fender Studyo DJ Ekipmanı;Muzik;Studyo;Fender;10695.02;Yasli;70
845;Bosch Arac Bakimi Aksesuarı;Otomobil-Aksesuar;Arac Bakimi;Bosch;5813.07;Cocuk;95
846;Bridgestone Konfor Aksesuarı;Otomobil-Aksesuar;Konfor;Bridgestone;13927.68;Yetiskin;100
847;Spin Master Aksiyon Koleksiyonu;Oyuncak;Aksiyon;Spin Master;1699.38;Yasli;1
848;Pegasus Kisisel Gelisim Romanı/Kitabı;Kitap;Kisisel Gelisim;Pegasus;120.81;Genc;88
849;Nvidia Retro Koleksiyonu;Oyun;Retro;Nvidia;3411.14;Genc;12
850;Sony Yazilim Akıllı Saat;Teknoloji;Yazilim;Sony;30882.86;Yetiskin;39
851;Columbia Ekipman Spor Çantası;Spor;Ekipman;Columbia;5645.58;Cocuk;7
852;MAC Makyaj Ruj;Kozmetik;Makyaj;MAC;1836.57;Yetiskin;25
853;Bridgestone Konfor Aksesuarı;Otomobil-Aksesuar;Konfor;Bridgestone;10821.96;Yasli;34
854;Derwent El Sanatlari Koleksiyonu;Hobi-Sanat;El Sanatlari;Derwent;4260.13;Genc;56
855;MSI Retro Seti;Oyun;Retro;MSI;3191.07;Cocuk;14
856;Can Yayinlari Kisisel Gelisim Romanı/Kitabı;Kitap;Kisisel Gelisim;Can Yayinlari;96.56;Yetiskin;60
857;Sparco Guvenlik Aksesuarı;Otomobil-Aksesuar;Guvenlik;Sparco;3473.78;Yetiskin;28
858;Audio-Technica Sahne Pikap;Muzik;Sahne;Audio-Technica;21599.35;Yetiskin;37
859;Lacoste Aksesuar Saat;Moda;Aksesuar;Lacoste;3315.74;Genc;68
860;Playmobil Aksiyon Paketi;Oyuncak;Aksiyon;Playmobil;4922.57;Yetiskin;62
861;SteelSeries Yayincilik Paketi;Oyun;Yayincilik;SteelSeries;4344.15;Genc;39
862;SteelSeries E-Spor Seti;Oyun;E-Spor;SteelSeries;2538.46;Cocuk;23
863;Wilson Fitness Spor Çantası;Spor;Fitness;Wilson;1401.23;Yetiskin;35
864;Faber-Castell Resim Koleksiyonu;Hobi-Sanat;Resim;Faber-Castell;4383.56;Yasli;98
865;Fender Studyo DJ Ekipmanı;Muzik;Studyo;Fender;19864.92;Yetiskin;90
866;Fender Sahne DJ Ekipmanı;Muzik;Sahne;Fender;22749.02;Yetiskin;54
867;Reeves Kirtasiye Koleksiyonu;Hobi-Sanat;Kirtasiye;Reeves;2699.31;Cocuk;4
868;Arzum Dekorasyon Nevresim Takımı;Ev-Yasam;Dekorasyon;Arzum;1872.50;Yasli;54
869;Fisher-Price Egitici Paketi;Oyuncak;Egitici;Fisher-Price;1037.58;Yasli;85
870;Estee Lauder Bakim Cilt Serumu;Kozmetik;Bakim;Estee Lauder;1551.16;Yasli;63
871;Daler Rowney El Sanatlari Seti;Hobi-Sanat;El Sanatlari;Daler Rowney;3531.56;Yasli;82
872;Meguiars Guvenlik Aksesuarı;Otomobil-Aksesuar;Guvenlik;Meguiars;6686.87;Yasli;67
873;Asus Mobil Yasam Akıllı Telefon;Teknoloji;Mobil Yasam;Asus;17141.69;Yasli;61
874;MGA Entertainment Egitici Paketi;Oyuncak;Egitici;MGA Entertainment;664.82;Cocuk;27
875;Zowie E-Spor Koleksiyonu;Oyun;E-Spor;Zowie;2236.59;Yetiskin;12
876;Prada Sokak Stili Çanta;Moda;Sokak Stili;Prada;3943.22;Genc;84
877;Moleskine El Sanatlari Koleksiyonu;Hobi-Sanat;El Sanatlari;Moleskine;324.11;Yasli;96
878;Pasabahce Dekorasyon Robot Süpürge;Ev-Yasam;Dekorasyon;Pasabahce;8962.02;Yasli;20
879;Can Yayinlari Edebiyat Romanı/Kitabı;Kitap;Edebiyat;Can Yayinlari;114.59;Yasli;62
880;Burberry Klasik Çanta;Moda;Klasik;Burberry;4865.23;Genc;87
881;Meguiars Guvenlik Aksesuarı;Otomobil-Aksesuar;Guvenlik;Meguiars;4190.87;Cocuk;34
882;Reeves Resim Paketi;Hobi-Sanat;Resim;Reeves;3047.00;Yasli;51
883;Daler Rowney Resim Paketi;Hobi-Sanat;Resim;Daler Rowney;588.10;Cocuk;52
884;English Home Mutfak Dekoratif Lamba;Ev-Yasam;Mutfak;English Home;460.75;Genc;74
885;Levi's Klasik Gözlük;Moda;Klasik;Levi's;4945.85;Yasli;12
886;Bridgestone Guvenlik Aksesuarı;Otomobil-Aksesuar;Guvenlik;Bridgestone;238.93;Yasli;54
887;Apple Mobil Yasam Kulaklık;Teknoloji;Mobil Yasam;Apple;23999.63;Genc;44
888;Pasabahce Dekorasyon Dekoratif Lamba;Ev-Yasam;Dekorasyon;Pasabahce;3893.06;Genc;32
889;Alfa Yayinlari Edebiyat Romanı/Kitabı;Kitap;Edebiyat;Alfa Yayinlari;301.47;Yetiskin;82
890;Castelli Fitness Spor Çantası;Spor;Fitness;Castelli;7316.04;Yetiskin;50
891;Goodyear Arac Bakimi Aksesuarı;Otomobil-Aksesuar;Arac Bakimi;Goodyear;1163.72;Yasli;22
892;Sparco Arac Bakimi Aksesuarı;Otomobil-Aksesuar;Arac Bakimi;Sparco;9130.36;Genc;84
893;Bosch Guvenlik Aksesuarı;Otomobil-Aksesuar;Guvenlik;Bosch;10120.70;Yetiskin;50
894;Lacoste Sokak Stili Çanta;Moda;Sokak Stili;Lacoste;2423.98;Yasli;66
895;Mattel Egitici Paketi;Oyuncak;Egitici;Mattel;3319.98;Cocuk;87
896;English Home Dekorasyon Kahve Makinesi;Ev-Yasam;Dekorasyon;English Home;6391.63;Cocuk;53
897;Corsair E-Spor Paketi;Oyun;E-Spor;Corsair;3761.87;Genc;74
898;Fisher-Price Aksiyon Paketi;Oyuncak;Aksiyon;Fisher-Price;2853.54;Genc;72
899;Bosch Guvenlik Aksesuarı;Otomobil-Aksesuar;Guvenlik;Bosch;9295.55;Yetiskin;87
900;Gigabyte E-Spor Seti;Oyun;E-Spor;Gigabyte;4805.16;Yasli;76
901;Gigabyte Yayincilik Koleksiyonu;Oyun;Yayincilik;Gigabyte;4817.69;Yasli;42
902;Salomon Ekipman Koşu Ayakkabısı;Spor;Ekipman;Salomon;7444.72;Genc;52
903;Nvidia Yayincilik Seti;Oyun;Yayincilik;Nvidia;2614.71;Yetiskin;14
904;Fender Studyo Amfi;Muzik;Studyo;Fender;23087.67;Cocuk;35
905;Sennheiser Studyo Pikap;Muzik;Studyo;Sennheiser;10682.31;Yasli;26
906;Reeves Resim Seti;Hobi-Sanat;Resim;Reeves;1144.80;Yetiskin;65
907;Arzum Dekorasyon Robot Süpürge;Ev-Yasam;Dekorasyon;Arzum;10310.96;Cocuk;76
908;Michelin Arac Bakimi Aksesuarı;Otomobil-Aksesuar;Arac Bakimi;Michelin;397.66;Yasli;94
909;Zowie E-Spor Paketi;Oyun;E-Spor;Zowie;2706.00;Genc;67
910;VTech Aksiyon Seti;Oyuncak;Aksiyon;VTech;2450.41;Genc;99
911;Columbia Outdoor Koşu Ayakkabısı;Spor;Outdoor;Columbia;2240.68;Genc;43
912;Zowie Retro Koleksiyonu;Oyun;Retro;Zowie;1336.34;Genc;46
913;Pebeo Kirtasiye Seti;Hobi-Sanat;Kirtasiye;Pebeo;4277.44;Yasli;100
914;Everest Edebiyat Romanı/Kitabı;Kitap;Edebiyat;Everest;119.18;Yasli;24
915;Prismacolor Kirtasiye Paketi;Hobi-Sanat;Kirtasiye;Prismacolor;3352.08;Cocuk;60
916;Burberry Sokak Stili Çanta;Moda;Sokak Stili;Burberry;2431.85;Yasli;11
917;Huawei Ev Ofis Kulaklık;Teknoloji;Ev Ofis;Huawei;36941.01;Yasli;29
918;Bosch Konfor Aksesuarı;Otomobil-Aksesuar;Konfor;Bosch;13943.66;Yasli;71
919;Zowie Retro Koleksiyonu;Oyun;Retro;Zowie;1491.90;Yetiskin;45
920;Arzum Konfor Kahve Makinesi;Ev-Yasam;Konfor;Arzum;1895.26;Yetiskin;49
921;Yamaha Studyo DJ Ekipmanı;Muzik;Studyo;Yamaha;19399.31;Yetiskin;29
922;LOreal Bakim Ruj;Kozmetik;Bakim;LOreal;684.03;Yasli;33
923;Gucci Klasik Çanta;Moda;Klasik;Gucci;3376.73;Yasli;39
924;North Face Ekipman Koşu Ayakkabısı;Spor;Ekipman;North Face;1361.92;Yetiskin;41
925;Dogan Kitap Kisisel Gelisim Romanı/Kitabı;Kitap;Kisisel Gelisim;Dogan Kitap;383.91;Genc;11
926;Playmobil Aksiyon Koleksiyonu;Oyuncak;Aksiyon;Playmobil;525.47;Genc;60
927;Is Bankasi Yayinlari Kisisel Gelisim Romanı/Kitabı;Kitap;Kisisel Gelisim;Is Bankasi Yayinlari;330.11;Genc;65
928;Winsor Newton Kirtasiye Koleksiyonu;Hobi-Sanat;Kirtasiye;Winsor Newton;802.15;Cocuk;47
929;MAC Makyaj Cilt Serumu;Kozmetik;Makyaj;MAC;1595.28;Cocuk;48
930;Nintendo Yayincilik Seti;Oyun;Yayincilik;Nintendo;2053.98;Yasli;28
931;Burberry Klasik Gözlük;Moda;Klasik;Burberry;3800.53;Yasli;25
932;Castrol Guvenlik Aksesuarı;Otomobil-Aksesuar;Guvenlik;Castrol;3344.67;Yasli;81
933;Nivea Makyaj Göz Kalemi;Kozmetik;Makyaj;Nivea;456.78;Yetiskin;71
934;Maybelline Parfum Ruj;Kozmetik;Parfum;Maybelline;1340.93;Yasli;72
935;MAC Bakim Göz Kalemi;Kozmetik;Bakim;MAC;158.61;Yasli;66
936;HyperX Yayincilik Paketi;Oyun;Yayincilik;HyperX;623.61;Yetiskin;83
937;Hot Wheels Egitici Koleksiyonu;Oyuncak;Egitici;Hot Wheels;4817.51;Genc;49
938;Yamaha Analog Enstrüman;Muzik;Analog;Yamaha;19945.23;Genc;59
939;Mizuno Ekipman Eşofman Takımı;Spor;Ekipman;Mizuno;3499.53;Yetiskin;42
940;Nvidia E-Spor Paketi;Oyun;E-Spor;Nvidia;2736.59;Yetiskin;19
941;Apple Yazilim Akıllı Telefon;Teknoloji;Yazilim;Apple;10400.50;Yetiskin;39
942;Everest Kisisel Gelisim Romanı/Kitabı;Kitap;Kisisel Gelisim;Everest;285.71;Yasli;93
943;Spalding Fitness Spor Çantası;Spor;Fitness;Spalding;7140.31;Cocuk;57
944;Razer Retro Paketi;Oyun;Retro;Razer;456.20;Yetiskin;69
945;Hot Wheels Egitici Koleksiyonu;Oyuncak;Egitici;Hot Wheels;4568.43;Cocuk;62
946;Lenovo Mobil Yasam Akıllı Telefon;Teknoloji;Mobil Yasam;Lenovo;14899.75;Genc;95
947;Sony Yazilim Kulaklık;Teknoloji;Yazilim;Sony;24188.69;Yetiskin;78
948;Bosch Guvenlik Aksesuarı;Otomobil-Aksesuar;Guvenlik;Bosch;14685.63;Cocuk;17
949;Metis Kisisel Gelisim Romanı/Kitabı;Kitap;Kisisel Gelisim;Metis;470.73;Yasli;7
950;Beko Konfor Dekoratif Lamba;Ev-Yasam;Konfor;Beko;6253.24;Genc;64
951;Adidas Sokak Stili Çanta;Moda;Sokak Stili;Adidas;5749.34;Yetiskin;77
952;Playmobil Egitici Koleksiyonu;Oyuncak;Egitici;Playmobil;2616.55;Yetiskin;98
953;3M Guvenlik Aksesuarı;Otomobil-Aksesuar;Guvenlik;3M;9181.07;Genc;93
954;Arzum Konfor Kahve Makinesi;Ev-Yasam;Konfor;Arzum;10588.23;Genc;54
955;Prismacolor Resim Paketi;Hobi-Sanat;Resim;Prismacolor;3538.06;Genc;10
956;Mizuno Ekipman Eşofman Takımı;Spor;Ekipman;Mizuno;875.91;Genc;77
957;MGA Entertainment Klasik Seti;Oyuncak;Klasik;MGA Entertainment;3016.62;Genc;33
958;Castrol Arac Bakimi Aksesuarı;Otomobil-Aksesuar;Arac Bakimi;Castrol;12878.75;Genc;58
959;Liquitex Kirtasiye Seti;Hobi-Sanat;Kirtasiye;Liquitex;4835.41;Yasli;12
960;Arzum Mutfak Nevresim Takımı;Ev-Yasam;Mutfak;Arzum;11738.56;Cocuk;96
961;Casio Sahne Amfi;Muzik;Sahne;Casio;3152.84;Genc;98
962;LOreal Parfum Göz Kalemi;Kozmetik;Parfum;LOreal;352.97;Cocuk;20
963;Burberry Klasik Çanta;Moda;Klasik;Burberry;1486.75;Genc;20
964;Continental Arac Bakimi Aksesuarı;Otomobil-Aksesuar;Arac Bakimi;Continental;7247.73;Yetiskin;91
965;Logitech Yayincilik Seti;Oyun;Yayincilik;Logitech;2040.03;Yetiskin;55
966;Casio Sahne Amfi;Muzik;Sahne;Casio;22481.99;Yetiskin;99
967;Yamaha Studyo Pikap;Muzik;Studyo;Yamaha;24684.53;Yetiskin;8
968;Mattel Egitici Koleksiyonu;Oyuncak;Egitici;Mattel;4696.78;Yasli;58
969;Apple Mobil Yasam Akıllı Saat;Teknoloji;Mobil Yasam;Apple;4674.24;Yasli;33
970;English Home Mutfak Nevresim Takımı;Ev-Yasam;Mutfak;English Home;10132.66;Genc;67
971;Karaca Dekorasyon Robot Süpürge;Ev-Yasam;Dekorasyon;Karaca;1023.75;Yetiskin;23
972;Nivea Bakim Cilt Serumu;Kozmetik;Bakim;Nivea;376.22;Cocuk;32
973;LG Yazilim Kulaklık;Teknoloji;Yazilim;LG;14070.11;Yasli;95
974;Prada Klasik Çanta;Moda;Klasik;Prada;5182.55;Yetiskin;4
975;Zowie Retro Seti;Oyun;Retro;Zowie;2109.46;Yasli;77
976;Pebeo Kirtasiye Seti;Hobi-Sanat;Kirtasiye;Pebeo;768.18;Yetiskin;64
977;Karaca Dekorasyon Kahve Makinesi;Ev-Yasam;Dekorasyon;Karaca;6827.59;Cocuk;61
978;Dogan Kitap Kisisel Gelisim Romanı/Kitabı;Kitap;Kisisel Gelisim;Dogan Kitap;227.48;Yasli;62
979;Spalding Fitness Eşofman Takımı;Spor;Fitness;Spalding;3929.58;Cocuk;22
980;Dogan Kitap Tarih Romanı/Kitabı;Kitap;Tarih;Dogan Kitap;487.28;Yasli;81
981;Michelin Konfor Aksesuarı;Otomobil-Aksesuar;Konfor;Michelin;4471.23;Yasli;22
982;Yamaha Sahne DJ Ekipmanı;Muzik;Sahne;Yamaha;11693.60;Yasli;91
983;Liquitex El Sanatlari Koleksiyonu;Hobi-Sanat;El Sanatlari;Liquitex;1080.29;Cocuk;60
984;Levi's Aksesuar Gözlük;Moda;Aksesuar;Levi's;2901.26;Genc;46
985;Spin Master Egitici Koleksiyonu;Oyuncak;Egitici;Spin Master;4623.32;Yetiskin;79
986;Winsor Newton Kirtasiye Seti;Hobi-Sanat;Kirtasiye;Winsor Newton;676.56;Yetiskin;59
987;Zara Klasik Gözlük;Moda;Klasik;Zara;3324.15;Yasli;39
988;Wilson Fitness Eşofman Takımı;Spor;Fitness;Wilson;3698.74;Genc;26
989;Nivea Bakim Cilt Serumu;Kozmetik;Bakim;Nivea;866.65;Genc;82
990;Pasabahce Konfor Dekoratif Lamba;Ev-Yasam;Konfor;Pasabahce;3177.03;Yasli;57
991;Fender Analog DJ Ekipmanı;Muzik;Analog;Fender;11771.08;Cocuk;90
992;Gigabyte Retro Koleksiyonu;Oyun;Retro;Gigabyte;2153.42;Yasli;58
993;Pebeo El Sanatlari Seti;Hobi-Sanat;El Sanatlari;Pebeo;1950.47;Genc;17
994;Logitech Retro Paketi;Oyun;Retro;Logitech;3535.12;Cocuk;88
995;Ikea Mutfak Kahve Makinesi;Ev-Yasam;Mutfak;Ikea;7300.36;Genc;47
996;Decathlon Ekipman Antrenman Ekipmanı;Spor;Ekipman;Decathlon;640.38;Yasli;46
997;Daler Rowney El Sanatlari Seti;Hobi-Sanat;El Sanatlari;Daler Rowney;3167.75;Yasli;74
998;Salomon Outdoor Antrenman Ekipmanı;Spor;Outdoor;Salomon;2561.73;Yasli;18
999;Liquitex El Sanatlari Seti;Hobi-Sanat;El Sanatlari;Liquitex;1853.00;Yasli;7
1000;Bosch Dekorasyon Nevresim Takımı;Ev-Yasam;Dekorasyon;Bosch;9660.12;Genc;2
1001;Pebeo Resim Seti;Hobi-Sanat;Resim;Pebeo;423.84;Cocuk;75
1002;Everest Kisisel Gelisim Romanı/Kitabı;Kitap;Kisisel Gelisim;Everest;122.51;Yetiskin;16
1003;MAC Makyaj Ruj;Kozmetik;Makyaj;MAC;1119.59;Yasli;50
1004;Wilson Fitness Eşofman Takımı;Spor;Fitness;Wilson;7806.98;Genc;60
1005;Spin Master Aksiyon Koleksiyonu;Oyuncak;Aksiyon;Spin Master;4119.19;Genc;10
1006;Philips Dekorasyon Kahve Makinesi;Ev-Yasam;Dekorasyon;Philips;4241.63;Genc;52
1007;Razer E-Spor Koleksiyonu;Oyun;E-Spor;Razer;4279.96;Yasli;16
1008;Spalding Fitness Eşofman Takımı;Spor;Fitness;Spalding;3900.97;Cocuk;72
1009;LG Yazilim Bilgisayar;Teknoloji;Yazilim;LG;29633.58;Cocuk;37
1010;Playmobil Klasik Koleksiyonu;Oyuncak;Klasik;Playmobil;1291.26;Genc;76
1011;Derwent Kirtasiye Koleksiyonu;Hobi-Sanat;Kirtasiye;Derwent;2725.95;Cocuk;60
1012;Castelli Ekipman Eşofman Takımı;Spor;Ekipman;Castelli;3486.35;Yetiskin;46
1013;Pebeo Resim Seti;Hobi-Sanat;Resim;Pebeo;1400.16;Yetiskin;51
1014;Moleskine Kirtasiye Koleksiyonu;Hobi-Sanat;Kirtasiye;Moleskine;2060.34;Genc;89
1015;Levi's Aksesuar Çanta;Moda;Aksesuar;Levi's;1049.07;Yetiskin;30
1016;Alfa Yayinlari Kisisel Gelisim Romanı/Kitabı;Kitap;Kisisel Gelisim;Alfa Yayinlari;432.27;Yetiskin;71
1017;HP Yazilim Bilgisayar;Teknoloji;Yazilim;HP;4804.11;Genc;53
1018;Dogan Kitap Edebiyat Romanı/Kitabı;Kitap;Edebiyat;Dogan Kitap;498.09;Yetiskin;26
1019;Reebok Fitness Antrenman Ekipmanı;Spor;Fitness;Reebok;1350.02;Genc;18
1020;Alfa Yayinlari Kisisel Gelisim Romanı/Kitabı;Kitap;Kisisel Gelisim;Alfa Yayinlari;82.95;Yasli;33
1021;Iletisim Edebiyat Romanı/Kitabı;Kitap;Edebiyat;Iletisim;164.23;Yetiskin;92
1022;Metis Kisisel Gelisim Romanı/Kitabı;Kitap;Kisisel Gelisim;Metis;241.60;Genc;80
1023;Huawei Ev Ofis Bilgisayar;Teknoloji;Ev Ofis;Huawei;9862.64;Yetiskin;10
1024;Spin Master Aksiyon Koleksiyonu;Oyuncak;Aksiyon;Spin Master;2428.20;Cocuk;30
1025;Pebeo El Sanatlari Paketi;Hobi-Sanat;El Sanatlari;Pebeo;1193.96;Yasli;73
1026;Spalding Fitness Antrenman Ekipmanı;Spor;Fitness;Spalding;7838.72;Yetiskin;95
1027;Zara Klasik Ceket;Moda;Klasik;Zara;5465.63;Yasli;39
1028;JBL Analog Pikap;Muzik;Analog;JBL;21857.60;Yetiskin;39
1029;Philips Dekorasyon Robot Süpürge;Ev-Yasam;Dekorasyon;Philips;6036.80;Yetiskin;45
1030;3M Guvenlik Aksesuarı;Otomobil-Aksesuar;Guvenlik;3M;598.02;Genc;89
1031;Salomon Fitness Antrenman Ekipmanı;Spor;Fitness;Salomon;5457.65;Genc;75
1032;Gucci Aksesuar Gözlük;Moda;Aksesuar;Gucci;3757.02;Cocuk;53
1033;Playmobil Klasik Paketi;Oyuncak;Klasik;Playmobil;981.34;Yetiskin;91
1034;Wilson Outdoor Koşu Ayakkabısı;Spor;Outdoor;Wilson;5463.39;Genc;5
1035;Tefal Dekorasyon Robot Süpürge;Ev-Yasam;Dekorasyon;Tefal;2792.00;Yasli;64
1036;Roland Sahne DJ Ekipmanı;Muzik;Sahne;Roland;19759.39;Yasli;50
1037;Michelin Konfor Aksesuarı;Otomobil-Aksesuar;Konfor;Michelin;1345.83;Yasli;87
1038;Bose Sahne DJ Ekipmanı;Muzik;Sahne;Bose;23369.22;Yetiskin;66
1039;Lenovo Mobil Yasam Tablet;Teknoloji;Mobil Yasam;Lenovo;31127.50;Yetiskin;15
1040;Sony Yazilim Bilgisayar;Teknoloji;Yazilim;Sony;13547.93;Cocuk;73
1041;Castelli Ekipman Spor Çantası;Spor;Ekipman;Castelli;7915.06;Genc;62
1042;Reeves Resim Koleksiyonu;Hobi-Sanat;Resim;Reeves;948.26;Yetiskin;96
1043;Roland Studyo Amfi;Muzik;Studyo;Roland;3829.59;Genc;2
1044;Zara Aksesuar Gözlük;Moda;Aksesuar;Zara;715.71;Yetiskin;94
1045;Puma Klasik Saat;Moda;Klasik;Puma;4258.70;Yasli;29
1046;Under Armour Ekipman Eşofman Takımı;Spor;Ekipman;Under Armour;5835.57;Yetiskin;3
1047;Meguiars Konfor Aksesuarı;Otomobil-Aksesuar;Konfor;Meguiars;7132.08;Yetiskin;12
1048;Casio Analog Pikap;Muzik;Analog;Casio;20877.05;Yetiskin;19
1049;Pebeo Kirtasiye Paketi;Hobi-Sanat;Kirtasiye;Pebeo;4673.85;Genc;3
1050;Madame Coco Mutfak Robot Süpürge;Ev-Yasam;Mutfak;Madame Coco;7152.64;Genc;4
1051;Sephora Bakim Ruj;Kozmetik;Bakim;Sephora;465.54;Yasli;41
1052;Yamaha Studyo DJ Ekipmanı;Muzik;Studyo;Yamaha;10963.51;Genc;82
1053;Nike Sokak Stili Gözlük;Moda;Sokak Stili;Nike;4177.00;Yetiskin;27
1054;Faber-Castell Resim Paketi;Hobi-Sanat;Resim;Faber-Castell;571.31;Yetiskin;94
1055;Estee Lauder Parfum Ruj;Kozmetik;Parfum;Estee Lauder;1172.76;Cocuk;28
1056;Zowie Yayincilik Seti;Oyun;Yayincilik;Zowie;497.20;Yasli;63
1057;Asus Yazilim Kulaklık;Teknoloji;Yazilim;Asus;6340.19;Yetiskin;89
1058;English Home Konfor Dekoratif Lamba;Ev-Yasam;Konfor;English Home;6261.14;Genc;83
1059;Asus Yazilim Tablet;Teknoloji;Yazilim;Asus;26632.61;Yetiskin;70
1060;Gucci Klasik Parfüm;Moda;Klasik;Gucci;1789.39;Yasli;86
1061;Iletisim Edebiyat Romanı/Kitabı;Kitap;Edebiyat;Iletisim;235.01;Cocuk;66
1062;VTech Egitici Seti;Oyuncak;Egitici;VTech;805.89;Yasli;33
1063;MGA Entertainment Egitici Seti;Oyuncak;Egitici;MGA Entertainment;3029.67;Yetiskin;72
1064;Adidas Klasik Parfüm;Moda;Klasik;Adidas;3484.73;Cocuk;26
1065;Yamaha Studyo Pikap;Muzik;Studyo;Yamaha;24811.85;Yasli;39
1066;Lancome Bakim Nemlendirici;Kozmetik;Bakim;Lancome;1951.87;Yasli;63
1067;Yapi Kredi Edebiyat Romanı/Kitabı;Kitap;Edebiyat;Yapi Kredi;133.03;Yetiskin;37
1068;English Home Mutfak Nevresim Takımı;Ev-Yasam;Mutfak;English Home;1117.91;Yasli;12
1069;Salomon Outdoor Eşofman Takımı;Spor;Outdoor;Salomon;2666.93;Genc;38
1070;Spin Master Klasik Paketi;Oyuncak;Klasik;Spin Master;2712.73;Genc;73
1071;Fender Sahne Pikap;Muzik;Sahne;Fender;5573.54;Cocuk;85
1072;Ikea Konfor Dekoratif Lamba;Ev-Yasam;Konfor;Ikea;6283.00;Cocuk;8
1073;Iletisim Edebiyat Romanı/Kitabı;Kitap;Edebiyat;Iletisim;475.28;Cocuk;79
1074;Pebeo Kirtasiye Seti;Hobi-Sanat;Kirtasiye;Pebeo;3822.69;Yasli;38
1075;English Home Mutfak Nevresim Takımı;Ev-Yasam;Mutfak;English Home;7722.38;Genc;51
1076;Yamaha Analog Amfi;Muzik;Analog;Yamaha;2108.97;Cocuk;6
1077;Everest Edebiyat Romanı/Kitabı;Kitap;Edebiyat;Everest;319.92;Yasli;89
1078;Daler Rowney Resim Paketi;Hobi-Sanat;Resim;Daler Rowney;4447.95;Yasli;59
1079;Lenovo Ev Ofis Kulaklık;Teknoloji;Ev Ofis;Lenovo;3272.40;Genc;24
1080;Spin Master Egitici Paketi;Oyuncak;Egitici;Spin Master;852.03;Yetiskin;32
1081;Gucci Klasik Gözlük;Moda;Klasik;Gucci;2367.54;Genc;67
1082;Samsung Yazilim Bilgisayar;Teknoloji;Yazilim;Samsung;38600.98;Yasli;83
1083;Sennheiser Studyo Amfi;Muzik;Studyo;Sennheiser;4204.42;Yetiskin;99
1084;Alfa Yayinlari Tarih Romanı/Kitabı;Kitap;Tarih;Alfa Yayinlari;472.98;Cocuk;95
1085;Casio Studyo Pikap;Muzik;Studyo;Casio;4358.76;Yetiskin;46
1086;Reeves Kirtasiye Koleksiyonu;Hobi-Sanat;Kirtasiye;Reeves;4652.91;Genc;46
1087;Playmobil Klasik Koleksiyonu;Oyuncak;Klasik;Playmobil;3746.38;Yetiskin;73
1088;Mattel Klasik Paketi;Oyuncak;Klasik;Mattel;4477.01;Genc;30
1089;Decathlon Ekipman Eşofman Takımı;Spor;Ekipman;Decathlon;6693.61;Yasli;60
1090;Melissa Doug Klasik Paketi;Oyuncak;Klasik;Melissa Doug;4483.33;Genc;78
1091;Alfa Yayinlari Tarih Romanı/Kitabı;Kitap;Tarih;Alfa Yayinlari;275.47;Genc;99
1092;Ikea Konfor Kahve Makinesi;Ev-Yasam;Konfor;Ikea;8186.62;Cocuk;91
1093;Reeves Resim Seti;Hobi-Sanat;Resim;Reeves;4137.31;Yetiskin;39
1094;Columbia Outdoor Eşofman Takımı;Spor;Outdoor;Columbia;3135.64;Yasli;70
1095;Nike Sokak Stili Ceket;Moda;Sokak Stili;Nike;3634.75;Yasli;49
1096;Prada Klasik Gözlük;Moda;Klasik;Prada;4089.10;Yetiskin;28
1097;Liquitex Resim Koleksiyonu;Hobi-Sanat;Resim;Liquitex;2101.02;Genc;56
1098;Faber-Castell Resim Koleksiyonu;Hobi-Sanat;Resim;Faber-Castell;4829.04;Yetiskin;27
1099;Pasabahce Dekorasyon Dekoratif Lamba;Ev-Yasam;Dekorasyon;Pasabahce;7011.46;Yetiskin;82
1100;Sephora Parfum Göz Kalemi;Kozmetik;Parfum;Sephora;203.78;Yasli;18
1101;Pegasus Kisisel Gelisim Romanı/Kitabı;Kitap;Kisisel Gelisim;Pegasus;138.37;Yetiskin;17
1102;Is Bankasi Yayinlari Edebiyat Romanı/Kitabı;Kitap;Edebiyat;Is Bankasi Yayinlari;231.23;Yasli;18
1103;Daler Rowney El Sanatlari Seti;Hobi-Sanat;El Sanatlari;Daler Rowney;2745.91;Genc;14
1104;Audio-Technica Analog Amfi;Muzik;Analog;Audio-Technica;5987.31;Yasli;92
1105;MSI Yayincilik Koleksiyonu;Oyun;Yayincilik;MSI;3450.37;Yetiskin;90
1106;Zara Klasik Parfüm;Moda;Klasik;Zara;4806.78;Yetiskin;86
1107;Casio Studyo Amfi;Muzik;Studyo;Casio;22912.00;Yetiskin;65
1108;Continental Guvenlik Aksesuarı;Otomobil-Aksesuar;Guvenlik;Continental;13239.72;Cocuk;65
1109;Bosch Konfor Aksesuarı;Otomobil-Aksesuar;Konfor;Bosch;4556.17;Genc;49
1110;LG Yazilim Akıllı Saat;Teknoloji;Yazilim;LG;13802.60;Cocuk;31
1111;Dior Bakim Ruj;Kozmetik;Bakim;Dior;1783.96;Yasli;28
1112;Reebok Ekipman Antrenman Ekipmanı;Spor;Ekipman;Reebok;2150.41;Genc;81
1113;Dior Bakim Nemlendirici;Kozmetik;Bakim;Dior;582.96;Genc;56
1114;Nintendo Yayincilik Seti;Oyun;Yayincilik;Nintendo;2929.89;Cocuk;60
1115;Burberry Klasik Ceket;Moda;Klasik;Burberry;1382.79;Genc;45
1116;Clinique Bakim Cilt Serumu;Kozmetik;Bakim;Clinique;1427.35;Cocuk;49
1117;Liquitex Kirtasiye Seti;Hobi-Sanat;Kirtasiye;Liquitex;1263.12;Yasli;87
1118;Salomon Ekipman Antrenman Ekipmanı;Spor;Ekipman;Salomon;3297.84;Yetiskin;47
1119;Nvidia Retro Koleksiyonu;Oyun;Retro;Nvidia;2617.42;Genc;100
1120;Philips Mutfak Kahve Makinesi;Ev-Yasam;Mutfak;Philips;2344.50;Yasli;12
1121;Castelli Ekipman Antrenman Ekipmanı;Spor;Ekipman;Castelli;5505.34;Yetiskin;75
1122;Zowie Retro Koleksiyonu;Oyun;Retro;Zowie;1032.01;Genc;27
1123;Ithaki Kisisel Gelisim Romanı/Kitabı;Kitap;Kisisel Gelisim;Ithaki;469.40;Yasli;97
1124;English Home Mutfak Dekoratif Lamba;Ev-Yasam;Mutfak;English Home;7363.72;Cocuk;100
1125;Apple Mobil Yasam Akıllı Telefon;Teknoloji;Mobil Yasam;Apple;5425.56;Genc;98
1126;LG Yazilim Akıllı Saat;Teknoloji;Yazilim;LG;27591.21;Genc;50
1127;Gigabyte Yayincilik Koleksiyonu;Oyun;Yayincilik;Gigabyte;4819.17;Yasli;72
1128;Reebok Ekipman Spor Çantası;Spor;Ekipman;Reebok;6189.50;Yasli;51
1129;Nivea Makyaj Ruj;Kozmetik;Makyaj;Nivea;1681.65;Genc;13
1130;Nivea Parfum Cilt Serumu;Kozmetik;Parfum;Nivea;414.23;Cocuk;56
1131;Yamaha Sahne Pikap;Muzik;Sahne;Yamaha;23093.46;Yetiskin;41
1132;VTech Klasik Koleksiyonu;Oyuncak;Klasik;VTech;1404.18;Cocuk;48
1133;Xiaomi Yazilim Akıllı Saat;Teknoloji;Yazilim;Xiaomi;16326.07;Genc;93
1134;Castelli Fitness Antrenman Ekipmanı;Spor;Fitness;Castelli;1581.64;Genc;35
1135;Zara Sokak Stili Parfüm;Moda;Sokak Stili;Zara;4659.45;Cocuk;28
1136;Fisher-Price Aksiyon Seti;Oyuncak;Aksiyon;Fisher-Price;2459.21;Genc;61
1137;HyperX E-Spor Koleksiyonu;Oyun;E-Spor;HyperX;4999.38;Cocuk;69
1138;Karaca Konfor Nevresim Takımı;Ev-Yasam;Konfor;Karaca;5608.66;Cocuk;59
1139;Pebeo Resim Paketi;Hobi-Sanat;Resim;Pebeo;855.50;Genc;38
1140;JBL Studyo Pikap;Muzik;Studyo;JBL;18386.65;Yetiskin;10
1141;Columbia Outdoor Koşu Ayakkabısı;Spor;Outdoor;Columbia;7924.65;Yasli;37
1142;Asus Mobil Yasam Akıllı Saat;Teknoloji;Mobil Yasam;Asus;32934.23;Yasli;49
1143;Nike Klasik Çanta;Moda;Klasik;Nike;5145.46;Genc;6
1144;Corsair Retro Koleksiyonu;Oyun;Retro;Corsair;937.23;Yetiskin;86
1145;Bridgestone Guvenlik Aksesuarı;Otomobil-Aksesuar;Guvenlik;Bridgestone;14690.80;Yasli;65
1146;Clinique Bakim Ruj;Kozmetik;Bakim;Clinique;1160.54;Cocuk;26
1147;Meguiars Konfor Aksesuarı;Otomobil-Aksesuar;Konfor;Meguiars;8075.18;Yasli;83
1148;Prismacolor Resim Seti;Hobi-Sanat;Resim;Prismacolor;2089.48;Cocuk;53
1149;Karaca Mutfak Nevresim Takımı;Ev-Yasam;Mutfak;Karaca;3160.21;Yasli;80
1150;Audio-Technica Analog Pikap;Muzik;Analog;Audio-Technica;1913.54;Yasli;14
1151;Gibson Studyo Enstrüman;Muzik;Studyo;Gibson;11422.28;Yasli;12
1152;Tefal Konfor Robot Süpürge;Ev-Yasam;Konfor;Tefal;4485.52;Yasli;66
1153;Nike Klasik Gözlük;Moda;Klasik;Nike;3310.03;Cocuk;82
1154;Iletisim Kisisel Gelisim Romanı/Kitabı;Kitap;Kisisel Gelisim;Iletisim;93.67;Genc;92
1155;Wilson Fitness Eşofman Takımı;Spor;Fitness;Wilson;3674.38;Genc;50
1156;Sparco Guvenlik Aksesuarı;Otomobil-Aksesuar;Guvenlik;Sparco;13087.68;Yetiskin;99
1157;Nintendo Retro Paketi;Oyun;Retro;Nintendo;600.14;Yetiskin;72
1158;Fender Studyo Pikap;Muzik;Studyo;Fender;7273.61;Yetiskin;35
1159;Ikea Dekorasyon Kahve Makinesi;Ev-Yasam;Dekorasyon;Ikea;6878.18;Genc;68
1160;Nvidia Retro Seti;Oyun;Retro;Nvidia;3429.88;Yasli;12
1161;Mattel Klasik Koleksiyonu;Oyuncak;Klasik;Mattel;350.24;Cocuk;2
1162;Arzum Mutfak Kahve Makinesi;Ev-Yasam;Mutfak;Arzum;6939.55;Cocuk;3
1163;Prada Klasik Parfüm;Moda;Klasik;Prada;5353.01;Yasli;57
1164;Chanel Makyaj Nemlendirici;Kozmetik;Makyaj;Chanel;154.44;Yetiskin;33
1165;Castrol Arac Bakimi Aksesuarı;Otomobil-Aksesuar;Arac Bakimi;Castrol;8556.75;Yasli;93
1166;Canson Resim Paketi;Hobi-Sanat;Resim;Canson;3882.55;Yetiskin;41
1167;Daler Rowney Resim Paketi;Hobi-Sanat;Resim;Daler Rowney;4044.52;Cocuk;59
1168;Lacoste Klasik Ceket;Moda;Klasik;Lacoste;5538.43;Yetiskin;52
1169;Moleskine Resim Koleksiyonu;Hobi-Sanat;Resim;Moleskine;3830.68;Yetiskin;34
1170;Canson Resim Koleksiyonu;Hobi-Sanat;Resim;Canson;1638.28;Genc;80
1171;Spalding Outdoor Koşu Ayakkabısı;Spor;Outdoor;Spalding;4790.14;Yasli;4
1172;LEGO Klasik Paketi;Oyuncak;Klasik;LEGO;4577.04;Yetiskin;16
1173;Bridgestone Konfor Aksesuarı;Otomobil-Aksesuar;Konfor;Bridgestone;11494.51;Yetiskin;20
1174;Philips Dekorasyon Nevresim Takımı;Ev-Yasam;Dekorasyon;Philips;11482.66;Yetiskin;40
1175;Tefal Konfor Nevresim Takımı;Ev-Yasam;Konfor;Tefal;2450.61;Yetiskin;64
1176;Daler Rowney El Sanatlari Seti;Hobi-Sanat;El Sanatlari;Daler Rowney;613.22;Yetiskin;54
1177;Playmobil Egitici Seti;Oyuncak;Egitici;Playmobil;2005.80;Yetiskin;67
1178;Castrol Konfor Aksesuarı;Otomobil-Aksesuar;Konfor;Castrol;6293.70;Yetiskin;60
1179;MAC Makyaj Göz Kalemi;Kozmetik;Makyaj;MAC;1039.79;Yetiskin;31
1180;Everest Tarih Romanı/Kitabı;Kitap;Tarih;Everest;418.32;Yasli;64
1181;Lacoste Aksesuar Gözlük;Moda;Aksesuar;Lacoste;4886.02;Genc;90
1182;Salomon Fitness Eşofman Takımı;Spor;Fitness;Salomon;6987.70;Cocuk;53
1183;English Home Mutfak Robot Süpürge;Ev-Yasam;Mutfak;English Home;1752.66;Genc;7
1184;Karaca Mutfak Kahve Makinesi;Ev-Yasam;Mutfak;Karaca;2659.57;Yasli;92
1185;Prismacolor El Sanatlari Seti;Hobi-Sanat;El Sanatlari;Prismacolor;1927.12;Yasli;84
1186;Pegasus Tarih Romanı/Kitabı;Kitap;Tarih;Pegasus;71.35;Genc;61
1187;Meguiars Konfor Aksesuarı;Otomobil-Aksesuar;Konfor;Meguiars;14555.06;Cocuk;13
1188;Zowie Yayincilik Paketi;Oyun;Yayincilik;Zowie;4879.83;Yasli;93
1189;Salomon Fitness Spor Çantası;Spor;Fitness;Salomon;6208.53;Genc;58
1190;Karaca Mutfak Dekoratif Lamba;Ev-Yasam;Mutfak;Karaca;7137.76;Genc;9
1191;Huawei Mobil Yasam Kulaklık;Teknoloji;Mobil Yasam;Huawei;33947.37;Yasli;40
1192;LEGO Egitici Koleksiyonu;Oyuncak;Egitici;LEGO;4003.41;Yetiskin;83
1193;Nike Klasik Gözlük;Moda;Klasik;Nike;1805.71;Genc;39
1194;Castrol Konfor Aksesuarı;Otomobil-Aksesuar;Konfor;Castrol;9283.33;Genc;22
1195;Prismacolor Resim Seti;Hobi-Sanat;Resim;Prismacolor;490.82;Genc;27
1196;Reebok Fitness Spor Çantası;Spor;Fitness;Reebok;7778.41;Cocuk;82
1197;Zowie Yayincilik Seti;Oyun;Yayincilik;Zowie;2973.57;Yetiskin;47
1198;Daler Rowney Resim Koleksiyonu;Hobi-Sanat;Resim;Daler Rowney;952.60;Yetiskin;82
1199;Everest Edebiyat Romanı/Kitabı;Kitap;Edebiyat;Everest;88.23;Genc;86
1200;Pioneer Konfor Aksesuarı;Otomobil-Aksesuar;Konfor;Pioneer;14125.53;Genc;41
1201;HyperX Yayincilik Paketi;Oyun;Yayincilik;HyperX;1346.13;Genc;71
1202;Alfa Yayinlari Kisisel Gelisim Romanı/Kitabı;Kitap;Kisisel Gelisim;Alfa Yayinlari;68.49;Genc;15
1203;Reeves Kirtasiye Paketi;Hobi-Sanat;Kirtasiye;Reeves;4114.64;Genc;62
1204;Decathlon Ekipman Koşu Ayakkabısı;Spor;Ekipman;Decathlon;3924.05;Yetiskin;83
1205;Winsor Newton Resim Seti;Hobi-Sanat;Resim;Winsor Newton;2913.42;Yasli;26
1206;Beko Dekorasyon Nevresim Takımı;Ev-Yasam;Dekorasyon;Beko;1835.82;Yasli;30
1207;Bosch Arac Bakimi Aksesuarı;Otomobil-Aksesuar;Arac Bakimi;Bosch;8489.42;Yetiskin;27
1208;Wilson Outdoor Eşofman Takımı;Spor;Outdoor;Wilson;3574.52;Cocuk;69
1209;Gibson Sahne Amfi;Muzik;Sahne;Gibson;2781.47;Yasli;42
1210;LG Yazilim Akıllı Saat;Teknoloji;Yazilim;LG;18578.32;Yasli;63
1211;Can Yayinlari Edebiyat Romanı/Kitabı;Kitap;Edebiyat;Can Yayinlari;252.27;Yasli;88
1212;Pegasus Kisisel Gelisim Romanı/Kitabı;Kitap;Kisisel Gelisim;Pegasus;321.42;Genc;72
1213;Nvidia E-Spor Seti;Oyun;E-Spor;Nvidia;2649.94;Genc;88
1214;Marshall Studyo Pikap;Muzik;Studyo;Marshall;6716.45;Yetiskin;45
1215;Daler Rowney El Sanatlari Koleksiyonu;Hobi-Sanat;El Sanatlari;Daler Rowney;2619.16;Yasli;71
1216;Alfa Yayinlari Edebiyat Romanı/Kitabı;Kitap;Edebiyat;Alfa Yayinlari;138.02;Yasli;46
1217;Fender Analog Amfi;Muzik;Analog;Fender;3590.49;Cocuk;47
1218;Gibson Sahne Amfi;Muzik;Sahne;Gibson;13649.12;Yasli;87
1219;Lenovo Ev Ofis Kulaklık;Teknoloji;Ev Ofis;Lenovo;16966.52;Cocuk;13
1220;Dior Makyaj Ruj;Kozmetik;Makyaj;Dior;1425.26;Yetiskin;61
1221;Prada Klasik Saat;Moda;Klasik;Prada;4665.24;Yetiskin;20
1222;Beko Dekorasyon Robot Süpürge;Ev-Yasam;Dekorasyon;Beko;4620.64;Yetiskin;94
1223;Alfa Yayinlari Edebiyat Romanı/Kitabı;Kitap;Edebiyat;Alfa Yayinlari;425.04;Genc;25
1224;Wilson Ekipman Spor Çantası;Spor;Ekipman;Wilson;4985.36;Yetiskin;67
1225;Audio-Technica Sahne Enstrüman;Muzik;Sahne;Audio-Technica;23787.49;Yasli;17
1226;Can Yayinlari Tarih Romanı/Kitabı;Kitap;Tarih;Can Yayinlari;373.42;Cocuk;63
1227;Faber-Castell Resim Paketi;Hobi-Sanat;Resim;Faber-Castell;2269.93;Genc;43
1228;Estee Lauder Bakim Ruj;Kozmetik;Bakim;Estee Lauder;1463.59;Yetiskin;46
1229;JBL Studyo DJ Ekipmanı;Muzik;Studyo;JBL;18515.57;Genc;73
1230;Gucci Aksesuar Çanta;Moda;Aksesuar;Gucci;2340.52;Genc;83
1231;Nintendo Yayincilik Paketi;Oyun;Yayincilik;Nintendo;816.19;Genc;18
1232;Bose Analog DJ Ekipmanı;Muzik;Analog;Bose;8830.56;Cocuk;72
1233;Gibson Analog Pikap;Muzik;Analog;Gibson;16077.89;Cocuk;72
1234;Continental Arac Bakimi Aksesuarı;Otomobil-Aksesuar;Arac Bakimi;Continental;2971.36;Genc;9
1235;Zowie Retro Seti;Oyun;Retro;Zowie;3700.30;Yasli;72
1236;Reebok Fitness Koşu Ayakkabısı;Spor;Fitness;Reebok;2939.20;Genc;6
1237;Faber-Castell Kirtasiye Seti;Hobi-Sanat;Kirtasiye;Faber-Castell;4117.41;Yetiskin;70
1238;Samsung Mobil Yasam Akıllı Saat;Teknoloji;Mobil Yasam;Samsung;42592.79;Yetiskin;6
1239;Castrol Guvenlik Aksesuarı;Otomobil-Aksesuar;Guvenlik;Castrol;798.13;Yetiskin;58
1240;MAC Bakim Nemlendirici;Kozmetik;Bakim;MAC;1458.91;Yasli;71
1241;Gigabyte E-Spor Koleksiyonu;Oyun;E-Spor;Gigabyte;4534.98;Genc;48
1242;MSI Yayincilik Paketi;Oyun;Yayincilik;MSI;1891.11;Genc;58
1243;English Home Mutfak Robot Süpürge;Ev-Yasam;Mutfak;English Home;8166.15;Yasli;4
1244;Nintendo E-Spor Seti;Oyun;E-Spor;Nintendo;2569.04;Genc;8
1245;LEGO Klasik Koleksiyonu;Oyuncak;Klasik;LEGO;4981.87;Yasli;66
1246;Mattel Aksiyon Paketi;Oyuncak;Aksiyon;Mattel;1598.64;Cocuk;62
1247;Playmobil Aksiyon Koleksiyonu;Oyuncak;Aksiyon;Playmobil;3118.36;Genc;68
1248;Derwent Kirtasiye Paketi;Hobi-Sanat;Kirtasiye;Derwent;1556.11;Yasli;75
1249;Continental Konfor Aksesuarı;Otomobil-Aksesuar;Konfor;Continental;10397.77;Yasli;69
1250;LG Mobil Yasam Bilgisayar;Teknoloji;Mobil Yasam;LG;30504.64;Genc;48
1251;H&M Sokak Stili Saat;Moda;Sokak Stili;H&M;1904.52;Genc;55
1252;SteelSeries Retro Paketi;Oyun;Retro;SteelSeries;2130.69;Yetiskin;72
1253;Pegasus Edebiyat Romanı/Kitabı;Kitap;Edebiyat;Pegasus;139.01;Cocuk;18
1254;Nike Sokak Stili Gözlük;Moda;Sokak Stili;Nike;5555.14;Cocuk;61
1255;Salomon Fitness Eşofman Takımı;Spor;Fitness;Salomon;7992.71;Cocuk;47
1256;Lancome Bakim Ruj;Kozmetik;Bakim;Lancome;1270.67;Cocuk;80
1257;Faber-Castell Kirtasiye Koleksiyonu;Hobi-Sanat;Kirtasiye;Faber-Castell;1527.72;Yetiskin;32
1258;Arzum Dekorasyon Kahve Makinesi;Ev-Yasam;Dekorasyon;Arzum;1191.29;Yasli;72
1259;Wilson Fitness Eşofman Takımı;Spor;Fitness;Wilson;850.65;Genc;54
1260;Levi's Aksesuar Ceket;Moda;Aksesuar;Levi's;4382.12;Cocuk;24
1261;Hasbro Egitici Paketi;Oyuncak;Egitici;Hasbro;2513.86;Yasli;86
1262;3M Arac Bakimi Aksesuarı;Otomobil-Aksesuar;Arac Bakimi;3M;515.55;Genc;91
1263;Winsor Newton El Sanatlari Seti;Hobi-Sanat;El Sanatlari;Winsor Newton;2326.41;Genc;34
1264;Hot Wheels Egitici Paketi;Oyuncak;Egitici;Hot Wheels;1076.22;Yasli;30
1265;Iletisim Edebiyat Romanı/Kitabı;Kitap;Edebiyat;Iletisim;321.46;Cocuk;23
1266;Madame Coco Mutfak Kahve Makinesi;Ev-Yasam;Mutfak;Madame Coco;11783.13;Genc;3
1267;Prada Aksesuar Saat;Moda;Aksesuar;Prada;1419.64;Cocuk;53
1268;Gucci Aksesuar Parfüm;Moda;Aksesuar;Gucci;4277.43;Genc;32
1269;Mattel Klasik Seti;Oyuncak;Klasik;Mattel;3300.30;Yasli;44
1270;Lancome Parfum Göz Kalemi;Kozmetik;Parfum;Lancome;1668.33;Cocuk;98
1271;Faber-Castell Kirtasiye Koleksiyonu;Hobi-Sanat;Kirtasiye;Faber-Castell;3539.68;Genc;14
1272;Castrol Arac Bakimi Aksesuarı;Otomobil-Aksesuar;Arac Bakimi;Castrol;3111.68;Genc;60
1273;LEGO Klasik Seti;Oyuncak;Klasik;LEGO;470.49;Genc;83
1274;Castrol Arac Bakimi Aksesuarı;Otomobil-Aksesuar;Arac Bakimi;Castrol;11375.18;Cocuk;42
1275;H&M Klasik Saat;Moda;Klasik;H&M;754.32;Yasli;50
1276;Bosch Dekorasyon Robot Süpürge;Ev-Yasam;Dekorasyon;Bosch;5721.23;Yetiskin;12
1277;Xiaomi Mobil Yasam Kulaklık;Teknoloji;Mobil Yasam;Xiaomi;18099.85;Yetiskin;69
1278;Maybelline Makyaj Nemlendirici;Kozmetik;Makyaj;Maybelline;1550.96;Yetiskin;36
1279;Michelin Arac Bakimi Aksesuarı;Otomobil-Aksesuar;Arac Bakimi;Michelin;4355.04;Yetiskin;6
1280;Prada Aksesuar Gözlük;Moda;Aksesuar;Prada;4452.96;Cocuk;56
1281;Philips Dekorasyon Nevresim Takımı;Ev-Yasam;Dekorasyon;Philips;9602.73;Yetiskin;28
1282;MGA Entertainment Egitici Koleksiyonu;Oyuncak;Egitici;MGA Entertainment;581.32;Yasli;21
1283;LEGO Klasik Koleksiyonu;Oyuncak;Klasik;LEGO;117.78;Cocuk;22
1284;Levi's Klasik Ceket;Moda;Klasik;Levi's;760.90;Yasli;92
1285;Lenovo Ev Ofis Bilgisayar;Teknoloji;Ev Ofis;Lenovo;44900.68;Yetiskin;22
1286;MSI Retro Seti;Oyun;Retro;MSI;1378.32;Cocuk;44
1287;Prismacolor Resim Koleksiyonu;Hobi-Sanat;Resim;Prismacolor;3795.92;Yetiskin;5
1288;Audio-Technica Studyo Amfi;Muzik;Studyo;Audio-Technica;1847.19;Yetiskin;69
1289;Logitech Retro Seti;Oyun;Retro;Logitech;4552.23;Yetiskin;43
1290;Tefal Mutfak Dekoratif Lamba;Ev-Yasam;Mutfak;Tefal;10633.70;Yasli;11
1291;Yamaha Sahne DJ Ekipmanı;Muzik;Sahne;Yamaha;18514.15;Yasli;99
1292;Lenovo Mobil Yasam Tablet;Teknoloji;Mobil Yasam;Lenovo;24885.67;Yasli;86
1293;Castrol Guvenlik Aksesuarı;Otomobil-Aksesuar;Guvenlik;Castrol;3797.92;Cocuk;53
1294;Fisher-Price Egitici Koleksiyonu;Oyuncak;Egitici;Fisher-Price;4483.10;Cocuk;31
1295;Samsung Ev Ofis Akıllı Telefon;Teknoloji;Ev Ofis;Samsung;24407.90;Genc;29
1296;Reebok Outdoor Koşu Ayakkabısı;Spor;Outdoor;Reebok;6527.71;Yetiskin;81
1297;Asus Ev Ofis Kulaklık;Teknoloji;Ev Ofis;Asus;20703.14;Cocuk;92
1298;English Home Mutfak Dekoratif Lamba;Ev-Yasam;Mutfak;English Home;11600.56;Yetiskin;13
1299;Melissa Doug Egitici Seti;Oyuncak;Egitici;Melissa Doug;2408.46;Yasli;85
1300;Under Armour Fitness Antrenman Ekipmanı;Spor;Fitness;Under Armour;5906.34;Genc;82
1301;Pebeo Resim Koleksiyonu;Hobi-Sanat;Resim;Pebeo;1452.43;Yasli;38
1302;Dior Parfum Göz Kalemi;Kozmetik;Parfum;Dior;795.76;Genc;14
1303;Burberry Klasik Gözlük;Moda;Klasik;Burberry;2092.67;Yetiskin;13
1304;Nvidia Yayincilik Seti;Oyun;Yayincilik;Nvidia;2441.86;Genc;33
1305;Reebok Ekipman Antrenman Ekipmanı;Spor;Ekipman;Reebok;1114.72;Cocuk;98
1306;Metis Tarih Romanı/Kitabı;Kitap;Tarih;Metis;302.40;Cocuk;21
1307;Bosch Dekorasyon Nevresim Takımı;Ev-Yasam;Dekorasyon;Bosch;11223.51;Yasli;89
1308;Alfa Yayinlari Tarih Romanı/Kitabı;Kitap;Tarih;Alfa Yayinlari;355.24;Genc;52
1309;Maybelline Parfum Cilt Serumu;Kozmetik;Parfum;Maybelline;1997.03;Yetiskin;43
1310;Fender Studyo Enstrüman;Muzik;Studyo;Fender;4650.89;Cocuk;54
1311;3M Arac Bakimi Aksesuarı;Otomobil-Aksesuar;Arac Bakimi;3M;2924.81;Genc;98
1312;Clinique Bakim Nemlendirici;Kozmetik;Bakim;Clinique;900.61;Yetiskin;32
1313;LOreal Parfum Cilt Serumu;Kozmetik;Parfum;LOreal;1710.69;Yasli;49
1314;Nintendo E-Spor Koleksiyonu;Oyun;E-Spor;Nintendo;3436.51;Yasli;49
1315;Derwent Resim Paketi;Hobi-Sanat;Resim;Derwent;3248.98;Cocuk;35
1316;Daler Rowney Kirtasiye Paketi;Hobi-Sanat;Kirtasiye;Daler Rowney;4852.34;Genc;37
1317;Canson Resim Seti;Hobi-Sanat;Resim;Canson;4240.73;Genc;16
1318;Dell Mobil Yasam Bilgisayar;Teknoloji;Mobil Yasam;Dell;13191.92;Yetiskin;46
1319;LEGO Klasik Seti;Oyuncak;Klasik;LEGO;2170.42;Yasli;98
1320;Madame Coco Mutfak Dekoratif Lamba;Ev-Yasam;Mutfak;Madame Coco;11120.04;Yetiskin;97
1321;3M Konfor Aksesuarı;Otomobil-Aksesuar;Konfor;3M;8863.63;Yasli;74
1322;Samsung Ev Ofis Tablet;Teknoloji;Ev Ofis;Samsung;44634.60;Yetiskin;94
1323;Castelli Fitness Spor Çantası;Spor;Fitness;Castelli;3763.16;Yetiskin;34
1324;Lancome Makyaj Cilt Serumu;Kozmetik;Makyaj;Lancome;1536.33;Yetiskin;79
1325;Decathlon Fitness Eşofman Takımı;Spor;Fitness;Decathlon;7760.41;Cocuk;14
1326;English Home Mutfak Robot Süpürge;Ev-Yasam;Mutfak;English Home;6103.67;Yasli;15
1327;English Home Mutfak Dekoratif Lamba;Ev-Yasam;Mutfak;English Home;1504.32;Yetiskin;100
1328;Nintendo E-Spor Seti;Oyun;E-Spor;Nintendo;4070.42;Cocuk;96
1329;Estee Lauder Bakim Göz Kalemi;Kozmetik;Bakim;Estee Lauder;863.60;Cocuk;46
1330;Yapi Kredi Tarih Romanı/Kitabı;Kitap;Tarih;Yapi Kredi;127.45;Yasli;82
1331;Dogan Kitap Kisisel Gelisim Romanı/Kitabı;Kitap;Kisisel Gelisim;Dogan Kitap;201.22;Yetiskin;45
1332;Wilson Fitness Koşu Ayakkabısı;Spor;Fitness;Wilson;2372.20;Yetiskin;20
1333;Under Armour Ekipman Antrenman Ekipmanı;Spor;Ekipman;Under Armour;2102.53;Genc;34
1334;MGA Entertainment Egitici Paketi;Oyuncak;Egitici;MGA Entertainment;4931.08;Genc;64
1335;Fender Sahne Pikap;Muzik;Sahne;Fender;15543.86;Cocuk;66
1336;Madame Coco Mutfak Robot Süpürge;Ev-Yasam;Mutfak;Madame Coco;7251.37;Genc;91
1337;Prismacolor Resim Koleksiyonu;Hobi-Sanat;Resim;Prismacolor;281.18;Yetiskin;22
1338;Iletisim Kisisel Gelisim Romanı/Kitabı;Kitap;Kisisel Gelisim;Iletisim;278.75;Genc;41
1339;Nivea Bakim Cilt Serumu;Kozmetik;Bakim;Nivea;279.27;Yetiskin;35
1340;Maybelline Parfum Cilt Serumu;Kozmetik;Parfum;Maybelline;1102.21;Yetiskin;77
1341;Bosch Guvenlik Aksesuarı;Otomobil-Aksesuar;Guvenlik;Bosch;4181.70;Genc;88
1342;Tefal Mutfak Kahve Makinesi;Ev-Yasam;Mutfak;Tefal;8484.60;Yetiskin;97
1343;Prismacolor Kirtasiye Paketi;Hobi-Sanat;Kirtasiye;Prismacolor;4874.84;Yasli;78
1344;Dell Ev Ofis Bilgisayar;Teknoloji;Ev Ofis;Dell;36425.65;Yetiskin;27
1345;Daler Rowney El Sanatlari Seti;Hobi-Sanat;El Sanatlari;Daler Rowney;1020.73;Yasli;76
1346;Sennheiser Studyo DJ Ekipmanı;Muzik;Studyo;Sennheiser;16157.66;Yasli;8
1347;MGA Entertainment Klasik Koleksiyonu;Oyuncak;Klasik;MGA Entertainment;3895.85;Yasli;52
1348;LOreal Makyaj Göz Kalemi;Kozmetik;Makyaj;LOreal;1572.33;Yasli;31
1349;Clinique Bakim Nemlendirici;Kozmetik;Bakim;Clinique;373.05;Yetiskin;57
1350;H&M Sokak Stili Parfüm;Moda;Sokak Stili;H&M;644.88;Genc;10
1351;Bosch Konfor Aksesuarı;Otomobil-Aksesuar;Konfor;Bosch;2558.66;Genc;53
1352;Zara Klasik Gözlük;Moda;Klasik;Zara;5155.00;Genc;8
1353;Beko Mutfak Kahve Makinesi;Ev-Yasam;Mutfak;Beko;8498.17;Yetiskin;24
1354;Huawei Yazilim Akıllı Saat;Teknoloji;Yazilim;Huawei;7750.70;Yasli;57
1355;Tefal Konfor Kahve Makinesi;Ev-Yasam;Konfor;Tefal;6414.07;Yasli;42
1356;Logitech E-Spor Paketi;Oyun;E-Spor;Logitech;4740.44;Yetiskin;3
1357;Iletisim Kisisel Gelisim Romanı/Kitabı;Kitap;Kisisel Gelisim;Iletisim;255.60;Yetiskin;35
1358;Apple Mobil Yasam Akıllı Saat;Teknoloji;Mobil Yasam;Apple;42180.41;Yetiskin;1
1359;Spalding Ekipman Koşu Ayakkabısı;Spor;Ekipman;Spalding;4218.54;Yetiskin;56
1360;Madame Coco Mutfak Robot Süpürge;Ev-Yasam;Mutfak;Madame Coco;5190.67;Cocuk;67
1361;Sony Yazilim Akıllı Telefon;Teknoloji;Yazilim;Sony;17915.72;Cocuk;8
1362;Ithaki Edebiyat Romanı/Kitabı;Kitap;Edebiyat;Ithaki;277.03;Genc;65
1363;Pioneer Guvenlik Aksesuarı;Otomobil-Aksesuar;Guvenlik;Pioneer;12706.62;Yetiskin;81
1364;Under Armour Ekipman Antrenman Ekipmanı;Spor;Ekipman;Under Armour;1285.71;Cocuk;27
1365;Sephora Bakim Cilt Serumu;Kozmetik;Bakim;Sephora;971.85;Genc;65
1366;Sennheiser Analog Amfi;Muzik;Analog;Sennheiser;24957.30;Cocuk;78
1367;Nintendo Yayincilik Seti;Oyun;Yayincilik;Nintendo;4755.96;Genc;70
1368;Yamaha Sahne DJ Ekipmanı;Muzik;Sahne;Yamaha;8954.79;Yasli;78
1369;Karaca Konfor Robot Süpürge;Ev-Yasam;Konfor;Karaca;2823.65;Yetiskin;70
1370;Maybelline Makyaj Göz Kalemi;Kozmetik;Makyaj;Maybelline;1718.17;Yetiskin;40
1371;Casio Studyo Amfi;Muzik;Studyo;Casio;13200.03;Genc;84
1372;Under Armour Ekipman Eşofman Takımı;Spor;Ekipman;Under Armour;6294.33;Cocuk;51
1373;JBL Analog Enstrüman;Muzik;Analog;JBL;17212.97;Genc;50
1374;Roland Analog Enstrüman;Muzik;Analog;Roland;12277.81;Cocuk;82
1375;Derwent Kirtasiye Paketi;Hobi-Sanat;Kirtasiye;Derwent;2772.04;Yasli;67
1376;Canson El Sanatlari Paketi;Hobi-Sanat;El Sanatlari;Canson;4430.10;Cocuk;42
1377;Fisher-Price Klasik Seti;Oyuncak;Klasik;Fisher-Price;2274.70;Cocuk;85
1378;Gucci Klasik Gözlük;Moda;Klasik;Gucci;511.71;Genc;84
1379;Mattel Aksiyon Seti;Oyuncak;Aksiyon;Mattel;2953.58;Cocuk;99
1380;Pebeo Kirtasiye Koleksiyonu;Hobi-Sanat;Kirtasiye;Pebeo;626.53;Genc;40
1381;Arzum Mutfak Robot Süpürge;Ev-Yasam;Mutfak;Arzum;6266.07;Yasli;35
1382;JBL Analog Amfi;Muzik;Analog;JBL;21307.83;Yasli;70
1383;Yapi Kredi Edebiyat Romanı/Kitabı;Kitap;Edebiyat;Yapi Kredi;321.88;Cocuk;29
1384;Bosch Konfor Nevresim Takımı;Ev-Yasam;Konfor;Bosch;11514.61;Yetiskin;5
1385;Pioneer Arac Bakimi Aksesuarı;Otomobil-Aksesuar;Arac Bakimi;Pioneer;9464.61;Genc;64
1386;Philips Mutfak Dekoratif Lamba;Ev-Yasam;Mutfak;Philips;495.89;Cocuk;65
1387;Nike Klasik Gözlük;Moda;Klasik;Nike;527.14;Yasli;61
1388;North Face Fitness Eşofman Takımı;Spor;Fitness;North Face;4271.11;Yetiskin;18
1389;Lacoste Aksesuar Gözlük;Moda;Aksesuar;Lacoste;5148.58;Cocuk;75
1390;Alfa Yayinlari Tarih Romanı/Kitabı;Kitap;Tarih;Alfa Yayinlari;315.20;Yasli;30
1391;Dior Makyaj Ruj;Kozmetik;Makyaj;Dior;574.69;Yetiskin;3
1392;Pasabahce Dekorasyon Nevresim Takımı;Ev-Yasam;Dekorasyon;Pasabahce;5552.52;Genc;78
1393;Gigabyte E-Spor Seti;Oyun;E-Spor;Gigabyte;4060.14;Genc;98
1394;Yamaha Analog Pikap;Muzik;Analog;Yamaha;14552.87;Yetiskin;1
1395;Faber-Castell Kirtasiye Koleksiyonu;Hobi-Sanat;Kirtasiye;Faber-Castell;1374.46;Yasli;7
1396;Canson El Sanatlari Seti;Hobi-Sanat;El Sanatlari;Canson;2718.62;Cocuk;74
1397;Levi's Sokak Stili Parfüm;Moda;Sokak Stili;Levi's;1467.11;Yasli;13
1398;Nike Sokak Stili Saat;Moda;Sokak Stili;Nike;1318.93;Cocuk;15
1399;MGA Entertainment Aksiyon Paketi;Oyuncak;Aksiyon;MGA Entertainment;3363.53;Cocuk;73
1400;Continental Arac Bakimi Aksesuarı;Otomobil-Aksesuar;Arac Bakimi;Continental;9123.86;Yetiskin;3
1401;Maybelline Makyaj Göz Kalemi;Kozmetik;Makyaj;Maybelline;392.54;Genc;3
1402;Winsor Newton El Sanatlari Koleksiyonu;Hobi-Sanat;El Sanatlari;Winsor Newton;1328.28;Genc;29
1403;Karaca Dekorasyon Kahve Makinesi;Ev-Yasam;Dekorasyon;Karaca;6660.44;Genc;64
1404;Castelli Ekipman Eşofman Takımı;Spor;Ekipman;Castelli;4060.50;Yasli;32
1405;Zowie Yayincilik Koleksiyonu;Oyun;Yayincilik;Zowie;2414.32;Genc;68
1406;Chanel Makyaj Nemlendirici;Kozmetik;Makyaj;Chanel;1751.96;Yasli;45
1407;Lacoste Klasik Saat;Moda;Klasik;Lacoste;681.06;Genc;99
1408;Iletisim Kisisel Gelisim Romanı/Kitabı;Kitap;Kisisel Gelisim;Iletisim;210.98;Yetiskin;50
1409;Burberry Aksesuar Saat;Moda;Aksesuar;Burberry;5035.72;Cocuk;26
1410;Can Yayinlari Tarih Romanı/Kitabı;Kitap;Tarih;Can Yayinlari;143.86;Genc;63
1411;Decathlon Outdoor Eşofman Takımı;Spor;Outdoor;Decathlon;1953.43;Cocuk;20
1412;Canson Resim Koleksiyonu;Hobi-Sanat;Resim;Canson;650.70;Genc;71
1413;LG Ev Ofis Tablet;Teknoloji;Ev Ofis;LG;13108.66;Genc;59
1414;Winsor Newton El Sanatlari Koleksiyonu;Hobi-Sanat;El Sanatlari;Winsor Newton;2257.24;Yasli;39
1415;Logitech E-Spor Koleksiyonu;Oyun;E-Spor;Logitech;4729.14;Cocuk;59
1416;HyperX Yayincilik Paketi;Oyun;Yayincilik;HyperX;212.68;Yasli;27
1417;Bose Studyo Enstrüman;Muzik;Studyo;Bose;5603.44;Cocuk;80
1418;Wilson Ekipman Spor Çantası;Spor;Ekipman;Wilson;5918.09;Genc;20
1419;Madame Coco Dekorasyon Kahve Makinesi;Ev-Yasam;Dekorasyon;Madame Coco;2498.29;Yasli;80
1420;Audio-Technica Sahne Pikap;Muzik;Sahne;Audio-Technica;19684.82;Genc;40
1421;Is Bankasi Yayinlari Edebiyat Romanı/Kitabı;Kitap;Edebiyat;Is Bankasi Yayinlari;209.65;Yetiskin;23
1422;H&M Klasik Gözlük;Moda;Klasik;H&M;5068.12;Yasli;38
1423;Marshall Sahne Enstrüman;Muzik;Sahne;Marshall;13366.86;Genc;37
1424;Prada Klasik Gözlük;Moda;Klasik;Prada;5848.08;Cocuk;28
1425;Reebok Outdoor Spor Çantası;Spor;Outdoor;Reebok;7525.22;Yasli;37
1426;Marshall Analog Enstrüman;Muzik;Analog;Marshall;21798.44;Yasli;39
1427;Bose Sahne Pikap;Muzik;Sahne;Bose;11913.45;Genc;84
1428;Asus Mobil Yasam Kulaklık;Teknoloji;Mobil Yasam;Asus;29963.92;Yasli;95
1429;Goodyear Arac Bakimi Aksesuarı;Otomobil-Aksesuar;Arac Bakimi;Goodyear;6268.49;Cocuk;55
1430;Burberry Sokak Stili Gözlük;Moda;Sokak Stili;Burberry;4786.91;Cocuk;84
1431;Michelin Konfor Aksesuarı;Otomobil-Aksesuar;Konfor;Michelin;7152.79;Cocuk;7
1432;Mattel Egitici Seti;Oyuncak;Egitici;Mattel;4697.97;Yetiskin;15
1433;Daler Rowney El Sanatlari Paketi;Hobi-Sanat;El Sanatlari;Daler Rowney;2792.51;Yetiskin;90
1434;Under Armour Ekipman Eşofman Takımı;Spor;Ekipman;Under Armour;6500.11;Genc;62
1435;Metis Tarih Romanı/Kitabı;Kitap;Tarih;Metis;314.65;Cocuk;82
1436;Xiaomi Mobil Yasam Bilgisayar;Teknoloji;Mobil Yasam;Xiaomi;7308.96;Yasli;56
1437;Lacoste Aksesuar Gözlük;Moda;Aksesuar;Lacoste;2316.64;Cocuk;49
1438;HyperX Yayincilik Paketi;Oyun;Yayincilik;HyperX;2442.85;Yetiskin;61
1439;Asus Ev Ofis Akıllı Telefon;Teknoloji;Ev Ofis;Asus;40864.32;Genc;94
1440;Gigabyte E-Spor Paketi;Oyun;E-Spor;Gigabyte;956.75;Cocuk;54
1441;Sennheiser Studyo Amfi;Muzik;Studyo;Sennheiser;23398.55;Genc;15
1442;Lancome Bakim Göz Kalemi;Kozmetik;Bakim;Lancome;381.53;Yasli;16
1443;Mattel Klasik Seti;Oyuncak;Klasik;Mattel;2909.44;Genc;71
1444;Yamaha Studyo Enstrüman;Muzik;Studyo;Yamaha;21573.39;Yetiskin;3
1445;MGA Entertainment Egitici Koleksiyonu;Oyuncak;Egitici;MGA Entertainment;895.92;Genc;5
1446;Corsair Yayincilik Paketi;Oyun;Yayincilik;Corsair;2033.13;Genc;76
1447;Decathlon Fitness Eşofman Takımı;Spor;Fitness;Decathlon;3391.48;Genc;90
1448;English Home Dekorasyon Kahve Makinesi;Ev-Yasam;Dekorasyon;English Home;5802.12;Cocuk;43
1449;Ithaki Kisisel Gelisim Romanı/Kitabı;Kitap;Kisisel Gelisim;Ithaki;140.95;Yetiskin;82
1450;Maybelline Parfum Göz Kalemi;Kozmetik;Parfum;Maybelline;899.92;Cocuk;17
1451;SteelSeries Retro Seti;Oyun;Retro;SteelSeries;4192.05;Genc;89
1452;Metis Kisisel Gelisim Romanı/Kitabı;Kitap;Kisisel Gelisim;Metis;295.98;Genc;36
1453;Playmobil Egitici Koleksiyonu;Oyuncak;Egitici;Playmobil;2794.33;Yetiskin;76
1454;LOreal Makyaj Cilt Serumu;Kozmetik;Makyaj;LOreal;1420.20;Yetiskin;19
1455;Apple Yazilim Akıllı Saat;Teknoloji;Yazilim;Apple;28662.67;Yasli;33
1456;MAC Bakim Göz Kalemi;Kozmetik;Bakim;MAC;199.38;Yetiskin;95
1457;Sennheiser Analog DJ Ekipmanı;Muzik;Analog;Sennheiser;2857.40;Yetiskin;24
1458;Castelli Outdoor Koşu Ayakkabısı;Spor;Outdoor;Castelli;7267.37;Genc;56
1459;Canson El Sanatlari Koleksiyonu;Hobi-Sanat;El Sanatlari;Canson;1693.90;Cocuk;27
1460;MAC Bakim Nemlendirici;Kozmetik;Bakim;MAC;661.12;Genc;72
1461;3M Guvenlik Aksesuarı;Otomobil-Aksesuar;Guvenlik;3M;13612.56;Yetiskin;13
1462;Corsair Retro Paketi;Oyun;Retro;Corsair;3393.83;Yetiskin;39
1463;Can Yayinlari Kisisel Gelisim Romanı/Kitabı;Kitap;Kisisel Gelisim;Can Yayinlari;236.51;Genc;66
1464;Marshall Analog Enstrüman;Muzik;Analog;Marshall;2858.65;Cocuk;36
1465;Can Yayinlari Tarih Romanı/Kitabı;Kitap;Tarih;Can Yayinlari;379.95;Yetiskin;66
1466;MGA Entertainment Klasik Paketi;Oyuncak;Klasik;MGA Entertainment;4248.81;Cocuk;17
1467;Razer Yayincilik Seti;Oyun;Yayincilik;Razer;892.56;Cocuk;92
1468;Gibson Analog Enstrüman;Muzik;Analog;Gibson;8108.01;Cocuk;20
1469;Sparco Konfor Aksesuarı;Otomobil-Aksesuar;Konfor;Sparco;315.84;Cocuk;27
1470;JBL Studyo DJ Ekipmanı;Muzik;Studyo;JBL;23048.87;Yasli;60
1471;Philips Mutfak Dekoratif Lamba;Ev-Yasam;Mutfak;Philips;10246.85;Genc;3
1472;Lacoste Klasik Çanta;Moda;Klasik;Lacoste;4808.80;Genc;65
1473;Nike Sokak Stili Ceket;Moda;Sokak Stili;Nike;2819.94;Cocuk;82
1474;Beko Dekorasyon Nevresim Takımı;Ev-Yasam;Dekorasyon;Beko;6014.87;Genc;55
1475;Winsor Newton Kirtasiye Seti;Hobi-Sanat;Kirtasiye;Winsor Newton;3295.46;Yetiskin;38
1476;Pegasus Kisisel Gelisim Romanı/Kitabı;Kitap;Kisisel Gelisim;Pegasus;464.84;Cocuk;68
1477;Castrol Arac Bakimi Aksesuarı;Otomobil-Aksesuar;Arac Bakimi;Castrol;9066.04;Yetiskin;11
1478;Metis Tarih Romanı/Kitabı;Kitap;Tarih;Metis;386.41;Yetiskin;47
1479;Everest Tarih Romanı/Kitabı;Kitap;Tarih;Everest;350.21;Cocuk;29
1480;Xiaomi Mobil Yasam Kulaklık;Teknoloji;Mobil Yasam;Xiaomi;39369.85;Cocuk;77
1481;Puma Sokak Stili Parfüm;Moda;Sokak Stili;Puma;3301.55;Yetiskin;35
1482;Sparco Arac Bakimi Aksesuarı;Otomobil-Aksesuar;Arac Bakimi;Sparco;10575.13;Yasli;9
1483;Apple Yazilim Akıllı Saat;Teknoloji;Yazilim;Apple;31099.35;Yetiskin;46
1484;Under Armour Fitness Eşofman Takımı;Spor;Fitness;Under Armour;4726.02;Cocuk;56
1485;Reeves El Sanatlari Koleksiyonu;Hobi-Sanat;El Sanatlari;Reeves;999.21;Yetiskin;80
1486;LOreal Parfum Ruj;Kozmetik;Parfum;LOreal;411.02;Genc;31
1487;Pasabahce Mutfak Nevresim Takımı;Ev-Yasam;Mutfak;Pasabahce;8896.80;Genc;14
1488;Yapi Kredi Edebiyat Romanı/Kitabı;Kitap;Edebiyat;Yapi Kredi;257.33;Cocuk;51
1489;English Home Konfor Nevresim Takımı;Ev-Yasam;Konfor;English Home;10289.96;Genc;92
1490;Daler Rowney El Sanatlari Koleksiyonu;Hobi-Sanat;El Sanatlari;Daler Rowney;428.37;Genc;38
1491;Daler Rowney El Sanatlari Paketi;Hobi-Sanat;El Sanatlari;Daler Rowney;477.21;Cocuk;57
1492;Ithaki Tarih Romanı/Kitabı;Kitap;Tarih;Ithaki;462.66;Genc;12
1493;Lacoste Sokak Stili Saat;Moda;Sokak Stili;Lacoste;1319.74;Yetiskin;75
1494;HyperX E-Spor Koleksiyonu;Oyun;E-Spor;HyperX;239.81;Cocuk;24
1495;Lacoste Klasik Saat;Moda;Klasik;Lacoste;1201.34;Yetiskin;97
1496;Can Yayinlari Kisisel Gelisim Romanı/Kitabı;Kitap;Kisisel Gelisim;Can Yayinlari;106.36;Cocuk;11
1497;Hot Wheels Aksiyon Paketi;Oyuncak;Aksiyon;Hot Wheels;2584.86;Yasli;78
1498;Reebok Ekipman Spor Çantası;Spor;Ekipman;Reebok;1937.77;Yetiskin;26
1499;Pegasus Tarih Romanı/Kitabı;Kitap;Tarih;Pegasus;385.13;Genc;7
1500;Gibson Studyo Amfi;Muzik;Studyo;Gibson;5308.26;Yasli;92
1501;Melissa Doug Klasik Koleksiyonu;Oyuncak;Klasik;Melissa Doug;500.46;Yetiskin;30
1502;Prismacolor El Sanatlari Paketi;Hobi-Sanat;El Sanatlari;Prismacolor;4257.67;Genc;85
1503;Pasabahce Dekorasyon Nevresim Takımı;Ev-Yasam;Dekorasyon;Pasabahce;4590.22;Genc;88
1504;Levi's Sokak Stili Gözlük;Moda;Sokak Stili;Levi's;2969.31;Yasli;44
1505;Nintendo Retro Koleksiyonu;Oyun;Retro;Nintendo;1349.58;Yetiskin;9
1506;Pebeo El Sanatlari Koleksiyonu;Hobi-Sanat;El Sanatlari;Pebeo;1445.34;Yasli;96
1507;Ikea Konfor Kahve Makinesi;Ev-Yasam;Konfor;Ikea;2317.23;Genc;11
1508;Madame Coco Mutfak Robot Süpürge;Ev-Yasam;Mutfak;Madame Coco;1693.34;Cocuk;28
1509;Samsung Ev Ofis Kulaklık;Teknoloji;Ev Ofis;Samsung;20002.35;Yasli;33
1510;Fender Studyo Enstrüman;Muzik;Studyo;Fender;2640.30;Genc;76
1511;Adidas Klasik Çanta;Moda;Klasik;Adidas;3119.08;Genc;72
1512;Ithaki Edebiyat Romanı/Kitabı;Kitap;Edebiyat;Ithaki;63.42;Genc;19
1513;Sparco Arac Bakimi Aksesuarı;Otomobil-Aksesuar;Arac Bakimi;Sparco;11435.75;Yasli;87
1514;Spalding Ekipman Spor Çantası;Spor;Ekipman;Spalding;1793.91;Yetiskin;7
1515;Arzum Mutfak Robot Süpürge;Ev-Yasam;Mutfak;Arzum;3371.01;Cocuk;66
1516;Iletisim Edebiyat Romanı/Kitabı;Kitap;Edebiyat;Iletisim;324.69;Yasli;58
1517;Asus Ev Ofis Akıllı Saat;Teknoloji;Ev Ofis;Asus;34293.92;Yasli;86
1518;Zowie Retro Koleksiyonu;Oyun;Retro;Zowie;3071.82;Genc;49
1519;Salomon Outdoor Spor Çantası;Spor;Outdoor;Salomon;5419.84;Yetiskin;58
1520;Yamaha Analog DJ Ekipmanı;Muzik;Analog;Yamaha;14292.76;Yetiskin;9
1521;Lenovo Ev Ofis Tablet;Teknoloji;Ev Ofis;Lenovo;20436.53;Genc;80
1522;Casio Sahne Enstrüman;Muzik;Sahne;Casio;4011.91;Yasli;19
1523;Gibson Studyo Enstrüman;Muzik;Studyo;Gibson;6127.80;Yasli;48
1524;Continental Arac Bakimi Aksesuarı;Otomobil-Aksesuar;Arac Bakimi;Continental;14650.82;Cocuk;97
1525;Nike Klasik Saat;Moda;Klasik;Nike;2382.84;Cocuk;50
1526;Pegasus Kisisel Gelisim Romanı/Kitabı;Kitap;Kisisel Gelisim;Pegasus;462.99;Yetiskin;97
1527;Madame Coco Konfor Kahve Makinesi;Ev-Yasam;Konfor;Madame Coco;788.79;Yasli;33
1528;Reebok Ekipman Koşu Ayakkabısı;Spor;Ekipman;Reebok;1970.52;Yetiskin;48
1529;Nvidia Yayincilik Koleksiyonu;Oyun;Yayincilik;Nvidia;1956.33;Genc;55
1530;Zowie Retro Paketi;Oyun;Retro;Zowie;4766.30;Yetiskin;64
1531;Decathlon Fitness Eşofman Takımı;Spor;Fitness;Decathlon;7915.84;Cocuk;96
1532;VTech Klasik Paketi;Oyuncak;Klasik;VTech;4943.02;Genc;48
1533;Bridgestone Guvenlik Aksesuarı;Otomobil-Aksesuar;Guvenlik;Bridgestone;6579.35;Yasli;18
1534;Beko Mutfak Dekoratif Lamba;Ev-Yasam;Mutfak;Beko;10525.68;Cocuk;88
1535;Sephora Parfum Ruj;Kozmetik;Parfum;Sephora;525.65;Yasli;79
1536;Yapi Kredi Edebiyat Romanı/Kitabı;Kitap;Edebiyat;Yapi Kredi;125.49;Cocuk;78
1537;Under Armour Outdoor Koşu Ayakkabısı;Spor;Outdoor;Under Armour;5408.97;Yetiskin;35
1538;Hasbro Aksiyon Seti;Oyuncak;Aksiyon;Hasbro;1722.90;Yasli;63
1539;Derwent El Sanatlari Paketi;Hobi-Sanat;El Sanatlari;Derwent;4292.24;Genc;83
1540;Faber-Castell Kirtasiye Paketi;Hobi-Sanat;Kirtasiye;Faber-Castell;318.61;Yasli;99
1541;HyperX Yayincilik Koleksiyonu;Oyun;Yayincilik;HyperX;3432.41;Yasli;12
1542;Gibson Sahne Pikap;Muzik;Sahne;Gibson;19409.85;Yasli;20
1543;VTech Egitici Koleksiyonu;Oyuncak;Egitici;VTech;3356.78;Cocuk;41
1544;Apple Mobil Yasam Kulaklık;Teknoloji;Mobil Yasam;Apple;44495.54;Yetiskin;99
1545;Pebeo El Sanatlari Koleksiyonu;Hobi-Sanat;El Sanatlari;Pebeo;4127.47;Yasli;77
1546;Huawei Yazilim Akıllı Saat;Teknoloji;Yazilim;Huawei;26580.86;Cocuk;8
1547;Fisher-Price Aksiyon Koleksiyonu;Oyuncak;Aksiyon;Fisher-Price;3736.52;Yetiskin;69
1548;Mattel Klasik Koleksiyonu;Oyuncak;Klasik;Mattel;223.47;Yetiskin;5
1549;H&M Aksesuar Gözlük;Moda;Aksesuar;H&M;2297.90;Yasli;8
1550;Melissa Doug Egitici Paketi;Oyuncak;Egitici;Melissa Doug;4849.31;Yetiskin;69
1551;Everest Kisisel Gelisim Romanı/Kitabı;Kitap;Kisisel Gelisim;Everest;329.90;Yasli;2
1552;Pegasus Tarih Romanı/Kitabı;Kitap;Tarih;Pegasus;290.11;Yasli;28
1553;Corsair Yayincilik Koleksiyonu;Oyun;Yayincilik;Corsair;1883.97;Yasli;97
1554;Nvidia Retro Seti;Oyun;Retro;Nvidia;754.93;Yasli;21
1555;Clinique Makyaj Cilt Serumu;Kozmetik;Makyaj;Clinique;1219.50;Yetiskin;64
1556;Ikea Konfor Robot Süpürge;Ev-Yasam;Konfor;Ikea;8182.41;Cocuk;67
1557;Burberry Aksesuar Çanta;Moda;Aksesuar;Burberry;573.21;Genc;97
1558;Hot Wheels Egitici Koleksiyonu;Oyuncak;Egitici;Hot Wheels;3353.13;Cocuk;52
1559;Casio Sahne Pikap;Muzik;Sahne;Casio;23010.22;Genc;91
1560;Razer Yayincilik Seti;Oyun;Yayincilik;Razer;3544.26;Yetiskin;22
1561;Faber-Castell Resim Paketi;Hobi-Sanat;Resim;Faber-Castell;4933.63;Yetiskin;95
1562;English Home Dekorasyon Kahve Makinesi;Ev-Yasam;Dekorasyon;English Home;6437.03;Cocuk;29
1563;Bosch Konfor Robot Süpürge;Ev-Yasam;Konfor;Bosch;3615.74;Genc;96
1564;VTech Egitici Paketi;Oyuncak;Egitici;VTech;160.91;Cocuk;14
1565;Mizuno Ekipman Koşu Ayakkabısı;Spor;Ekipman;Mizuno;1492.26;Yetiskin;97
1566;3M Arac Bakimi Aksesuarı;Otomobil-Aksesuar;Arac Bakimi;3M;13065.17;Cocuk;54
1567;Samsung Ev Ofis Kulaklık;Teknoloji;Ev Ofis;Samsung;28827.78;Genc;33
1568;LG Mobil Yasam Akıllı Telefon;Teknoloji;Mobil Yasam;LG;21797.09;Genc;76
1569;Pegasus Tarih Romanı/Kitabı;Kitap;Tarih;Pegasus;386.04;Yasli;4
1570;Bose Studyo Pikap;Muzik;Studyo;Bose;3723.21;Genc;61
1571;English Home Dekorasyon Kahve Makinesi;Ev-Yasam;Dekorasyon;English Home;3038.36;Genc;91
1572;Spin Master Aksiyon Paketi;Oyuncak;Aksiyon;Spin Master;273.29;Yetiskin;45
1573;Sony Yazilim Akıllı Telefon;Teknoloji;Yazilim;Sony;8829.65;Yasli;68
1574;Goodyear Konfor Aksesuarı;Otomobil-Aksesuar;Konfor;Goodyear;8966.58;Cocuk;16
1575;Mizuno Outdoor Antrenman Ekipmanı;Spor;Outdoor;Mizuno;3717.44;Yasli;96
1576;Nintendo Retro Seti;Oyun;Retro;Nintendo;1530.49;Yasli;14
1577;Goodyear Arac Bakimi Aksesuarı;Otomobil-Aksesuar;Arac Bakimi;Goodyear;4802.66;Genc;84
1578;SteelSeries E-Spor Seti;Oyun;E-Spor;SteelSeries;2792.06;Cocuk;90
1579;Bridgestone Konfor Aksesuarı;Otomobil-Aksesuar;Konfor;Bridgestone;12426.01;Yasli;38
1580;Fender Sahne Pikap;Muzik;Sahne;Fender;15001.12;Yetiskin;76
1581;Columbia Ekipman Antrenman Ekipmanı;Spor;Ekipman;Columbia;876.92;Yetiskin;77
1582;Spalding Ekipman Koşu Ayakkabısı;Spor;Ekipman;Spalding;6267.70;Yasli;77
1583;Huawei Yazilim Akıllı Saat;Teknoloji;Yazilim;Huawei;43146.17;Yetiskin;53
1584;MAC Parfum Cilt Serumu;Kozmetik;Parfum;MAC;465.23;Yasli;88
1585;Arzum Mutfak Nevresim Takımı;Ev-Yasam;Mutfak;Arzum;9590.97;Yetiskin;9
1586;Derwent El Sanatlari Koleksiyonu;Hobi-Sanat;El Sanatlari;Derwent;3366.63;Yetiskin;71
1587;VTech Aksiyon Koleksiyonu;Oyuncak;Aksiyon;VTech;2537.11;Genc;52
1588;Liquitex Resim Seti;Hobi-Sanat;Resim;Liquitex;4745.85;Cocuk;51
1589;Spalding Ekipman Eşofman Takımı;Spor;Ekipman;Spalding;5993.74;Genc;69
1590;3M Konfor Aksesuarı;Otomobil-Aksesuar;Konfor;3M;7463.74;Cocuk;30
1591;Spin Master Egitici Koleksiyonu;Oyuncak;Egitici;Spin Master;608.30;Yetiskin;7
1592;Spalding Fitness Spor Çantası;Spor;Fitness;Spalding;1713.36;Genc;36
1593;Lancome Bakim Göz Kalemi;Kozmetik;Bakim;Lancome;856.83;Yetiskin;81
1594;SteelSeries Retro Seti;Oyun;Retro;SteelSeries;3796.89;Yasli;85
1595;Daler Rowney Kirtasiye Seti;Hobi-Sanat;Kirtasiye;Daler Rowney;2339.94;Yetiskin;41
1596;Karaca Konfor Nevresim Takımı;Ev-Yasam;Konfor;Karaca;2207.62;Yasli;94
1597;Hot Wheels Egitici Paketi;Oyuncak;Egitici;Hot Wheels;4679.64;Genc;1
1598;Castrol Arac Bakimi Aksesuarı;Otomobil-Aksesuar;Arac Bakimi;Castrol;5168.60;Genc;66
1599;Mattel Klasik Koleksiyonu;Oyuncak;Klasik;Mattel;1763.63;Yetiskin;39
1600;Ikea Dekorasyon Nevresim Takımı;Ev-Yasam;Dekorasyon;Ikea;3504.09;Yetiskin;88
1601;Hasbro Aksiyon Paketi;Oyuncak;Aksiyon;Hasbro;2506.70;Yasli;59
1602;Wilson Fitness Spor Çantası;Spor;Fitness;Wilson;6991.65;Yetiskin;33
1603;Roland Studyo Pikap;Muzik;Studyo;Roland;10964.53;Yasli;98
1604;Gucci Klasik Çanta;Moda;Klasik;Gucci;4520.73;Yasli;46
1605;Dogan Kitap Tarih Romanı/Kitabı;Kitap;Tarih;Dogan Kitap;403.05;Yasli;24
1606;Nintendo E-Spor Seti;Oyun;E-Spor;Nintendo;2358.22;Genc;97
1607;Playmobil Aksiyon Paketi;Oyuncak;Aksiyon;Playmobil;4051.11;Genc;22
1608;Moleskine Kirtasiye Paketi;Hobi-Sanat;Kirtasiye;Moleskine;106.01;Yetiskin;70
1609;Burberry Sokak Stili Saat;Moda;Sokak Stili;Burberry;5240.58;Yetiskin;62
1610;Bose Sahne Amfi;Muzik;Sahne;Bose;2221.65;Genc;25
1611;Sony Mobil Yasam Akıllı Saat;Teknoloji;Mobil Yasam;Sony;19941.61;Yetiskin;10
1612;Under Armour Ekipman Koşu Ayakkabısı;Spor;Ekipman;Under Armour;1930.92;Genc;58
1613;Spalding Fitness Spor Çantası;Spor;Fitness;Spalding;6214.39;Yetiskin;72
1614;Sparco Arac Bakimi Aksesuarı;Otomobil-Aksesuar;Arac Bakimi;Sparco;3495.35;Cocuk;42
1615;Moleskine Kirtasiye Paketi;Hobi-Sanat;Kirtasiye;Moleskine;1859.60;Genc;79
1616;Ikea Dekorasyon Dekoratif Lamba;Ev-Yasam;Dekorasyon;Ikea;8659.12;Yetiskin;1
1617;Spalding Ekipman Eşofman Takımı;Spor;Ekipman;Spalding;3935.35;Yetiskin;10
1618;Derwent Resim Koleksiyonu;Hobi-Sanat;Resim;Derwent;1551.07;Cocuk;75
1619;Dior Parfum Göz Kalemi;Kozmetik;Parfum;Dior;1173.42;Yasli;34
1620;Sephora Bakim Ruj;Kozmetik;Bakim;Sephora;1864.37;Yasli;5
1621;Roland Sahne Pikap;Muzik;Sahne;Roland;23600.79;Cocuk;89
1622;MAC Bakim Cilt Serumu;Kozmetik;Bakim;MAC;1896.71;Yetiskin;84
1623;Burberry Klasik Saat;Moda;Klasik;Burberry;4436.81;Genc;2
1624;Everest Tarih Romanı/Kitabı;Kitap;Tarih;Everest;199.38;Cocuk;58
1625;Apple Mobil Yasam Bilgisayar;Teknoloji;Mobil Yasam;Apple;33441.97;Cocuk;10
1626;Melissa Doug Aksiyon Seti;Oyuncak;Aksiyon;Melissa Doug;4637.52;Cocuk;69
1627;Playmobil Aksiyon Koleksiyonu;Oyuncak;Aksiyon;Playmobil;1601.46;Yasli;25
1628;Decathlon Outdoor Spor Çantası;Spor;Outdoor;Decathlon;6754.65;Yasli;13
1629;Lancome Bakim Cilt Serumu;Kozmetik;Bakim;Lancome;824.97;Yetiskin;36
1630;Gibson Studyo Amfi;Muzik;Studyo;Gibson;5915.90;Yetiskin;86
1631;3M Guvenlik Aksesuarı;Otomobil-Aksesuar;Guvenlik;3M;11414.92;Cocuk;61
1632;Winsor Newton El Sanatlari Koleksiyonu;Hobi-Sanat;El Sanatlari;Winsor Newton;2630.45;Yetiskin;14
1633;Lacoste Sokak Stili Çanta;Moda;Sokak Stili;Lacoste;844.82;Genc;33
1634;Decathlon Fitness Koşu Ayakkabısı;Spor;Fitness;Decathlon;3694.66;Yetiskin;72
1635;Logitech Retro Seti;Oyun;Retro;Logitech;4890.59;Cocuk;73
1636;Nintendo Yayincilik Seti;Oyun;Yayincilik;Nintendo;566.69;Cocuk;45
1637;Castrol Arac Bakimi Aksesuarı;Otomobil-Aksesuar;Arac Bakimi;Castrol;10664.83;Yasli;43
1638;Melissa Doug Aksiyon Paketi;Oyuncak;Aksiyon;Melissa Doug;1245.03;Cocuk;13
1639;3M Arac Bakimi Aksesuarı;Otomobil-Aksesuar;Arac Bakimi;3M;553.84;Yasli;94
1640;Gigabyte Retro Paketi;Oyun;Retro;Gigabyte;2798.69;Cocuk;30
1641;Nivea Bakim Ruj;Kozmetik;Bakim;Nivea;1122.92;Yasli;57
1642;Goodyear Guvenlik Aksesuarı;Otomobil-Aksesuar;Guvenlik;Goodyear;5830.91;Genc;6
1643;Spalding Fitness Koşu Ayakkabısı;Spor;Fitness;Spalding;3100.07;Yetiskin;87
1644;Alfa Yayinlari Kisisel Gelisim Romanı/Kitabı;Kitap;Kisisel Gelisim;Alfa Yayinlari;136.53;Yetiskin;85
1645;English Home Dekorasyon Dekoratif Lamba;Ev-Yasam;Dekorasyon;English Home;10495.61;Yetiskin;64
1646;Bridgestone Arac Bakimi Aksesuarı;Otomobil-Aksesuar;Arac Bakimi;Bridgestone;14381.13;Yasli;37
1647;Canson Resim Seti;Hobi-Sanat;Resim;Canson;500.92;Cocuk;20
1648;MSI Yayincilik Paketi;Oyun;Yayincilik;MSI;4193.36;Cocuk;32
1649;Nintendo Retro Seti;Oyun;Retro;Nintendo;4433.15;Yasli;78
1650;Wilson Fitness Koşu Ayakkabısı;Spor;Fitness;Wilson;7332.93;Yasli;78
1651;Madame Coco Konfor Kahve Makinesi;Ev-Yasam;Konfor;Madame Coco;1116.34;Cocuk;81
1652;Clinique Parfum Nemlendirici;Kozmetik;Parfum;Clinique;899.89;Yasli;86
1653;Iletisim Edebiyat Romanı/Kitabı;Kitap;Edebiyat;Iletisim;132.58;Yetiskin;11
1654;H&M Aksesuar Çanta;Moda;Aksesuar;H&M;3042.04;Yetiskin;39
1655;Ikea Mutfak Nevresim Takımı;Ev-Yasam;Mutfak;Ikea;1990.66;Cocuk;36
1656;Canson El Sanatlari Koleksiyonu;Hobi-Sanat;El Sanatlari;Canson;3008.47;Genc;90
1657;H&M Aksesuar Ceket;Moda;Aksesuar;H&M;5954.38;Cocuk;37
1658;MGA Entertainment Egitici Paketi;Oyuncak;Egitici;MGA Entertainment;4816.22;Cocuk;41
1659;Dogan Kitap Edebiyat Romanı/Kitabı;Kitap;Edebiyat;Dogan Kitap;92.15;Cocuk;36
1660;Maybelline Bakim Cilt Serumu;Kozmetik;Bakim;Maybelline;490.25;Cocuk;90
1661;Decathlon Outdoor Koşu Ayakkabısı;Spor;Outdoor;Decathlon;3140.48;Yasli;90
1662;Bridgestone Arac Bakimi Aksesuarı;Otomobil-Aksesuar;Arac Bakimi;Bridgestone;786.72;Cocuk;94
1663;Dell Yazilim Tablet;Teknoloji;Yazilim;Dell;26898.88;Cocuk;67
1664;Roland Analog Amfi;Muzik;Analog;Roland;7655.57;Genc;56
1665;Derwent El Sanatlari Koleksiyonu;Hobi-Sanat;El Sanatlari;Derwent;1950.90;Cocuk;53
1666;Roland Studyo Amfi;Muzik;Studyo;Roland;16108.02;Yetiskin;81
1667;Pasabahce Konfor Nevresim Takımı;Ev-Yasam;Konfor;Pasabahce;6143.21;Yetiskin;99
1668;Clinique Makyaj Göz Kalemi;Kozmetik;Makyaj;Clinique;1664.81;Cocuk;78
1669;HP Yazilim Bilgisayar;Teknoloji;Yazilim;HP;24214.74;Yasli;42
1670;MGA Entertainment Aksiyon Koleksiyonu;Oyuncak;Aksiyon;MGA Entertainment;2958.30;Yetiskin;49
1671;Fisher-Price Klasik Paketi;Oyuncak;Klasik;Fisher-Price;3672.29;Genc;82
1672;Bose Studyo DJ Ekipmanı;Muzik;Studyo;Bose;7126.31;Yasli;60
1673;Gibson Analog Amfi;Muzik;Analog;Gibson;9634.32;Genc;27
1674;Puma Klasik Parfüm;Moda;Klasik;Puma;5543.10;Genc;54
1675;Castelli Ekipman Spor Çantası;Spor;Ekipman;Castelli;7588.98;Yasli;23
1676;Is Bankasi Yayinlari Kisisel Gelisim Romanı/Kitabı;Kitap;Kisisel Gelisim;Is Bankasi Yayinlari;211.57;Yasli;3
1677;JBL Analog Pikap;Muzik;Analog;JBL;21824.44;Yetiskin;5
1678;JBL Studyo DJ Ekipmanı;Muzik;Studyo;JBL;7670.12;Yetiskin;75
1679;Arzum Mutfak Kahve Makinesi;Ev-Yasam;Mutfak;Arzum;6413.93;Yasli;3
1680;Arzum Konfor Kahve Makinesi;Ev-Yasam;Konfor;Arzum;3310.65;Yetiskin;37
1681;Prismacolor Resim Paketi;Hobi-Sanat;Resim;Prismacolor;3973.37;Genc;16
1682;Madame Coco Konfor Kahve Makinesi;Ev-Yasam;Konfor;Madame Coco;8378.40;Yetiskin;55
1683;Pasabahce Dekorasyon Dekoratif Lamba;Ev-Yasam;Dekorasyon;Pasabahce;3684.39;Genc;37
1684;Audio-Technica Analog Enstrüman;Muzik;Analog;Audio-Technica;7025.62;Cocuk;7
1685;Dior Parfum Göz Kalemi;Kozmetik;Parfum;Dior;646.27;Yasli;54
1686;Razer E-Spor Paketi;Oyun;E-Spor;Razer;2343.28;Yasli;92
1687;Sephora Bakim Göz Kalemi;Kozmetik;Bakim;Sephora;501.64;Cocuk;97
1688;Bosch Konfor Aksesuarı;Otomobil-Aksesuar;Konfor;Bosch;14167.79;Yetiskin;54
1689;Philips Mutfak Robot Süpürge;Ev-Yasam;Mutfak;Philips;1324.52;Yetiskin;48
1690;Huawei Mobil Yasam Tablet;Teknoloji;Mobil Yasam;Huawei;21663.71;Yasli;52
1691;Fender Studyo Enstrüman;Muzik;Studyo;Fender;11392.64;Genc;95
1692;Decathlon Ekipman Antrenman Ekipmanı;Spor;Ekipman;Decathlon;3501.61;Yetiskin;78
1693;Bose Studyo Enstrüman;Muzik;Studyo;Bose;1931.99;Cocuk;90
1694;Razer Yayincilik Koleksiyonu;Oyun;Yayincilik;Razer;3563.66;Yasli;23
1695;Adidas Sokak Stili Ceket;Moda;Sokak Stili;Adidas;3445.85;Genc;57
1696;Pebeo El Sanatlari Seti;Hobi-Sanat;El Sanatlari;Pebeo;2821.06;Genc;94
1697;Philips Mutfak Nevresim Takımı;Ev-Yasam;Mutfak;Philips;4884.86;Cocuk;33
1698;Marshall Sahne DJ Ekipmanı;Muzik;Sahne;Marshall;16400.13;Genc;32
1699;MSI E-Spor Paketi;Oyun;E-Spor;MSI;3853.45;Yasli;99
1700;H&M Klasik Ceket;Moda;Klasik;H&M;4424.17;Genc;69
1701;Yamaha Studyo Amfi;Muzik;Studyo;Yamaha;7252.74;Cocuk;94
1702;Decathlon Outdoor Eşofman Takımı;Spor;Outdoor;Decathlon;3773.56;Yasli;3
1703;Can Yayinlari Tarih Romanı/Kitabı;Kitap;Tarih;Can Yayinlari;440.34;Cocuk;54
1704;Metis Kisisel Gelisim Romanı/Kitabı;Kitap;Kisisel Gelisim;Metis;76.10;Yasli;20
1705;Burberry Klasik Parfüm;Moda;Klasik;Burberry;4067.12;Genc;85
1706;Decathlon Outdoor Eşofman Takımı;Spor;Outdoor;Decathlon;7622.75;Yasli;47
1707;Metis Edebiyat Romanı/Kitabı;Kitap;Edebiyat;Metis;315.38;Genc;80
1708;Wilson Ekipman Koşu Ayakkabısı;Spor;Ekipman;Wilson;7742.83;Cocuk;70
1709;Hasbro Egitici Koleksiyonu;Oyuncak;Egitici;Hasbro;4937.40;Yasli;11
1710;Nike Klasik Gözlük;Moda;Klasik;Nike;1516.71;Genc;62
1711;Sony Mobil Yasam Kulaklık;Teknoloji;Mobil Yasam;Sony;29138.17;Genc;36
1712;Gigabyte Retro Paketi;Oyun;Retro;Gigabyte;1418.51;Genc;41
1713;Pioneer Arac Bakimi Aksesuarı;Otomobil-Aksesuar;Arac Bakimi;Pioneer;5230.70;Cocuk;62
1714;Apple Ev Ofis Akıllı Saat;Teknoloji;Ev Ofis;Apple;44254.80;Cocuk;43
1715;Yamaha Analog DJ Ekipmanı;Muzik;Analog;Yamaha;15587.46;Yetiskin;92
1716;Yapi Kredi Tarih Romanı/Kitabı;Kitap;Tarih;Yapi Kredi;245.42;Yasli;20
1717;Ithaki Kisisel Gelisim Romanı/Kitabı;Kitap;Kisisel Gelisim;Ithaki;121.79;Cocuk;70
1718;Bose Analog Amfi;Muzik;Analog;Bose;7269.27;Yetiskin;73
1719;Metis Tarih Romanı/Kitabı;Kitap;Tarih;Metis;166.80;Yasli;96
1720;Melissa Doug Klasik Seti;Oyuncak;Klasik;Melissa Doug;2932.01;Cocuk;74
1721;Canson Kirtasiye Koleksiyonu;Hobi-Sanat;Kirtasiye;Canson;4290.69;Genc;86
1722;Burberry Klasik Parfüm;Moda;Klasik;Burberry;5191.25;Yetiskin;15
1723;Ikea Mutfak Robot Süpürge;Ev-Yasam;Mutfak;Ikea;7313.48;Cocuk;97
1724;3M Konfor Aksesuarı;Otomobil-Aksesuar;Konfor;3M;3583.55;Genc;26
1725;Derwent El Sanatlari Paketi;Hobi-Sanat;El Sanatlari;Derwent;438.96;Genc;64
1726;Chanel Parfum Ruj;Kozmetik;Parfum;Chanel;905.44;Yetiskin;33
1727;Lancome Parfum Cilt Serumu;Kozmetik;Parfum;Lancome;1653.73;Genc;60
1728;Razer E-Spor Koleksiyonu;Oyun;E-Spor;Razer;241.99;Cocuk;84
1729;Lancome Makyaj Cilt Serumu;Kozmetik;Makyaj;Lancome;1777.68;Yetiskin;56
1730;Bridgestone Arac Bakimi Aksesuarı;Otomobil-Aksesuar;Arac Bakimi;Bridgestone;2753.96;Cocuk;12
1731;Karaca Mutfak Kahve Makinesi;Ev-Yasam;Mutfak;Karaca;2812.98;Cocuk;90
1732;MSI E-Spor Seti;Oyun;E-Spor;MSI;2504.72;Genc;50
1733;Lacoste Klasik Ceket;Moda;Klasik;Lacoste;3562.80;Yasli;71
1734;Sparco Guvenlik Aksesuarı;Otomobil-Aksesuar;Guvenlik;Sparco;8477.68;Yasli;57
1735;Huawei Yazilim Kulaklık;Teknoloji;Yazilim;Huawei;16264.65;Genc;3
1736;Beko Dekorasyon Nevresim Takımı;Ev-Yasam;Dekorasyon;Beko;8944.58;Yetiskin;28
1737;Dogan Kitap Kisisel Gelisim Romanı/Kitabı;Kitap;Kisisel Gelisim;Dogan Kitap;420.14;Cocuk;1
1738;Apple Yazilim Akıllı Telefon;Teknoloji;Yazilim;Apple;14171.22;Yetiskin;10
1739;Castrol Konfor Aksesuarı;Otomobil-Aksesuar;Konfor;Castrol;13282.72;Cocuk;40
1740;Faber-Castell Resim Koleksiyonu;Hobi-Sanat;Resim;Faber-Castell;715.01;Yetiskin;98
1741;Reebok Fitness Antrenman Ekipmanı;Spor;Fitness;Reebok;1301.88;Yetiskin;28
1742;Casio Sahne DJ Ekipmanı;Muzik;Sahne;Casio;17317.36;Yasli;8
1743;Hot Wheels Aksiyon Koleksiyonu;Oyuncak;Aksiyon;Hot Wheels;228.60;Yasli;2
1744;Salomon Outdoor Spor Çantası;Spor;Outdoor;Salomon;7875.41;Yetiskin;33
1745;Goodyear Guvenlik Aksesuarı;Otomobil-Aksesuar;Guvenlik;Goodyear;471.68;Yetiskin;66
1746;Everest Edebiyat Romanı/Kitabı;Kitap;Edebiyat;Everest;268.97;Cocuk;24
1747;English Home Mutfak Dekoratif Lamba;Ev-Yasam;Mutfak;English Home;3989.14;Genc;52
1748;Liquitex Kirtasiye Koleksiyonu;Hobi-Sanat;Kirtasiye;Liquitex;1367.32;Cocuk;12
1749;Winsor Newton El Sanatlari Koleksiyonu;Hobi-Sanat;El Sanatlari;Winsor Newton;1171.38;Genc;71
1750;Beko Konfor Robot Süpürge;Ev-Yasam;Konfor;Beko;10088.74;Yasli;24
1751;Lenovo Mobil Yasam Bilgisayar;Teknoloji;Mobil Yasam;Lenovo;13225.82;Cocuk;19
1752;Bose Studyo Pikap;Muzik;Studyo;Bose;22890.43;Cocuk;5
1753;Xiaomi Ev Ofis Bilgisayar;Teknoloji;Ev Ofis;Xiaomi;7393.51;Cocuk;92
1754;Logitech E-Spor Paketi;Oyun;E-Spor;Logitech;2093.09;Genc;48
1755;Bridgestone Konfor Aksesuarı;Otomobil-Aksesuar;Konfor;Bridgestone;5675.87;Cocuk;95
1756;Sephora Parfum Cilt Serumu;Kozmetik;Parfum;Sephora;781.17;Genc;7
1757;Audio-Technica Studyo DJ Ekipmanı;Muzik;Studyo;Audio-Technica;12218.64;Genc;53
1758;Metis Edebiyat Romanı/Kitabı;Kitap;Edebiyat;Metis;273.19;Genc;47
1759;Spalding Ekipman Spor Çantası;Spor;Ekipman;Spalding;814.42;Yasli;34
1760;Moleskine Resim Seti;Hobi-Sanat;Resim;Moleskine;1241.22;Yetiskin;48
1761;Wilson Ekipman Eşofman Takımı;Spor;Ekipman;Wilson;6198.38;Yasli;33
1762;Madame Coco Dekorasyon Nevresim Takımı;Ev-Yasam;Dekorasyon;Madame Coco;5488.32;Genc;40
1763;Is Bankasi Yayinlari Edebiyat Romanı/Kitabı;Kitap;Edebiyat;Is Bankasi Yayinlari;168.85;Yetiskin;41
1764;Yamaha Studyo DJ Ekipmanı;Muzik;Studyo;Yamaha;2243.33;Genc;93
1765;Daler Rowney Kirtasiye Paketi;Hobi-Sanat;Kirtasiye;Daler Rowney;2133.83;Yetiskin;48
1766;Reeves El Sanatlari Paketi;Hobi-Sanat;El Sanatlari;Reeves;976.50;Cocuk;38
1767;Alfa Yayinlari Edebiyat Romanı/Kitabı;Kitap;Edebiyat;Alfa Yayinlari;306.78;Yasli;48
1768;Burberry Klasik Parfüm;Moda;Klasik;Burberry;2205.06;Cocuk;63
1769;Madame Coco Konfor Robot Süpürge;Ev-Yasam;Konfor;Madame Coco;7908.42;Yasli;18
1770;Philips Dekorasyon Kahve Makinesi;Ev-Yasam;Dekorasyon;Philips;9157.59;Yetiskin;87
1771;Prada Sokak Stili Çanta;Moda;Sokak Stili;Prada;1806.88;Yetiskin;1
1772;Spalding Fitness Koşu Ayakkabısı;Spor;Fitness;Spalding;1060.41;Yetiskin;33
1773;Prada Aksesuar Gözlük;Moda;Aksesuar;Prada;3003.59;Yasli;25
1774;Huawei Ev Ofis Tablet;Teknoloji;Ev Ofis;Huawei;4266.12;Genc;11
1775;Madame Coco Konfor Dekoratif Lamba;Ev-Yasam;Konfor;Madame Coco;579.73;Cocuk;38
1776;Gigabyte Retro Paketi;Oyun;Retro;Gigabyte;1122.14;Yetiskin;83
1777;Clinique Parfum Cilt Serumu;Kozmetik;Parfum;Clinique;1370.64;Yetiskin;49
1778;Apple Ev Ofis Kulaklık;Teknoloji;Ev Ofis;Apple;33296.57;Yasli;42
1779;Reeves Resim Paketi;Hobi-Sanat;Resim;Reeves;161.01;Cocuk;3
1780;Metis Edebiyat Romanı/Kitabı;Kitap;Edebiyat;Metis;129.64;Yetiskin;39
1781;Fender Studyo Pikap;Muzik;Studyo;Fender;24579.26;Genc;10
1782;Winsor Newton Resim Seti;Hobi-Sanat;Resim;Winsor Newton;3042.10;Yasli;41
1783;Lancome Bakim Nemlendirici;Kozmetik;Bakim;Lancome;1300.65;Genc;13
1784;Apple Ev Ofis Akıllı Telefon;Teknoloji;Ev Ofis;Apple;33683.32;Genc;25
1785;Lancome Bakim Ruj;Kozmetik;Bakim;Lancome;292.82;Yasli;44
1786;Puma Sokak Stili Gözlük;Moda;Sokak Stili;Puma;4631.03;Yasli;24
1787;Apple Ev Ofis Akıllı Saat;Teknoloji;Ev Ofis;Apple;7980.19;Yasli;74
1788;Marshall Studyo DJ Ekipmanı;Muzik;Studyo;Marshall;15441.86;Genc;30
1789;Karaca Konfor Dekoratif Lamba;Ev-Yasam;Konfor;Karaca;11508.79;Cocuk;34
1790;Prismacolor Kirtasiye Seti;Hobi-Sanat;Kirtasiye;Prismacolor;3088.60;Cocuk;64
1791;Dior Makyaj Göz Kalemi;Kozmetik;Makyaj;Dior;1491.46;Cocuk;66
1792;HP Ev Ofis Kulaklık;Teknoloji;Ev Ofis;HP;26330.48;Yetiskin;86
1793;Casio Studyo DJ Ekipmanı;Muzik;Studyo;Casio;24920.69;Yetiskin;80
1794;HyperX Retro Seti;Oyun;Retro;HyperX;4657.05;Yasli;13
1795;Decathlon Ekipman Antrenman Ekipmanı;Spor;Ekipman;Decathlon;1534.77;Yetiskin;47
1796;Pioneer Guvenlik Aksesuarı;Otomobil-Aksesuar;Guvenlik;Pioneer;14083.10;Genc;79
1797;Dell Yazilim Kulaklık;Teknoloji;Yazilim;Dell;25572.32;Yetiskin;34
1798;Gibson Analog Pikap;Muzik;Analog;Gibson;15470.79;Yasli;37
1799;Xiaomi Mobil Yasam Akıllı Saat;Teknoloji;Mobil Yasam;Xiaomi;6161.33;Genc;76
1800;JBL Sahne Amfi;Muzik;Sahne;JBL;5117.47;Yetiskin;3
1801;North Face Outdoor Spor Çantası;Spor;Outdoor;North Face;7826.75;Cocuk;37
1802;VTech Egitici Koleksiyonu;Oyuncak;Egitici;VTech;3246.06;Genc;9
1803;Hot Wheels Aksiyon Paketi;Oyuncak;Aksiyon;Hot Wheels;2560.96;Cocuk;48
1804;Corsair Yayincilik Paketi;Oyun;Yayincilik;Corsair;234.70;Cocuk;24
1805;Yamaha Sahne Amfi;Muzik;Sahne;Yamaha;18743.35;Cocuk;70
1806;VTech Egitici Koleksiyonu;Oyuncak;Egitici;VTech;3865.17;Genc;24
1807;Yapi Kredi Tarih Romanı/Kitabı;Kitap;Tarih;Yapi Kredi;359.30;Cocuk;22
1808;Asus Ev Ofis Tablet;Teknoloji;Ev Ofis;Asus;30334.67;Genc;87
1809;Nintendo Yayincilik Koleksiyonu;Oyun;Yayincilik;Nintendo;605.15;Genc;16
1810;Mizuno Outdoor Koşu Ayakkabısı;Spor;Outdoor;Mizuno;1009.14;Yetiskin;78
1811;Bridgestone Konfor Aksesuarı;Otomobil-Aksesuar;Konfor;Bridgestone;4826.51;Genc;74
1812;Can Yayinlari Kisisel Gelisim Romanı/Kitabı;Kitap;Kisisel Gelisim;Can Yayinlari;371.37;Genc;34
1813;Roland Sahne Enstrüman;Muzik;Sahne;Roland;14346.58;Yetiskin;48
1814;Gibson Sahne Amfi;Muzik;Sahne;Gibson;20726.42;Yasli;70
1815;Reeves Kirtasiye Seti;Hobi-Sanat;Kirtasiye;Reeves;3270.22;Yasli;55
1816;Continental Guvenlik Aksesuarı;Otomobil-Aksesuar;Guvenlik;Continental;10043.65;Genc;88
1817;Pasabahce Dekorasyon Kahve Makinesi;Ev-Yasam;Dekorasyon;Pasabahce;6290.38;Yetiskin;44
1818;Pioneer Guvenlik Aksesuarı;Otomobil-Aksesuar;Guvenlik;Pioneer;9106.43;Genc;79
1819;Dell Mobil Yasam Kulaklık;Teknoloji;Mobil Yasam;Dell;13519.39;Yetiskin;88
1820;Marshall Studyo Enstrüman;Muzik;Studyo;Marshall;12285.53;Cocuk;11
1821;Lancome Makyaj Göz Kalemi;Kozmetik;Makyaj;Lancome;1243.62;Cocuk;30
1822;Bridgestone Guvenlik Aksesuarı;Otomobil-Aksesuar;Guvenlik;Bridgestone;14105.20;Yetiskin;81
1823;3M Konfor Aksesuarı;Otomobil-Aksesuar;Konfor;3M;9419.79;Yetiskin;49
1824;Bosch Dekorasyon Kahve Makinesi;Ev-Yasam;Dekorasyon;Bosch;1241.78;Yasli;50
1825;Xiaomi Ev Ofis Bilgisayar;Teknoloji;Ev Ofis;Xiaomi;7221.26;Yetiskin;55
1826;Liquitex Resim Seti;Hobi-Sanat;Resim;Liquitex;4553.45;Yasli;75
1827;Roland Sahne Enstrüman;Muzik;Sahne;Roland;12826.43;Yetiskin;61
1828;Spin Master Klasik Paketi;Oyuncak;Klasik;Spin Master;2070.76;Yasli;38
1829;Yapi Kredi Tarih Romanı/Kitabı;Kitap;Tarih;Yapi Kredi;174.65;Yasli;43
1830;Castrol Konfor Aksesuarı;Otomobil-Aksesuar;Konfor;Castrol;11540.33;Genc;89
1831;English Home Dekorasyon Dekoratif Lamba;Ev-Yasam;Dekorasyon;English Home;2178.20;Genc;49
1832;Fender Analog Amfi;Muzik;Analog;Fender;12965.83;Genc;68
1833;Sony Ev Ofis Kulaklık;Teknoloji;Ev Ofis;Sony;44901.47;Cocuk;54
1834;Apple Yazilim Akıllı Telefon;Teknoloji;Yazilim;Apple;32180.91;Cocuk;78
1835;MGA Entertainment Klasik Koleksiyonu;Oyuncak;Klasik;MGA Entertainment;4098.51;Yasli;35
1836;H&M Klasik Çanta;Moda;Klasik;H&M;2896.97;Yetiskin;63
1837;LEGO Aksiyon Seti;Oyuncak;Aksiyon;LEGO;4717.69;Yetiskin;31
1838;Beko Konfor Nevresim Takımı;Ev-Yasam;Konfor;Beko;11971.26;Yetiskin;82
1839;Lenovo Mobil Yasam Akıllı Saat;Teknoloji;Mobil Yasam;Lenovo;7388.84;Genc;25
1840;Prismacolor Kirtasiye Seti;Hobi-Sanat;Kirtasiye;Prismacolor;450.13;Yetiskin;70
1841;Castelli Ekipman Eşofman Takımı;Spor;Ekipman;Castelli;4150.25;Yasli;68
1842;VTech Egitici Seti;Oyuncak;Egitici;VTech;4169.62;Cocuk;22
1843;Beko Mutfak Robot Süpürge;Ev-Yasam;Mutfak;Beko;1658.38;Cocuk;81
1844;Liquitex Resim Seti;Hobi-Sanat;Resim;Liquitex;1339.36;Yasli;36
1845;Pebeo Kirtasiye Koleksiyonu;Hobi-Sanat;Kirtasiye;Pebeo;4163.23;Cocuk;19
1846;English Home Mutfak Robot Süpürge;Ev-Yasam;Mutfak;English Home;3614.96;Cocuk;50
1847;Pegasus Edebiyat Romanı/Kitabı;Kitap;Edebiyat;Pegasus;364.74;Cocuk;5
1848;3M Arac Bakimi Aksesuarı;Otomobil-Aksesuar;Arac Bakimi;3M;5953.15;Cocuk;81
1849;LEGO Aksiyon Koleksiyonu;Oyuncak;Aksiyon;LEGO;4791.24;Yasli;12
1850;Beko Konfor Nevresim Takımı;Ev-Yasam;Konfor;Beko;2228.23;Cocuk;62
1851;Alfa Yayinlari Edebiyat Romanı/Kitabı;Kitap;Edebiyat;Alfa Yayinlari;215.39;Cocuk;72
1852;Continental Arac Bakimi Aksesuarı;Otomobil-Aksesuar;Arac Bakimi;Continental;14738.08;Cocuk;61
1853;LEGO Aksiyon Seti;Oyuncak;Aksiyon;LEGO;4899.70;Genc;80
1854;Iletisim Edebiyat Romanı/Kitabı;Kitap;Edebiyat;Iletisim;299.47;Genc;11
1855;Bridgestone Arac Bakimi Aksesuarı;Otomobil-Aksesuar;Arac Bakimi;Bridgestone;11030.14;Cocuk;29
1856;Winsor Newton El Sanatlari Koleksiyonu;Hobi-Sanat;El Sanatlari;Winsor Newton;1553.81;Genc;32
1857;Levi's Klasik Çanta;Moda;Klasik;Levi's;4644.85;Cocuk;4
1858;JBL Sahne DJ Ekipmanı;Muzik;Sahne;JBL;5116.02;Cocuk;82
1859;Goodyear Konfor Aksesuarı;Otomobil-Aksesuar;Konfor;Goodyear;1663.23;Yasli;24
1860;MSI Retro Seti;Oyun;Retro;MSI;783.30;Genc;91
1861;Xiaomi Yazilim Akıllı Telefon;Teknoloji;Yazilim;Xiaomi;14692.93;Genc;64
1862;Can Yayinlari Edebiyat Romanı/Kitabı;Kitap;Edebiyat;Can Yayinlari;303.52;Yasli;5
1863;Canson Resim Paketi;Hobi-Sanat;Resim;Canson;4185.75;Yetiskin;90
1864;Liquitex Resim Paketi;Hobi-Sanat;Resim;Liquitex;3029.13;Yetiskin;42
1865;Bosch Konfor Aksesuarı;Otomobil-Aksesuar;Konfor;Bosch;4681.16;Genc;32
1866;Spalding Outdoor Spor Çantası;Spor;Outdoor;Spalding;1719.20;Yetiskin;25
1867;Mattel Aksiyon Paketi;Oyuncak;Aksiyon;Mattel;2142.75;Yetiskin;97
1868;North Face Fitness Spor Çantası;Spor;Fitness;North Face;1739.31;Yasli;48
1869;Samsung Ev Ofis Tablet;Teknoloji;Ev Ofis;Samsung;38698.25;Cocuk;39
1870;Apple Yazilim Akıllı Saat;Teknoloji;Yazilim;Apple;32135.26;Genc;36
1871;Adidas Sokak Stili Gözlük;Moda;Sokak Stili;Adidas;4409.20;Yasli;51
1872;North Face Ekipman Spor Çantası;Spor;Ekipman;North Face;5859.49;Cocuk;46
1873;Castrol Guvenlik Aksesuarı;Otomobil-Aksesuar;Guvenlik;Castrol;5224.87;Yasli;60
1874;Chanel Parfum Nemlendirici;Kozmetik;Parfum;Chanel;901.21;Yasli;37
1875;Apple Yazilim Bilgisayar;Teknoloji;Yazilim;Apple;17828.30;Yasli;10
1876;Beko Mutfak Robot Süpürge;Ev-Yasam;Mutfak;Beko;8889.77;Cocuk;69
1877;Yapi Kredi Edebiyat Romanı/Kitabı;Kitap;Edebiyat;Yapi Kredi;268.81;Genc;75
1878;Bridgestone Konfor Aksesuarı;Otomobil-Aksesuar;Konfor;Bridgestone;13072.63;Yasli;92
1879;3M Guvenlik Aksesuarı;Otomobil-Aksesuar;Guvenlik;3M;3575.54;Genc;29
1880;Apple Mobil Yasam Bilgisayar;Teknoloji;Mobil Yasam;Apple;22166.18;Genc;2
1881;Salomon Outdoor Spor Çantası;Spor;Outdoor;Salomon;712.84;Yetiskin;95
1882;Asus Yazilim Kulaklık;Teknoloji;Yazilim;Asus;32537.08;Genc;47
1883;Apple Ev Ofis Tablet;Teknoloji;Ev Ofis;Apple;4750.09;Cocuk;32
1884;Faber-Castell Kirtasiye Paketi;Hobi-Sanat;Kirtasiye;Faber-Castell;3929.40;Yasli;49
1885;Liquitex Resim Paketi;Hobi-Sanat;Resim;Liquitex;3921.85;Genc;26
1886;Sparco Arac Bakimi Aksesuarı;Otomobil-Aksesuar;Arac Bakimi;Sparco;3133.60;Yetiskin;79
1887;Sparco Konfor Aksesuarı;Otomobil-Aksesuar;Konfor;Sparco;14413.77;Yetiskin;53
1888;Pioneer Guvenlik Aksesuarı;Otomobil-Aksesuar;Guvenlik;Pioneer;8685.64;Genc;45
1889;Bosch Arac Bakimi Aksesuarı;Otomobil-Aksesuar;Arac Bakimi;Bosch;6954.81;Cocuk;23
1890;Fisher-Price Aksiyon Paketi;Oyuncak;Aksiyon;Fisher-Price;4616.38;Cocuk;22
1891;Audio-Technica Analog Pikap;Muzik;Analog;Audio-Technica;9615.87;Yasli;26
1892;Dell Mobil Yasam Bilgisayar;Teknoloji;Mobil Yasam;Dell;19788.60;Yasli;87
1893;Gucci Aksesuar Parfüm;Moda;Aksesuar;Gucci;5351.07;Cocuk;49
1894;Samsung Yazilim Bilgisayar;Teknoloji;Yazilim;Samsung;43296.15;Genc;81
1895;Lenovo Mobil Yasam Kulaklık;Teknoloji;Mobil Yasam;Lenovo;36890.95;Genc;11
1896;3M Guvenlik Aksesuarı;Otomobil-Aksesuar;Guvenlik;3M;14276.52;Yetiskin;70
1897;Lenovo Ev Ofis Akıllı Telefon;Teknoloji;Ev Ofis;Lenovo;36155.83;Cocuk;95
1898;Pioneer Konfor Aksesuarı;Otomobil-Aksesuar;Konfor;Pioneer;12821.02;Yasli;24
1899;Yamaha Studyo Pikap;Muzik;Studyo;Yamaha;11149.60;Genc;51
1900;Fender Sahne Amfi;Muzik;Sahne;Fender;10760.68;Yetiskin;67
1901;Beko Dekorasyon Kahve Makinesi;Ev-Yasam;Dekorasyon;Beko;454.50;Genc;25
1902;North Face Outdoor Koşu Ayakkabısı;Spor;Outdoor;North Face;579.39;Yetiskin;49
1903;Burberry Klasik Çanta;Moda;Klasik;Burberry;3454.65;Yasli;66
1904;Bridgestone Konfor Aksesuarı;Otomobil-Aksesuar;Konfor;Bridgestone;14922.13;Yetiskin;14
1905;MAC Makyaj Göz Kalemi;Kozmetik;Makyaj;MAC;1840.75;Yasli;4
1906;Mattel Aksiyon Seti;Oyuncak;Aksiyon;Mattel;929.69;Yetiskin;84
1907;Tefal Mutfak Robot Süpürge;Ev-Yasam;Mutfak;Tefal;3786.74;Cocuk;88
1908;Sennheiser Analog Pikap;Muzik;Analog;Sennheiser;6519.57;Yasli;27
1909;Mattel Aksiyon Koleksiyonu;Oyuncak;Aksiyon;Mattel;444.33;Cocuk;48
1910;Gucci Sokak Stili Saat;Moda;Sokak Stili;Gucci;3834.51;Yetiskin;25
1911;Castrol Konfor Aksesuarı;Otomobil-Aksesuar;Konfor;Castrol;5476.32;Yetiskin;53
1912;Castrol Arac Bakimi Aksesuarı;Otomobil-Aksesuar;Arac Bakimi;Castrol;13230.22;Yetiskin;48
1913;Maybelline Parfum Göz Kalemi;Kozmetik;Parfum;Maybelline;952.74;Genc;54
1914;Columbia Ekipman Koşu Ayakkabısı;Spor;Ekipman;Columbia;2632.78;Yetiskin;72
1915;Hot Wheels Egitici Paketi;Oyuncak;Egitici;Hot Wheels;1921.51;Cocuk;87
1916;Salomon Fitness Spor Çantası;Spor;Fitness;Salomon;7202.54;Cocuk;27
1917;Karaca Dekorasyon Kahve Makinesi;Ev-Yasam;Dekorasyon;Karaca;3771.97;Genc;45
1918;Alfa Yayinlari Kisisel Gelisim Romanı/Kitabı;Kitap;Kisisel Gelisim;Alfa Yayinlari;297.55;Yetiskin;69
1919;Melissa Doug Klasik Paketi;Oyuncak;Klasik;Melissa Doug;4603.75;Genc;72
1920;Corsair E-Spor Seti;Oyun;E-Spor;Corsair;1585.39;Cocuk;23
1921;Zara Aksesuar Ceket;Moda;Aksesuar;Zara;1257.24;Cocuk;87
1922;Is Bankasi Yayinlari Kisisel Gelisim Romanı/Kitabı;Kitap;Kisisel Gelisim;Is Bankasi Yayinlari;55.60;Genc;89
1923;Columbia Outdoor Koşu Ayakkabısı;Spor;Outdoor;Columbia;6968.43;Yetiskin;78
1924;Huawei Yazilim Akıllı Saat;Teknoloji;Yazilim;Huawei;4738.52;Yasli;68
1925;VTech Aksiyon Koleksiyonu;Oyuncak;Aksiyon;VTech;582.84;Yetiskin;52
1926;Gucci Sokak Stili Ceket;Moda;Sokak Stili;Gucci;2878.99;Yasli;46
1927;Melissa Doug Egitici Seti;Oyuncak;Egitici;Melissa Doug;819.60;Genc;49
1928;Pegasus Kisisel Gelisim Romanı/Kitabı;Kitap;Kisisel Gelisim;Pegasus;83.95;Cocuk;61
1929;Dogan Kitap Tarih Romanı/Kitabı;Kitap;Tarih;Dogan Kitap;244.24;Yetiskin;68
1930;Corsair Retro Paketi;Oyun;Retro;Corsair;3141.88;Yetiskin;65
1931;Burberry Sokak Stili Saat;Moda;Sokak Stili;Burberry;4828.49;Cocuk;41
1932;Mattel Aksiyon Paketi;Oyuncak;Aksiyon;Mattel;611.36;Genc;69
1933;Castelli Outdoor Antrenman Ekipmanı;Spor;Outdoor;Castelli;4675.80;Genc;54
1934;Sparco Konfor Aksesuarı;Otomobil-Aksesuar;Konfor;Sparco;1711.38;Cocuk;100
1935;H&M Sokak Stili Ceket;Moda;Sokak Stili;H&M;4134.33;Genc;24
1936;LEGO Klasik Paketi;Oyuncak;Klasik;LEGO;1946.16;Cocuk;69
1937;Iletisim Kisisel Gelisim Romanı/Kitabı;Kitap;Kisisel Gelisim;Iletisim;167.67;Yasli;9
1938;Hot Wheels Aksiyon Koleksiyonu;Oyuncak;Aksiyon;Hot Wheels;1737.61;Genc;10
1939;LG Ev Ofis Kulaklık;Teknoloji;Ev Ofis;LG;42808.83;Yetiskin;51
1940;Lenovo Yazilim Tablet;Teknoloji;Yazilim;Lenovo;23528.77;Yasli;74
1941;Dogan Kitap Tarih Romanı/Kitabı;Kitap;Tarih;Dogan Kitap;333.80;Yasli;21
1942;MGA Entertainment Klasik Paketi;Oyuncak;Klasik;MGA Entertainment;1607.16;Genc;20
1943;MGA Entertainment Aksiyon Koleksiyonu;Oyuncak;Aksiyon;MGA Entertainment;4795.86;Yetiskin;95
1944;Dell Mobil Yasam Kulaklık;Teknoloji;Mobil Yasam;Dell;25893.76;Yetiskin;1
1945;Samsung Ev Ofis Tablet;Teknoloji;Ev Ofis;Samsung;23100.19;Yetiskin;99
1946;Pegasus Edebiyat Romanı/Kitabı;Kitap;Edebiyat;Pegasus;238.19;Yetiskin;68
1947;Daler Rowney El Sanatlari Koleksiyonu;Hobi-Sanat;El Sanatlari;Daler Rowney;1994.87;Genc;38
1948;Sennheiser Studyo DJ Ekipmanı;Muzik;Studyo;Sennheiser;7955.87;Cocuk;89
1949;Estee Lauder Bakim Nemlendirici;Kozmetik;Bakim;Estee Lauder;337.58;Genc;21
1950;Can Yayinlari Edebiyat Romanı/Kitabı;Kitap;Edebiyat;Can Yayinlari;409.22;Cocuk;83
1951;Reebok Fitness Koşu Ayakkabısı;Spor;Fitness;Reebok;4757.09;Yasli;10
1952;Razer Retro Koleksiyonu;Oyun;Retro;Razer;1932.24;Yetiskin;42
1953;Chanel Bakim Göz Kalemi;Kozmetik;Bakim;Chanel;1869.55;Yasli;27
1954;Salomon Fitness Antrenman Ekipmanı;Spor;Fitness;Salomon;5573.86;Yetiskin;31
1955;Estee Lauder Makyaj Cilt Serumu;Kozmetik;Makyaj;Estee Lauder;1206.42;Genc;29
1956;Faber-Castell Kirtasiye Seti;Hobi-Sanat;Kirtasiye;Faber-Castell;303.62;Genc;97
1957;Prada Klasik Çanta;Moda;Klasik;Prada;2418.46;Yetiskin;61
1958;Columbia Ekipman Antrenman Ekipmanı;Spor;Ekipman;Columbia;2131.02;Genc;50
1959;LOreal Makyaj Nemlendirici;Kozmetik;Makyaj;LOreal;1933.58;Yetiskin;31
1960;Mattel Klasik Koleksiyonu;Oyuncak;Klasik;Mattel;833.20;Yasli;100
1961;Casio Analog Amfi;Muzik;Analog;Casio;6782.08;Yasli;72
1962;Puma Sokak Stili Çanta;Moda;Sokak Stili;Puma;3903.34;Yetiskin;60
1963;Metis Edebiyat Romanı/Kitabı;Kitap;Edebiyat;Metis;112.95;Yasli;62
1964;Madame Coco Mutfak Robot Süpürge;Ev-Yasam;Mutfak;Madame Coco;866.47;Cocuk;30
1965;Madame Coco Mutfak Kahve Makinesi;Ev-Yasam;Mutfak;Madame Coco;2736.33;Genc;5
1966;Yamaha Sahne Amfi;Muzik;Sahne;Yamaha;24440.55;Genc;86
1967;Salomon Fitness Antrenman Ekipmanı;Spor;Fitness;Salomon;5503.16;Yasli;25
1968;Alfa Yayinlari Edebiyat Romanı/Kitabı;Kitap;Edebiyat;Alfa Yayinlari;349.78;Yetiskin;90
1969;Maybelline Parfum Cilt Serumu;Kozmetik;Parfum;Maybelline;1616.99;Cocuk;89
1970;Decathlon Outdoor Antrenman Ekipmanı;Spor;Outdoor;Decathlon;5740.08;Genc;21
1971;Sephora Makyaj Ruj;Kozmetik;Makyaj;Sephora;458.93;Genc;47
1972;Hot Wheels Aksiyon Koleksiyonu;Oyuncak;Aksiyon;Hot Wheels;1177.21;Yasli;59
1973;Melissa Doug Klasik Paketi;Oyuncak;Klasik;Melissa Doug;417.85;Cocuk;91
1974;Bridgestone Guvenlik Aksesuarı;Otomobil-Aksesuar;Guvenlik;Bridgestone;2790.01;Yasli;50
1975;Derwent Kirtasiye Seti;Hobi-Sanat;Kirtasiye;Derwent;1117.50;Genc;60
1976;Derwent Kirtasiye Koleksiyonu;Hobi-Sanat;Kirtasiye;Derwent;4719.68;Yasli;90
1977;Mattel Aksiyon Seti;Oyuncak;Aksiyon;Mattel;548.50;Cocuk;11
1978;VTech Aksiyon Seti;Oyuncak;Aksiyon;VTech;1695.62;Yetiskin;19
1979;Burberry Aksesuar Gözlük;Moda;Aksesuar;Burberry;2635.13;Cocuk;3
1980;Castelli Ekipman Eşofman Takımı;Spor;Ekipman;Castelli;1206.32;Yasli;45
1981;Castrol Konfor Aksesuarı;Otomobil-Aksesuar;Konfor;Castrol;11964.28;Cocuk;63
1982;Corsair E-Spor Paketi;Oyun;E-Spor;Corsair;2652.05;Yetiskin;94
1983;Audio-Technica Sahne DJ Ekipmanı;Muzik;Sahne;Audio-Technica;8551.66;Yetiskin;65
1984;Burberry Sokak Stili Gözlük;Moda;Sokak Stili;Burberry;3074.81;Genc;3
1985;Estee Lauder Bakim Nemlendirici;Kozmetik;Bakim;Estee Lauder;1841.93;Yetiskin;70
1986;Marshall Studyo DJ Ekipmanı;Muzik;Studyo;Marshall;2467.85;Genc;21
1987;Logitech Retro Koleksiyonu;Oyun;Retro;Logitech;3436.57;Genc;99
1988;LOreal Makyaj Cilt Serumu;Kozmetik;Makyaj;LOreal;346.60;Yasli;61
1989;Dogan Kitap Tarih Romanı/Kitabı;Kitap;Tarih;Dogan Kitap;453.71;Yasli;68
1990;Prismacolor El Sanatlari Koleksiyonu;Hobi-Sanat;El Sanatlari;Prismacolor;3110.16;Genc;8
1991;Bosch Guvenlik Aksesuarı;Otomobil-Aksesuar;Guvenlik;Bosch;14946.86;Yetiskin;56
1992;Everest Kisisel Gelisim Romanı/Kitabı;Kitap;Kisisel Gelisim;Everest;203.68;Cocuk;46
1993;Dell Yazilim Bilgisayar;Teknoloji;Yazilim;Dell;14760.13;Yetiskin;89
1994;Winsor Newton Kirtasiye Seti;Hobi-Sanat;Kirtasiye;Winsor Newton;521.69;Cocuk;8
1995;H&M Aksesuar Parfüm;Moda;Aksesuar;H&M;1461.24;Cocuk;33
1996;Zowie E-Spor Koleksiyonu;Oyun;E-Spor;Zowie;2984.80;Yasli;51
1997;Roland Studyo Pikap;Muzik;Studyo;Roland;23980.34;Yasli;32
1998;Bose Studyo Pikap;Muzik;Studyo;Bose;11675.31;Yasli;90
1999;MGA Entertainment Klasik Koleksiyonu;Oyuncak;Klasik;MGA Entertainment;4585.21;Cocuk;3
2000;Adidas Sokak Stili Ceket;Moda;Sokak Stili;Adidas;2089.79;Yasli;62
2001;Fender Analog DJ Ekipmanı;Muzik;Analog;Fender;8990.66;Yetiskin;68
2002;Pasabahce Dekorasyon Dekoratif Lamba;Ev-Yasam;Dekorasyon;Pasabahce;6109.26;Yetiskin;18
2003;Bosch Mutfak Nevresim Takımı;Ev-Yasam;Mutfak;Bosch;5653.77;Yasli;4
2004;Maybelline Parfum Göz Kalemi;Kozmetik;Parfum;Maybelline;175.12;Yasli;73
2005;Pegasus Edebiyat Romanı/Kitabı;Kitap;Edebiyat;Pegasus;57.59;Yasli;23
2006;North Face Outdoor Antrenman Ekipmanı;Spor;Outdoor;North Face;5201.93;Yetiskin;99
2007;Lacoste Klasik Parfüm;Moda;Klasik;Lacoste;1668.54;Yetiskin;94
2008;Iletisim Kisisel Gelisim Romanı/Kitabı;Kitap;Kisisel Gelisim;Iletisim;234.51;Yasli;61
2009;Hasbro Klasik Seti;Oyuncak;Klasik;Hasbro;1346.05;Yetiskin;24
2010;Beko Mutfak Kahve Makinesi;Ev-Yasam;Mutfak;Beko;9462.84;Cocuk;44
2011;Ithaki Edebiyat Romanı/Kitabı;Kitap;Edebiyat;Ithaki;389.21;Genc;77
2012;Dogan Kitap Tarih Romanı/Kitabı;Kitap;Tarih;Dogan Kitap;337.22;Genc;54
2013;Playmobil Aksiyon Koleksiyonu;Oyuncak;Aksiyon;Playmobil;4514.26;Yetiskin;58
2014;Sephora Parfum Ruj;Kozmetik;Parfum;Sephora;1941.91;Yetiskin;48
2015;North Face Outdoor Spor Çantası;Spor;Outdoor;North Face;7052.71;Genc;11
2016;3M Guvenlik Aksesuarı;Otomobil-Aksesuar;Guvenlik;3M;7580.63;Genc;34
2017;Goodyear Guvenlik Aksesuarı;Otomobil-Aksesuar;Guvenlik;Goodyear;3905.14;Yasli;97
2018;Melissa Doug Aksiyon Paketi;Oyuncak;Aksiyon;Melissa Doug;4585.89;Cocuk;73
2019;Moleskine Kirtasiye Paketi;Hobi-Sanat;Kirtasiye;Moleskine;1121.39;Yasli;76
2020;Xiaomi Mobil Yasam Tablet;Teknoloji;Mobil Yasam;Xiaomi;14457.39;Genc;43
2021;Prada Sokak Stili Gözlük;Moda;Sokak Stili;Prada;3354.81;Yetiskin;24
2022;Pegasus Edebiyat Romanı/Kitabı;Kitap;Edebiyat;Pegasus;147.37;Yasli;39
2023;Hot Wheels Klasik Koleksiyonu;Oyuncak;Klasik;Hot Wheels;2530.16;Genc;36
2024;SteelSeries Retro Koleksiyonu;Oyun;Retro;SteelSeries;2483.50;Genc;21
2025;MAC Bakim Cilt Serumu;Kozmetik;Bakim;MAC;654.83;Genc;60
2026;Everest Kisisel Gelisim Romanı/Kitabı;Kitap;Kisisel Gelisim;Everest;306.59;Genc;88
2027;Gucci Aksesuar Çanta;Moda;Aksesuar;Gucci;4978.03;Genc;5
2028;Meguiars Arac Bakimi Aksesuarı;Otomobil-Aksesuar;Arac Bakimi;Meguiars;5155.92;Genc;38
2029;Sephora Bakim Ruj;Kozmetik;Bakim;Sephora;349.44;Yetiskin;76
2030;Nike Klasik Parfüm;Moda;Klasik;Nike;3967.78;Yasli;7
2031;Hasbro Klasik Seti;Oyuncak;Klasik;Hasbro;4461.70;Genc;92
2032;Wilson Outdoor Spor Çantası;Spor;Outdoor;Wilson;6805.75;Cocuk;47
2033;Beko Dekorasyon Kahve Makinesi;Ev-Yasam;Dekorasyon;Beko;5458.14;Genc;21
2034;Bosch Dekorasyon Nevresim Takımı;Ev-Yasam;Dekorasyon;Bosch;10846.46;Genc;37
2035;Pioneer Arac Bakimi Aksesuarı;Otomobil-Aksesuar;Arac Bakimi;Pioneer;5531.42;Cocuk;7
2036;Pegasus Edebiyat Romanı/Kitabı;Kitap;Edebiyat;Pegasus;489.74;Yasli;69
2037;Philips Dekorasyon Kahve Makinesi;Ev-Yasam;Dekorasyon;Philips;5664.90;Genc;5
2038;Decathlon Fitness Antrenman Ekipmanı;Spor;Fitness;Decathlon;3463.19;Genc;89
2039;Castrol Guvenlik Aksesuarı;Otomobil-Aksesuar;Guvenlik;Castrol;14963.80;Cocuk;6
2040;Zara Klasik Parfüm;Moda;Klasik;Zara;4060.81;Genc;24
2041;Fender Sahne DJ Ekipmanı;Muzik;Sahne;Fender;12315.05;Yasli;86
2042;Gucci Aksesuar Çanta;Moda;Aksesuar;Gucci;3070.23;Yasli;8
2043;Columbia Fitness Spor Çantası;Spor;Fitness;Columbia;6297.98;Yetiskin;52
2044;LG Ev Ofis Tablet;Teknoloji;Ev Ofis;LG;40580.68;Cocuk;59
2045;Arzum Dekorasyon Robot Süpürge;Ev-Yasam;Dekorasyon;Arzum;3398.45;Cocuk;60
2046;VTech Klasik Paketi;Oyuncak;Klasik;VTech;254.98;Cocuk;25
2047;Ithaki Edebiyat Romanı/Kitabı;Kitap;Edebiyat;Ithaki;460.45;Cocuk;45
2048;Prismacolor Resim Koleksiyonu;Hobi-Sanat;Resim;Prismacolor;2745.34;Cocuk;31
2049;Zara Klasik Saat;Moda;Klasik;Zara;5969.12;Yetiskin;80
2050;Maybelline Parfum Cilt Serumu;Kozmetik;Parfum;Maybelline;573.77;Yetiskin;100
2051;Beko Mutfak Nevresim Takımı;Ev-Yasam;Mutfak;Beko;8394.53;Yetiskin;9
2052;Dior Makyaj Göz Kalemi;Kozmetik;Makyaj;Dior;720.15;Genc;79
2053;North Face Outdoor Spor Çantası;Spor;Outdoor;North Face;2385.64;Yetiskin;34
2054;Mizuno Fitness Koşu Ayakkabısı;Spor;Fitness;Mizuno;7023.88;Yetiskin;98
2055;Logitech Retro Koleksiyonu;Oyun;Retro;Logitech;4319.60;Genc;46
2056;Bosch Konfor Kahve Makinesi;Ev-Yasam;Konfor;Bosch;2812.31;Genc;24
2057;Philips Dekorasyon Robot Süpürge;Ev-Yasam;Dekorasyon;Philips;1165.54;Genc;27
2058;Bose Analog Amfi;Muzik;Analog;Bose;10789.81;Genc;85
2059;Nike Aksesuar Çanta;Moda;Aksesuar;Nike;5397.66;Genc;36
2060;Under Armour Ekipman Antrenman Ekipmanı;Spor;Ekipman;Under Armour;1546.16;Yasli;80
2061;Everest Edebiyat Romanı/Kitabı;Kitap;Edebiyat;Everest;379.73;Yetiskin;2
2062;Zowie E-Spor Seti;Oyun;E-Spor;Zowie;3273.12;Cocuk;32
2063;Adidas Klasik Parfüm;Moda;Klasik;Adidas;5750.42;Genc;33
2064;Clinique Makyaj Nemlendirici;Kozmetik;Makyaj;Clinique;659.01;Yetiskin;98
2065;Lacoste Sokak Stili Çanta;Moda;Sokak Stili;Lacoste;5156.93;Yetiskin;47
2066;Sony Mobil Yasam Tablet;Teknoloji;Mobil Yasam;Sony;35043.62;Cocuk;93
2067;Castrol Arac Bakimi Aksesuarı;Otomobil-Aksesuar;Arac Bakimi;Castrol;6977.30;Yasli;28
2068;Iletisim Edebiyat Romanı/Kitabı;Kitap;Edebiyat;Iletisim;174.39;Genc;97
2069;North Face Ekipman Spor Çantası;Spor;Ekipman;North Face;4482.68;Yetiskin;29
2070;Audio-Technica Sahne DJ Ekipmanı;Muzik;Sahne;Audio-Technica;6918.60;Yetiskin;44
2071;MAC Parfum Göz Kalemi;Kozmetik;Parfum;MAC;245.25;Yetiskin;3
2072;Liquitex El Sanatlari Seti;Hobi-Sanat;El Sanatlari;Liquitex;1624.21;Cocuk;47
2073;LG Mobil Yasam Kulaklık;Teknoloji;Mobil Yasam;LG;12935.65;Cocuk;12
2074;Nike Klasik Çanta;Moda;Klasik;Nike;1364.78;Cocuk;90
2075;Canson Kirtasiye Paketi;Hobi-Sanat;Kirtasiye;Canson;1547.59;Genc;6
2076;Meguiars Konfor Aksesuarı;Otomobil-Aksesuar;Konfor;Meguiars;985.01;Yetiskin;29
2077;Derwent Kirtasiye Paketi;Hobi-Sanat;Kirtasiye;Derwent;755.36;Yetiskin;82
2078;Lacoste Sokak Stili Parfüm;Moda;Sokak Stili;Lacoste;3793.77;Yetiskin;89
2079;Audio-Technica Analog Amfi;Muzik;Analog;Audio-Technica;7539.90;Yetiskin;53
2080;Apple Mobil Yasam Akıllı Telefon;Teknoloji;Mobil Yasam;Apple;35338.00;Cocuk;1
2081;Mattel Egitici Koleksiyonu;Oyuncak;Egitici;Mattel;3479.74;Genc;17
2082;Lenovo Yazilim Bilgisayar;Teknoloji;Yazilim;Lenovo;22214.38;Yasli;1
2083;Playmobil Egitici Seti;Oyuncak;Egitici;Playmobil;2188.09;Yetiskin;20
2084;Zara Aksesuar Parfüm;Moda;Aksesuar;Zara;3268.36;Genc;26
2085;Marshall Sahne Enstrüman;Muzik;Sahne;Marshall;5117.35;Yasli;3
2086;Wilson Ekipman Spor Çantası;Spor;Ekipman;Wilson;1251.37;Cocuk;73
2087;English Home Konfor Kahve Makinesi;Ev-Yasam;Konfor;English Home;8207.27;Yetiskin;16
2088;Castelli Ekipman Spor Çantası;Spor;Ekipman;Castelli;1304.12;Yasli;65
2089;Beko Konfor Nevresim Takımı;Ev-Yasam;Konfor;Beko;4781.41;Genc;6
2090;Burberry Aksesuar Parfüm;Moda;Aksesuar;Burberry;4033.86;Yasli;48
2091;Yamaha Sahne DJ Ekipmanı;Muzik;Sahne;Yamaha;16046.85;Genc;81
2092;Huawei Mobil Yasam Akıllı Saat;Teknoloji;Mobil Yasam;Huawei;6855.51;Genc;69
2093;Pegasus Edebiyat Romanı/Kitabı;Kitap;Edebiyat;Pegasus;436.53;Cocuk;55
2094;Melissa Doug Egitici Seti;Oyuncak;Egitici;Melissa Doug;2521.45;Genc;30
2095;SteelSeries Yayincilik Seti;Oyun;Yayincilik;SteelSeries;1458.36;Yetiskin;96
2096;MAC Bakim Ruj;Kozmetik;Bakim;MAC;1594.21;Yasli;8
2097;Burberry Klasik Çanta;Moda;Klasik;Burberry;5009.45;Yasli;66
2098;Marshall Sahne Pikap;Muzik;Sahne;Marshall;17336.26;Yasli;10
2099;Mattel Egitici Paketi;Oyuncak;Egitici;Mattel;3159.63;Yetiskin;16
2100;Philips Mutfak Kahve Makinesi;Ev-Yasam;Mutfak;Philips;2986.51;Genc;64
2101;Yamaha Analog Amfi;Muzik;Analog;Yamaha;22842.73;Genc;61
2102;Spalding Outdoor Koşu Ayakkabısı;Spor;Outdoor;Spalding;3691.01;Genc;87
2103;Dogan Kitap Kisisel Gelisim Romanı/Kitabı;Kitap;Kisisel Gelisim;Dogan Kitap;292.21;Genc;6
2104;Gigabyte Retro Koleksiyonu;Oyun;Retro;Gigabyte;190.65;Genc;68
2105;Can Yayinlari Tarih Romanı/Kitabı;Kitap;Tarih;Can Yayinlari;163.70;Yasli;82
2106;Nivea Parfum Ruj;Kozmetik;Parfum;Nivea;1566.99;Genc;44
2107;Adidas Klasik Saat;Moda;Klasik;Adidas;4945.97;Yasli;69
2108;VTech Egitici Koleksiyonu;Oyuncak;Egitici;VTech;4300.20;Genc;41
2109;Beko Konfor Kahve Makinesi;Ev-Yasam;Konfor;Beko;10818.13;Yetiskin;48
2110;Sephora Bakim Göz Kalemi;Kozmetik;Bakim;Sephora;1382.66;Yasli;72
2111;Zara Sokak Stili Gözlük;Moda;Sokak Stili;Zara;1572.76;Cocuk;37
2112;Casio Sahne Enstrüman;Muzik;Sahne;Casio;5202.48;Yasli;90
2113;SteelSeries Yayincilik Seti;Oyun;Yayincilik;SteelSeries;927.27;Genc;83
2114;Gucci Sokak Stili Saat;Moda;Sokak Stili;Gucci;1928.66;Yasli;74
2115;Xiaomi Yazilim Akıllı Telefon;Teknoloji;Yazilim;Xiaomi;13826.64;Genc;76
2116;Castrol Konfor Aksesuarı;Otomobil-Aksesuar;Konfor;Castrol;9492.20;Yasli;16
2117;Bose Studyo DJ Ekipmanı;Muzik;Studyo;Bose;19923.22;Yetiskin;72
2118;Ithaki Tarih Romanı/Kitabı;Kitap;Tarih;Ithaki;191.15;Genc;37
2119;Spalding Ekipman Koşu Ayakkabısı;Spor;Ekipman;Spalding;7990.58;Yetiskin;82
2120;Bose Studyo Amfi;Muzik;Studyo;Bose;10578.87;Cocuk;83
2121;Adidas Klasik Saat;Moda;Klasik;Adidas;3344.78;Yetiskin;17
2122;English Home Dekorasyon Dekoratif Lamba;Ev-Yasam;Dekorasyon;English Home;10335.76;Cocuk;29
2123;Canson Kirtasiye Koleksiyonu;Hobi-Sanat;Kirtasiye;Canson;3023.21;Yetiskin;39
2124;Fisher-Price Aksiyon Paketi;Oyuncak;Aksiyon;Fisher-Price;3805.28;Yasli;65
2125;Prismacolor El Sanatlari Koleksiyonu;Hobi-Sanat;El Sanatlari;Prismacolor;1356.11;Genc;67
2126;Spin Master Egitici Paketi;Oyuncak;Egitici;Spin Master;4875.68;Yasli;67
2127;Can Yayinlari Edebiyat Romanı/Kitabı;Kitap;Edebiyat;Can Yayinlari;135.70;Yasli;9
2128;Mizuno Fitness Antrenman Ekipmanı;Spor;Fitness;Mizuno;7503.46;Cocuk;14
2129;Puma Aksesuar Çanta;Moda;Aksesuar;Puma;681.02;Yetiskin;63
2130;Marshall Analog Amfi;Muzik;Analog;Marshall;15977.00;Cocuk;91
2131;Pebeo Kirtasiye Seti;Hobi-Sanat;Kirtasiye;Pebeo;1491.35;Cocuk;74
2132;LOreal Bakim Cilt Serumu;Kozmetik;Bakim;LOreal;1676.02;Yasli;24
2133;LG Ev Ofis Tablet;Teknoloji;Ev Ofis;LG;5728.59;Genc;38
2134;Bosch Dekorasyon Kahve Makinesi;Ev-Yasam;Dekorasyon;Bosch;9380.44;Yetiskin;15
2135;Yamaha Analog DJ Ekipmanı;Muzik;Analog;Yamaha;15256.47;Yasli;71
2136;English Home Konfor Kahve Makinesi;Ev-Yasam;Konfor;English Home;2221.70;Yasli;14
2137;Xiaomi Mobil Yasam Akıllı Saat;Teknoloji;Mobil Yasam;Xiaomi;36212.66;Genc;78
2138;MAC Bakim Nemlendirici;Kozmetik;Bakim;MAC;1904.74;Yasli;8
2139;Mattel Klasik Seti;Oyuncak;Klasik;Mattel;327.01;Cocuk;6
2140;Gucci Aksesuar Parfüm;Moda;Aksesuar;Gucci;5406.68;Cocuk;52
2141;Hot Wheels Klasik Seti;Oyuncak;Klasik;Hot Wheels;2082.88;Cocuk;50
2142;LEGO Klasik Koleksiyonu;Oyuncak;Klasik;LEGO;657.04;Yetiskin;31
2143;Nike Klasik Çanta;Moda;Klasik;Nike;2662.29;Yasli;21
2144;Sennheiser Analog DJ Ekipmanı;Muzik;Analog;Sennheiser;13315.24;Cocuk;97
2145;Bosch Mutfak Robot Süpürge;Ev-Yasam;Mutfak;Bosch;2441.40;Yetiskin;55
2146;Winsor Newton Resim Koleksiyonu;Hobi-Sanat;Resim;Winsor Newton;295.56;Genc;12
2147;Sony Ev Ofis Akıllı Telefon;Teknoloji;Ev Ofis;Sony;36633.63;Yetiskin;93
2148;Pioneer Arac Bakimi Aksesuarı;Otomobil-Aksesuar;Arac Bakimi;Pioneer;1908.51;Yasli;30
2149;Sony Ev Ofis Kulaklık;Teknoloji;Ev Ofis;Sony;27481.02;Cocuk;31
2150;Canson El Sanatlari Koleksiyonu;Hobi-Sanat;El Sanatlari;Canson;1847.76;Genc;5
2151;Lancome Bakim Ruj;Kozmetik;Bakim;Lancome;703.64;Cocuk;32
2152;Adidas Klasik Çanta;Moda;Klasik;Adidas;1906.94;Yetiskin;45
2153;HP Yazilim Kulaklık;Teknoloji;Yazilim;HP;43271.51;Genc;39
2154;Reeves Kirtasiye Koleksiyonu;Hobi-Sanat;Kirtasiye;Reeves;2838.58;Cocuk;31
2155;Adidas Sokak Stili Parfüm;Moda;Sokak Stili;Adidas;3673.33;Cocuk;69
2156;Bosch Mutfak Nevresim Takımı;Ev-Yasam;Mutfak;Bosch;2233.96;Cocuk;54
2157;LEGO Klasik Koleksiyonu;Oyuncak;Klasik;LEGO;307.03;Cocuk;41
2158;Beko Dekorasyon Dekoratif Lamba;Ev-Yasam;Dekorasyon;Beko;3838.43;Yetiskin;84
2159;Audio-Technica Analog DJ Ekipmanı;Muzik;Analog;Audio-Technica;9989.66;Cocuk;38
2160;HyperX Retro Paketi;Oyun;Retro;HyperX;938.37;Cocuk;97
2161;Dior Makyaj Cilt Serumu;Kozmetik;Makyaj;Dior;1091.83;Genc;43
2162;Spin Master Egitici Paketi;Oyuncak;Egitici;Spin Master;3639.66;Genc;86
2163;Salomon Ekipman Koşu Ayakkabısı;Spor;Ekipman;Salomon;7849.70;Genc;9
2164;Philips Dekorasyon Dekoratif Lamba;Ev-Yasam;Dekorasyon;Philips;10991.16;Yasli;98
2165;Audio-Technica Studyo Enstrüman;Muzik;Studyo;Audio-Technica;23122.84;Cocuk;59
2166;Pasabahce Konfor Kahve Makinesi;Ev-Yasam;Konfor;Pasabahce;3451.14;Cocuk;11
2167;Yapi Kredi Tarih Romanı/Kitabı;Kitap;Tarih;Yapi Kredi;214.00;Yetiskin;78
2168;Audio-Technica Analog Amfi;Muzik;Analog;Audio-Technica;1332.29;Cocuk;58
2169;MSI Retro Koleksiyonu;Oyun;Retro;MSI;2585.54;Yasli;68
2170;LG Mobil Yasam Bilgisayar;Teknoloji;Mobil Yasam;LG;8208.96;Yasli;51
2171;Hasbro Aksiyon Koleksiyonu;Oyuncak;Aksiyon;Hasbro;2657.01;Cocuk;28
2172;Liquitex Resim Koleksiyonu;Hobi-Sanat;Resim;Liquitex;3992.86;Yetiskin;97
2173;Puma Aksesuar Gözlük;Moda;Aksesuar;Puma;4965.31;Yetiskin;15
2174;Pegasus Edebiyat Romanı/Kitabı;Kitap;Edebiyat;Pegasus;282.89;Genc;30
2175;Prada Klasik Gözlük;Moda;Klasik;Prada;5512.45;Yasli;100
2176;Prada Aksesuar Saat;Moda;Aksesuar;Prada;4274.14;Cocuk;42
2177;Michelin Konfor Aksesuarı;Otomobil-Aksesuar;Konfor;Michelin;10373.38;Yasli;40
2178;HP Mobil Yasam Kulaklık;Teknoloji;Mobil Yasam;HP;24326.89;Cocuk;31
2179;Sparco Guvenlik Aksesuarı;Otomobil-Aksesuar;Guvenlik;Sparco;2992.53;Cocuk;41
2180;Logitech E-Spor Seti;Oyun;E-Spor;Logitech;2137.78;Cocuk;3
2181;English Home Konfor Nevresim Takımı;Ev-Yasam;Konfor;English Home;2358.28;Yasli;97
2182;Bosch Mutfak Robot Süpürge;Ev-Yasam;Mutfak;Bosch;3228.59;Yetiskin;85
2183;Nvidia Yayincilik Koleksiyonu;Oyun;Yayincilik;Nvidia;4667.73;Genc;4
2184;Samsung Mobil Yasam Akıllı Saat;Teknoloji;Mobil Yasam;Samsung;10059.43;Yetiskin;72
2185;Nvidia E-Spor Koleksiyonu;Oyun;E-Spor;Nvidia;1173.74;Cocuk;45
2186;Castelli Outdoor Eşofman Takımı;Spor;Outdoor;Castelli;2740.67;Cocuk;61
2187;Derwent Kirtasiye Paketi;Hobi-Sanat;Kirtasiye;Derwent;3729.03;Yetiskin;10
2188;H&M Klasik Çanta;Moda;Klasik;H&M;3741.09;Genc;72
2189;Goodyear Konfor Aksesuarı;Otomobil-Aksesuar;Konfor;Goodyear;11935.67;Yasli;12
2190;Audio-Technica Studyo Pikap;Muzik;Studyo;Audio-Technica;21079.71;Yasli;92
2191;Salomon Outdoor Antrenman Ekipmanı;Spor;Outdoor;Salomon;5479.69;Genc;19
2192;Casio Sahne DJ Ekipmanı;Muzik;Sahne;Casio;3740.94;Yasli;16
2193;Everest Tarih Romanı/Kitabı;Kitap;Tarih;Everest;176.78;Yetiskin;23
2194;Columbia Ekipman Spor Çantası;Spor;Ekipman;Columbia;5568.54;Yasli;93
2195;Hot Wheels Klasik Paketi;Oyuncak;Klasik;Hot Wheels;1288.73;Genc;91
2196;VTech Klasik Koleksiyonu;Oyuncak;Klasik;VTech;1497.23;Genc;50
2197;Nvidia Yayincilik Seti;Oyun;Yayincilik;Nvidia;4474.71;Yasli;36
2198;3M Guvenlik Aksesuarı;Otomobil-Aksesuar;Guvenlik;3M;14917.28;Yetiskin;47
2199;Ithaki Edebiyat Romanı/Kitabı;Kitap;Edebiyat;Ithaki;168.12;Genc;71
2200;Karaca Konfor Kahve Makinesi;Ev-Yasam;Konfor;Karaca;8246.60;Genc;65
2201;LEGO Klasik Koleksiyonu;Oyuncak;Klasik;LEGO;4773.37;Yasli;16
2202;Sparco Arac Bakimi Aksesuarı;Otomobil-Aksesuar;Arac Bakimi;Sparco;850.52;Yetiskin;47
2203;Lenovo Mobil Yasam Tablet;Teknoloji;Mobil Yasam;Lenovo;22124.55;Yetiskin;34
2204;Spin Master Klasik Paketi;Oyuncak;Klasik;Spin Master;215.33;Yetiskin;89
2205;Dior Makyaj Göz Kalemi;Kozmetik;Makyaj;Dior;919.85;Cocuk;79
2206;Decathlon Outdoor Antrenman Ekipmanı;Spor;Outdoor;Decathlon;6996.67;Yasli;86
2207;Clinique Parfum Nemlendirici;Kozmetik;Parfum;Clinique;1011.04;Genc;64
2208;HP Ev Ofis Bilgisayar;Teknoloji;Ev Ofis;HP;44098.97;Yasli;66
2209;Prada Aksesuar Çanta;Moda;Aksesuar;Prada;2252.97;Yasli;51
2210;Apple Yazilim Akıllı Telefon;Teknoloji;Yazilim;Apple;35601.87;Yetiskin;23
2211;Hot Wheels Aksiyon Paketi;Oyuncak;Aksiyon;Hot Wheels;3497.94;Cocuk;100
2212;Pegasus Tarih Romanı/Kitabı;Kitap;Tarih;Pegasus;121.73;Yasli;32
2213;Madame Coco Mutfak Robot Süpürge;Ev-Yasam;Mutfak;Madame Coco;7670.79;Cocuk;85
2214;Philips Konfor Robot Süpürge;Ev-Yasam;Konfor;Philips;2551.94;Cocuk;97
2215;Wilson Ekipman Eşofman Takımı;Spor;Ekipman;Wilson;5494.86;Yetiskin;42
2216;Puma Aksesuar Parfüm;Moda;Aksesuar;Puma;1754.15;Yasli;31
2217;Dell Ev Ofis Tablet;Teknoloji;Ev Ofis;Dell;28470.29;Genc;81
2218;Playmobil Klasik Seti;Oyuncak;Klasik;Playmobil;144.02;Yasli;58
2219;Prismacolor Resim Koleksiyonu;Hobi-Sanat;Resim;Prismacolor;3182.04;Genc;11
2220;Moleskine Resim Paketi;Hobi-Sanat;Resim;Moleskine;2111.16;Yasli;35
2221;Is Bankasi Yayinlari Edebiyat Romanı/Kitabı;Kitap;Edebiyat;Is Bankasi Yayinlari;316.06;Cocuk;61
2222;Levi's Klasik Gözlük;Moda;Klasik;Levi's;5769.31;Yetiskin;79
2223;Wilson Fitness Antrenman Ekipmanı;Spor;Fitness;Wilson;4268.52;Yetiskin;41
2224;Mattel Klasik Seti;Oyuncak;Klasik;Mattel;4925.52;Yetiskin;56
2225;Salomon Outdoor Antrenman Ekipmanı;Spor;Outdoor;Salomon;4182.27;Genc;42
2226;Gibson Sahne Pikap;Muzik;Sahne;Gibson;17356.34;Yasli;18
2227;Mizuno Fitness Spor Çantası;Spor;Fitness;Mizuno;6010.68;Yetiskin;59
2228;Asus Mobil Yasam Kulaklık;Teknoloji;Mobil Yasam;Asus;37144.89;Cocuk;61
2229;Bosch Dekorasyon Dekoratif Lamba;Ev-Yasam;Dekorasyon;Bosch;3008.73;Genc;66
2230;Spin Master Klasik Koleksiyonu;Oyuncak;Klasik;Spin Master;4576.96;Yetiskin;10
2231;Yapi Kredi Kisisel Gelisim Romanı/Kitabı;Kitap;Kisisel Gelisim;Yapi Kredi;52.62;Yasli;57
2232;Estee Lauder Bakim Nemlendirici;Kozmetik;Bakim;Estee Lauder;1397.74;Cocuk;37
2233;Melissa Doug Egitici Paketi;Oyuncak;Egitici;Melissa Doug;1309.44;Yetiskin;63
2234;Pioneer Arac Bakimi Aksesuarı;Otomobil-Aksesuar;Arac Bakimi;Pioneer;1561.56;Cocuk;41
2235;English Home Mutfak Nevresim Takımı;Ev-Yasam;Mutfak;English Home;427.36;Yetiskin;84
2236;Decathlon Fitness Spor Çantası;Spor;Fitness;Decathlon;745.90;Genc;58
2237;Ikea Mutfak Dekoratif Lamba;Ev-Yasam;Mutfak;Ikea;7556.57;Genc;43
2238;Beko Mutfak Robot Süpürge;Ev-Yasam;Mutfak;Beko;1575.88;Genc;4
2239;Lenovo Mobil Yasam Kulaklık;Teknoloji;Mobil Yasam;Lenovo;29102.21;Genc;77
2240;Nvidia E-Spor Seti;Oyun;E-Spor;Nvidia;2537.00;Cocuk;8
2241;Sephora Parfum Ruj;Kozmetik;Parfum;Sephora;1842.76;Genc;75
2242;Under Armour Ekipman Antrenman Ekipmanı;Spor;Ekipman;Under Armour;3816.80;Genc;1
2243;Liquitex Resim Paketi;Hobi-Sanat;Resim;Liquitex;3200.31;Yetiskin;1
2244;Lancome Makyaj Nemlendirici;Kozmetik;Makyaj;Lancome;1663.25;Cocuk;96
2245;Levi's Aksesuar Saat;Moda;Aksesuar;Levi's;2146.41;Yetiskin;55
2246;Huawei Yazilim Bilgisayar;Teknoloji;Yazilim;Huawei;37872.99;Cocuk;54
2247;Sparco Guvenlik Aksesuarı;Otomobil-Aksesuar;Guvenlik;Sparco;7729.06;Cocuk;35
2248;Playmobil Klasik Koleksiyonu;Oyuncak;Klasik;Playmobil;3802.14;Yasli;94
2249;Winsor Newton Resim Koleksiyonu;Hobi-Sanat;Resim;Winsor Newton;1465.88;Cocuk;4
2250;Asus Ev Ofis Tablet;Teknoloji;Ev Ofis;Asus;6640.63;Genc;55
2251;Asus Yazilim Bilgisayar;Teknoloji;Yazilim;Asus;9285.24;Genc;54
2252;Moleskine El Sanatlari Paketi;Hobi-Sanat;El Sanatlari;Moleskine;1126.31;Yasli;27
2253;Sparco Konfor Aksesuarı;Otomobil-Aksesuar;Konfor;Sparco;11114.40;Cocuk;74
2254;Salomon Fitness Antrenman Ekipmanı;Spor;Fitness;Salomon;5781.33;Genc;78
2255;Xiaomi Ev Ofis Akıllı Saat;Teknoloji;Ev Ofis;Xiaomi;4096.90;Genc;26
2256;Audio-Technica Studyo Pikap;Muzik;Studyo;Audio-Technica;17065.91;Cocuk;92
2257;Hot Wheels Egitici Seti;Oyuncak;Egitici;Hot Wheels;3394.53;Cocuk;82
2258;Sephora Makyaj Ruj;Kozmetik;Makyaj;Sephora;480.30;Genc;69
2259;Pasabahce Mutfak Nevresim Takımı;Ev-Yasam;Mutfak;Pasabahce;7250.27;Yasli;1
2260;Nintendo E-Spor Seti;Oyun;E-Spor;Nintendo;4820.68;Yetiskin;83
2261;Pasabahce Dekorasyon Robot Süpürge;Ev-Yasam;Dekorasyon;Pasabahce;2205.60;Yasli;92
2262;Is Bankasi Yayinlari Kisisel Gelisim Romanı/Kitabı;Kitap;Kisisel Gelisim;Is Bankasi Yayinlari;328.84;Yetiskin;71
2263;Iletisim Kisisel Gelisim Romanı/Kitabı;Kitap;Kisisel Gelisim;Iletisim;372.76;Yasli;65
2264;Mattel Aksiyon Koleksiyonu;Oyuncak;Aksiyon;Mattel;602.76;Genc;35
2265;Audio-Technica Sahne Amfi;Muzik;Sahne;Audio-Technica;21243.63;Yasli;15
2266;Hot Wheels Egitici Koleksiyonu;Oyuncak;Egitici;Hot Wheels;635.66;Yasli;7
2267;Bosch Mutfak Robot Süpürge;Ev-Yasam;Mutfak;Bosch;6916.47;Cocuk;15
2268;Nivea Bakim Nemlendirici;Kozmetik;Bakim;Nivea;1980.19;Genc;27
2269;Playmobil Klasik Seti;Oyuncak;Klasik;Playmobil;2171.77;Genc;97
2270;Samsung Yazilim Bilgisayar;Teknoloji;Yazilim;Samsung;7713.26;Yasli;99
2271;Michelin Guvenlik Aksesuarı;Otomobil-Aksesuar;Guvenlik;Michelin;7380.72;Yasli;32
2272;SteelSeries E-Spor Seti;Oyun;E-Spor;SteelSeries;903.04;Yasli;26
2273;Karaca Mutfak Robot Süpürge;Ev-Yasam;Mutfak;Karaca;2865.72;Yetiskin;100
2274;Dior Parfum Ruj;Kozmetik;Parfum;Dior;1390.64;Cocuk;53
2275;Ithaki Tarih Romanı/Kitabı;Kitap;Tarih;Ithaki;363.74;Cocuk;88
2276;Asus Yazilim Tablet;Teknoloji;Yazilim;Asus;43788.86;Yetiskin;7
2277;SteelSeries Yayincilik Koleksiyonu;Oyun;Yayincilik;SteelSeries;3846.42;Yasli;71
2278;Tefal Mutfak Robot Süpürge;Ev-Yasam;Mutfak;Tefal;11444.23;Genc;4
2279;MSI E-Spor Seti;Oyun;E-Spor;MSI;3238.91;Yetiskin;63
2280;Sony Ev Ofis Akıllı Saat;Teknoloji;Ev Ofis;Sony;29452.30;Yetiskin;22
2281;Yapi Kredi Kisisel Gelisim Romanı/Kitabı;Kitap;Kisisel Gelisim;Yapi Kredi;343.53;Yetiskin;75
2282;Pebeo El Sanatlari Seti;Hobi-Sanat;El Sanatlari;Pebeo;2909.17;Yasli;12
2283;Fisher-Price Aksiyon Paketi;Oyuncak;Aksiyon;Fisher-Price;3158.94;Yetiskin;1
2284;Xiaomi Yazilim Akıllı Saat;Teknoloji;Yazilim;Xiaomi;4918.77;Yasli;15
2285;VTech Egitici Koleksiyonu;Oyuncak;Egitici;VTech;1011.33;Yetiskin;7
2286;English Home Konfor Kahve Makinesi;Ev-Yasam;Konfor;English Home;4659.34;Genc;98
2287;Samsung Ev Ofis Akıllı Saat;Teknoloji;Ev Ofis;Samsung;36435.68;Genc;7
2288;Yamaha Studyo Pikap;Muzik;Studyo;Yamaha;5245.88;Yasli;2
2289;Nike Aksesuar Ceket;Moda;Aksesuar;Nike;3679.22;Yetiskin;13
2290;Nivea Bakim Cilt Serumu;Kozmetik;Bakim;Nivea;291.09;Genc;100
2291;Puma Klasik Gözlük;Moda;Klasik;Puma;4558.74;Cocuk;82
2292;Huawei Yazilim Kulaklık;Teknoloji;Yazilim;Huawei;30516.71;Cocuk;71
2293;Fender Studyo Pikap;Muzik;Studyo;Fender;20653.23;Yasli;29
2294;Mizuno Outdoor Eşofman Takımı;Spor;Outdoor;Mizuno;5016.67;Yetiskin;49
2295;SteelSeries Retro Koleksiyonu;Oyun;Retro;SteelSeries;1332.28;Cocuk;93
2296;English Home Konfor Nevresim Takımı;Ev-Yasam;Konfor;English Home;6210.24;Yetiskin;49
2297;Moleskine Kirtasiye Paketi;Hobi-Sanat;Kirtasiye;Moleskine;3309.39;Yasli;20
2298;Fisher-Price Aksiyon Seti;Oyuncak;Aksiyon;Fisher-Price;3971.47;Yetiskin;54
2299;Sennheiser Analog Amfi;Muzik;Analog;Sennheiser;16483.67;Yetiskin;36
2300;Is Bankasi Yayinlari Edebiyat Romanı/Kitabı;Kitap;Edebiyat;Is Bankasi Yayinlari;399.08;Genc;60
2301;North Face Fitness Antrenman Ekipmanı;Spor;Fitness;North Face;1402.14;Genc;84
2302;Ithaki Edebiyat Romanı/Kitabı;Kitap;Edebiyat;Ithaki;470.68;Genc;83
2303;Logitech Retro Koleksiyonu;Oyun;Retro;Logitech;1086.64;Yetiskin;47
2304;Corsair Retro Paketi;Oyun;Retro;Corsair;4038.25;Yetiskin;43
2305;Sony Mobil Yasam Tablet;Teknoloji;Mobil Yasam;Sony;26476.72;Yasli;22
2306;Reebok Outdoor Koşu Ayakkabısı;Spor;Outdoor;Reebok;4558.96;Yasli;34
2307;Mattel Aksiyon Seti;Oyuncak;Aksiyon;Mattel;3647.84;Yetiskin;93
2308;Casio Analog DJ Ekipmanı;Muzik;Analog;Casio;9574.63;Yetiskin;85
2309;Castelli Outdoor Eşofman Takımı;Spor;Outdoor;Castelli;3702.61;Genc;65
2310;Winsor Newton Resim Koleksiyonu;Hobi-Sanat;Resim;Winsor Newton;3219.33;Yasli;5
2311;Audio-Technica Analog Pikap;Muzik;Analog;Audio-Technica;18432.14;Yetiskin;90
2312;VTech Egitici Koleksiyonu;Oyuncak;Egitici;VTech;4304.35;Yetiskin;13
2313;Gibson Studyo Amfi;Muzik;Studyo;Gibson;19266.46;Yasli;67
2314;H&M Aksesuar Saat;Moda;Aksesuar;H&M;3007.92;Cocuk;75
2315;Nike Sokak Stili Çanta;Moda;Sokak Stili;Nike;4955.93;Cocuk;4
2316;Sephora Bakim Ruj;Kozmetik;Bakim;Sephora;430.35;Genc;50
2317;Clinique Makyaj Nemlendirici;Kozmetik;Makyaj;Clinique;1356.92;Yasli;74
2318;Karaca Dekorasyon Kahve Makinesi;Ev-Yasam;Dekorasyon;Karaca;11965.67;Yasli;16
2319;Tefal Mutfak Kahve Makinesi;Ev-Yasam;Mutfak;Tefal;4665.44;Yasli;70
2320;Logitech Retro Seti;Oyun;Retro;Logitech;3514.49;Yasli;36
2321;English Home Dekorasyon Dekoratif Lamba;Ev-Yasam;Dekorasyon;English Home;4249.98;Cocuk;27
2322;Fender Sahne DJ Ekipmanı;Muzik;Sahne;Fender;17333.06;Genc;100
2323;Decathlon Fitness Spor Çantası;Spor;Fitness;Decathlon;7558.84;Cocuk;96
2324;Melissa Doug Klasik Paketi;Oyuncak;Klasik;Melissa Doug;3649.02;Yasli;3
2325;Playmobil Klasik Seti;Oyuncak;Klasik;Playmobil;1209.14;Genc;31
2326;Sparco Konfor Aksesuarı;Otomobil-Aksesuar;Konfor;Sparco;4747.28;Yetiskin;83
2327;Sennheiser Analog DJ Ekipmanı;Muzik;Analog;Sennheiser;11387.07;Yasli;41
2328;Karaca Dekorasyon Nevresim Takımı;Ev-Yasam;Dekorasyon;Karaca;5962.17;Cocuk;78
2329;Melissa Doug Klasik Seti;Oyuncak;Klasik;Melissa Doug;2168.04;Cocuk;22
2330;Daler Rowney Kirtasiye Paketi;Hobi-Sanat;Kirtasiye;Daler Rowney;4360.44;Yasli;33
2331;Pebeo Kirtasiye Paketi;Hobi-Sanat;Kirtasiye;Pebeo;4084.05;Yetiskin;60
2332;Ithaki Edebiyat Romanı/Kitabı;Kitap;Edebiyat;Ithaki;58.41;Yetiskin;18
2333;Meguiars Konfor Aksesuarı;Otomobil-Aksesuar;Konfor;Meguiars;13220.39;Yasli;59
2334;Nintendo Retro Seti;Oyun;Retro;Nintendo;2120.39;Cocuk;13
2335;Madame Coco Dekorasyon Robot Süpürge;Ev-Yasam;Dekorasyon;Madame Coco;5136.27;Genc;43
2336;Canson Kirtasiye Paketi;Hobi-Sanat;Kirtasiye;Canson;460.41;Yetiskin;11
2337;Alfa Yayinlari Tarih Romanı/Kitabı;Kitap;Tarih;Alfa Yayinlari;317.39;Genc;87
2338;Fender Studyo Pikap;Muzik;Studyo;Fender;23512.53;Genc;83
2339;Iletisim Edebiyat Romanı/Kitabı;Kitap;Edebiyat;Iletisim;313.14;Genc;39
2340;Prada Klasik Ceket;Moda;Klasik;Prada;4243.03;Cocuk;9
2341;Gigabyte E-Spor Seti;Oyun;E-Spor;Gigabyte;2709.95;Genc;60
2342;Reebok Outdoor Antrenman Ekipmanı;Spor;Outdoor;Reebok;4801.59;Genc;18
2343;HyperX Retro Paketi;Oyun;Retro;HyperX;3565.68;Cocuk;71
2344;Nintendo E-Spor Koleksiyonu;Oyun;E-Spor;Nintendo;3803.72;Yasli;77
2345;Adidas Sokak Stili Ceket;Moda;Sokak Stili;Adidas;4879.67;Genc;3
2346;Clinique Makyaj Nemlendirici;Kozmetik;Makyaj;Clinique;1429.49;Yasli;18
2347;Under Armour Fitness Eşofman Takımı;Spor;Fitness;Under Armour;7486.15;Genc;58
2348;Lacoste Sokak Stili Çanta;Moda;Sokak Stili;Lacoste;3102.16;Cocuk;5
2349;Prada Klasik Gözlük;Moda;Klasik;Prada;2612.17;Cocuk;76
2350;English Home Mutfak Kahve Makinesi;Ev-Yasam;Mutfak;English Home;10963.25;Genc;35
2351;3M Konfor Aksesuarı;Otomobil-Aksesuar;Konfor;3M;8363.70;Yetiskin;94
2352;LEGO Egitici Paketi;Oyuncak;Egitici;LEGO;2087.75;Yetiskin;42
2353;Decathlon Outdoor Koşu Ayakkabısı;Spor;Outdoor;Decathlon;7745.44;Cocuk;37
2354;Pasabahce Dekorasyon Dekoratif Lamba;Ev-Yasam;Dekorasyon;Pasabahce;575.93;Cocuk;79
2355;Adidas Sokak Stili Parfüm;Moda;Sokak Stili;Adidas;4345.08;Yetiskin;86
2356;Reeves Kirtasiye Paketi;Hobi-Sanat;Kirtasiye;Reeves;874.26;Genc;67
2357;Yapi Kredi Tarih Romanı/Kitabı;Kitap;Tarih;Yapi Kredi;472.55;Yetiskin;29
2358;Dell Ev Ofis Kulaklık;Teknoloji;Ev Ofis;Dell;15197.58;Cocuk;70
2359;Derwent Resim Seti;Hobi-Sanat;Resim;Derwent;425.71;Genc;37
2360;Iletisim Kisisel Gelisim Romanı/Kitabı;Kitap;Kisisel Gelisim;Iletisim;127.76;Genc;70
2361;Nvidia Retro Paketi;Oyun;Retro;Nvidia;4894.80;Cocuk;41
2362;Canson El Sanatlari Paketi;Hobi-Sanat;El Sanatlari;Canson;354.95;Yasli;89
2363;Continental Konfor Aksesuarı;Otomobil-Aksesuar;Konfor;Continental;1070.04;Cocuk;10
2364;Tefal Konfor Nevresim Takımı;Ev-Yasam;Konfor;Tefal;5892.17;Genc;71
2365;Lacoste Klasik Ceket;Moda;Klasik;Lacoste;5320.89;Yetiskin;99
2366;Maybelline Bakim Ruj;Kozmetik;Bakim;Maybelline;1531.08;Yasli;35
2367;Philips Dekorasyon Dekoratif Lamba;Ev-Yasam;Dekorasyon;Philips;5412.89;Yasli;89
2368;Gucci Klasik Çanta;Moda;Klasik;Gucci;5792.17;Yasli;5
2369;VTech Klasik Seti;Oyuncak;Klasik;VTech;4376.07;Cocuk;31
2370;Roland Sahne Amfi;Muzik;Sahne;Roland;8203.99;Yetiskin;62
2371;Bose Analog DJ Ekipmanı;Muzik;Analog;Bose;23861.79;Yetiskin;31
2372;Yamaha Sahne Pikap;Muzik;Sahne;Yamaha;17721.46;Genc;14
2373;Asus Ev Ofis Akıllı Saat;Teknoloji;Ev Ofis;Asus;25371.91;Yasli;43
2374;Pebeo Resim Koleksiyonu;Hobi-Sanat;Resim;Pebeo;2669.29;Genc;6
2375;Hot Wheels Klasik Koleksiyonu;Oyuncak;Klasik;Hot Wheels;2527.28;Genc;24
2376;Asus Ev Ofis Tablet;Teknoloji;Ev Ofis;Asus;11415.39;Yetiskin;67
2377;Nike Klasik Ceket;Moda;Klasik;Nike;1243.86;Genc;97
2378;Reeves El Sanatlari Paketi;Hobi-Sanat;El Sanatlari;Reeves;1843.63;Cocuk;81
2379;Fisher-Price Egitici Paketi;Oyuncak;Egitici;Fisher-Price;1175.83;Genc;39
2380;JBL Analog Amfi;Muzik;Analog;JBL;22293.36;Yetiskin;64
2381;Roland Studyo Enstrüman;Muzik;Studyo;Roland;14170.60;Yasli;71
2382;MGA Entertainment Aksiyon Paketi;Oyuncak;Aksiyon;MGA Entertainment;2627.22;Cocuk;13
2383;Spalding Ekipman Spor Çantası;Spor;Ekipman;Spalding;3538.56;Genc;25
2384;Mizuno Fitness Koşu Ayakkabısı;Spor;Fitness;Mizuno;3698.35;Genc;8
2385;Pegasus Edebiyat Romanı/Kitabı;Kitap;Edebiyat;Pegasus;73.25;Cocuk;62
2386;Sparco Guvenlik Aksesuarı;Otomobil-Aksesuar;Guvenlik;Sparco;8821.38;Cocuk;2
2387;Xiaomi Ev Ofis Akıllı Telefon;Teknoloji;Ev Ofis;Xiaomi;2562.18;Cocuk;58
2388;Reeves Kirtasiye Koleksiyonu;Hobi-Sanat;Kirtasiye;Reeves;2488.70;Yetiskin;38
2389;Apple Mobil Yasam Akıllı Telefon;Teknoloji;Mobil Yasam;Apple;17465.18;Cocuk;78
2390;Marshall Sahne DJ Ekipmanı;Muzik;Sahne;Marshall;20951.77;Cocuk;29
2391;Yamaha Studyo Enstrüman;Muzik;Studyo;Yamaha;14320.06;Yetiskin;58
2392;Iletisim Tarih Romanı/Kitabı;Kitap;Tarih;Iletisim;82.89;Yetiskin;79
2393;Yamaha Analog DJ Ekipmanı;Muzik;Analog;Yamaha;20444.24;Yasli;21
2394;Roland Analog Enstrüman;Muzik;Analog;Roland;12595.11;Cocuk;47
2395;MAC Bakim Göz Kalemi;Kozmetik;Bakim;MAC;1245.44;Yasli;87
2396;Continental Guvenlik Aksesuarı;Otomobil-Aksesuar;Guvenlik;Continental;2458.61;Genc;14
2397;Goodyear Arac Bakimi Aksesuarı;Otomobil-Aksesuar;Arac Bakimi;Goodyear;13705.14;Cocuk;53
2398;Bridgestone Guvenlik Aksesuarı;Otomobil-Aksesuar;Guvenlik;Bridgestone;2412.55;Yetiskin;26
2399;Nvidia Yayincilik Koleksiyonu;Oyun;Yayincilik;Nvidia;147.21;Cocuk;78
2400;Moleskine El Sanatlari Seti;Hobi-Sanat;El Sanatlari;Moleskine;1061.01;Yasli;94
2401;Iletisim Edebiyat Romanı/Kitabı;Kitap;Edebiyat;Iletisim;329.49;Genc;30
2402;Fender Sahne DJ Ekipmanı;Muzik;Sahne;Fender;10756.40;Yasli;37
2403;Playmobil Aksiyon Seti;Oyuncak;Aksiyon;Playmobil;2431.37;Cocuk;51
2404;Dior Bakim Ruj;Kozmetik;Bakim;Dior;653.40;Genc;71
2405;Prismacolor Resim Seti;Hobi-Sanat;Resim;Prismacolor;1031.73;Yetiskin;87
2406;Hot Wheels Aksiyon Koleksiyonu;Oyuncak;Aksiyon;Hot Wheels;811.62;Yasli;83
2407;LOreal Makyaj Ruj;Kozmetik;Makyaj;LOreal;186.33;Genc;25
2408;North Face Outdoor Antrenman Ekipmanı;Spor;Outdoor;North Face;7447.96;Yasli;85
2409;LG Mobil Yasam Bilgisayar;Teknoloji;Mobil Yasam;LG;40671.01;Genc;28
2410;English Home Dekorasyon Nevresim Takımı;Ev-Yasam;Dekorasyon;English Home;5548.43;Yetiskin;55
2411;Iletisim Tarih Romanı/Kitabı;Kitap;Tarih;Iletisim;129.11;Genc;80
2412;Zara Sokak Stili Parfüm;Moda;Sokak Stili;Zara;4177.09;Yasli;71
2413;Metis Tarih Romanı/Kitabı;Kitap;Tarih;Metis;436.31;Yasli;38
2414;Logitech E-Spor Seti;Oyun;E-Spor;Logitech;4666.20;Yasli;62
2415;SteelSeries E-Spor Seti;Oyun;E-Spor;SteelSeries;493.97;Yetiskin;49
2416;North Face Outdoor Eşofman Takımı;Spor;Outdoor;North Face;3444.66;Yasli;25
2417;Levi's Sokak Stili Parfüm;Moda;Sokak Stili;Levi's;2085.10;Yetiskin;61
2418;Bosch Mutfak Kahve Makinesi;Ev-Yasam;Mutfak;Bosch;579.32;Genc;19
2419;Everest Tarih Romanı/Kitabı;Kitap;Tarih;Everest;431.14;Cocuk;98
2420;Decathlon Ekipman Koşu Ayakkabısı;Spor;Ekipman;Decathlon;7194.76;Yetiskin;56
2421;Castelli Fitness Antrenman Ekipmanı;Spor;Fitness;Castelli;2640.33;Genc;77
2422;Nike Aksesuar Saat;Moda;Aksesuar;Nike;2640.11;Yetiskin;34
2423;Asus Yazilim Kulaklık;Teknoloji;Yazilim;Asus;2579.28;Yasli;6
2424;3M Arac Bakimi Aksesuarı;Otomobil-Aksesuar;Arac Bakimi;3M;8489.10;Cocuk;12
2425;Lacoste Aksesuar Parfüm;Moda;Aksesuar;Lacoste;5794.74;Cocuk;49
2426;Logitech Yayincilik Koleksiyonu;Oyun;Yayincilik;Logitech;921.39;Genc;64
2427;Spalding Ekipman Eşofman Takımı;Spor;Ekipman;Spalding;2392.89;Yasli;92
2428;Samsung Ev Ofis Tablet;Teknoloji;Ev Ofis;Samsung;43453.32;Yasli;97
2429;Moleskine El Sanatlari Koleksiyonu;Hobi-Sanat;El Sanatlari;Moleskine;4566.34;Yetiskin;76
2430;Beko Konfor Kahve Makinesi;Ev-Yasam;Konfor;Beko;7247.45;Cocuk;83
2431;Nvidia Retro Paketi;Oyun;Retro;Nvidia;2929.40;Yetiskin;59
2432;Reeves Kirtasiye Paketi;Hobi-Sanat;Kirtasiye;Reeves;4040.54;Genc;31
2433;Columbia Ekipman Koşu Ayakkabısı;Spor;Ekipman;Columbia;718.28;Genc;68
2434;Pasabahce Mutfak Dekoratif Lamba;Ev-Yasam;Mutfak;Pasabahce;6260.77;Cocuk;72
2435;Bosch Guvenlik Aksesuarı;Otomobil-Aksesuar;Guvenlik;Bosch;2871.51;Cocuk;74
2436;Zowie Retro Seti;Oyun;Retro;Zowie;4766.37;Genc;20
2437;Logitech Retro Seti;Oyun;Retro;Logitech;104.28;Yetiskin;81
2438;VTech Egitici Paketi;Oyuncak;Egitici;VTech;1429.03;Yetiskin;99
2439;Salomon Fitness Antrenman Ekipmanı;Spor;Fitness;Salomon;7894.27;Cocuk;74
2440;Beko Dekorasyon Kahve Makinesi;Ev-Yasam;Dekorasyon;Beko;5679.81;Yasli;67
2441;Dell Mobil Yasam Tablet;Teknoloji;Mobil Yasam;Dell;26416.64;Yasli;56
2442;Reebok Fitness Koşu Ayakkabısı;Spor;Fitness;Reebok;3396.67;Yasli;77
2443;Winsor Newton Resim Koleksiyonu;Hobi-Sanat;Resim;Winsor Newton;3182.45;Genc;48
2444;Hot Wheels Aksiyon Seti;Oyuncak;Aksiyon;Hot Wheels;2393.84;Yasli;29
2445;Mizuno Ekipman Koşu Ayakkabısı;Spor;Ekipman;Mizuno;7901.18;Genc;38
2446;Goodyear Guvenlik Aksesuarı;Otomobil-Aksesuar;Guvenlik;Goodyear;7474.95;Genc;39
2447;Razer E-Spor Koleksiyonu;Oyun;E-Spor;Razer;1065.96;Yasli;90
2448;Yapi Kredi Tarih Romanı/Kitabı;Kitap;Tarih;Yapi Kredi;53.44;Yasli;17
2449;Playmobil Klasik Koleksiyonu;Oyuncak;Klasik;Playmobil;3680.53;Yetiskin;88
2450;Audio-Technica Analog DJ Ekipmanı;Muzik;Analog;Audio-Technica;16779.20;Yasli;20
2451;MSI Yayincilik Paketi;Oyun;Yayincilik;MSI;1196.64;Cocuk;13
2452;Ikea Mutfak Robot Süpürge;Ev-Yasam;Mutfak;Ikea;4978.01;Genc;40
2453;Zowie Yayincilik Paketi;Oyun;Yayincilik;Zowie;1966.42;Yetiskin;97
2454;Moleskine Kirtasiye Paketi;Hobi-Sanat;Kirtasiye;Moleskine;4414.07;Yetiskin;6
2455;VTech Klasik Seti;Oyuncak;Klasik;VTech;2468.75;Genc;78
2456;Nintendo E-Spor Koleksiyonu;Oyun;E-Spor;Nintendo;3700.08;Genc;18
2457;Nintendo Retro Koleksiyonu;Oyun;Retro;Nintendo;1224.54;Genc;35
2458;Asus Yazilim Bilgisayar;Teknoloji;Yazilim;Asus;3467.77;Genc;97
2459;Pegasus Tarih Romanı/Kitabı;Kitap;Tarih;Pegasus;297.70;Genc;63
2460;Lacoste Sokak Stili Gözlük;Moda;Sokak Stili;Lacoste;5138.62;Yasli;34
2461;Apple Yazilim Kulaklık;Teknoloji;Yazilim;Apple;23274.70;Yasli;92
2462;Xiaomi Yazilim Akıllı Saat;Teknoloji;Yazilim;Xiaomi;36746.33;Yetiskin;44
2463;Bosch Guvenlik Aksesuarı;Otomobil-Aksesuar;Guvenlik;Bosch;2935.88;Yasli;30
2464;Razer Retro Paketi;Oyun;Retro;Razer;1469.44;Yasli;2
2465;MAC Parfum Cilt Serumu;Kozmetik;Parfum;MAC;1146.68;Yasli;94
2466;H&M Aksesuar Saat;Moda;Aksesuar;H&M;5773.01;Yetiskin;69
2467;Gibson Sahne Amfi;Muzik;Sahne;Gibson;19570.40;Yasli;1
2468;Reebok Ekipman Antrenman Ekipmanı;Spor;Ekipman;Reebok;4841.33;Yasli;60
2469;Salomon Fitness Eşofman Takımı;Spor;Fitness;Salomon;3565.98;Yetiskin;11
2470;VTech Egitici Paketi;Oyuncak;Egitici;VTech;589.90;Yasli;33
2471;SteelSeries Retro Seti;Oyun;Retro;SteelSeries;1622.55;Cocuk;48
2472;Canson Resim Paketi;Hobi-Sanat;Resim;Canson;1508.60;Cocuk;87
2473;Prada Klasik Gözlük;Moda;Klasik;Prada;340.62;Cocuk;42
2474;Tefal Mutfak Nevresim Takımı;Ev-Yasam;Mutfak;Tefal;7805.41;Yetiskin;85
2475;Canson El Sanatlari Koleksiyonu;Hobi-Sanat;El Sanatlari;Canson;1860.96;Cocuk;37
2476;English Home Mutfak Robot Süpürge;Ev-Yasam;Mutfak;English Home;5560.34;Yetiskin;4
2477;Dior Bakim Ruj;Kozmetik;Bakim;Dior;508.59;Genc;4
2478;Can Yayinlari Edebiyat Romanı/Kitabı;Kitap;Edebiyat;Can Yayinlari;486.45;Yetiskin;96
2479;Sephora Bakim Nemlendirici;Kozmetik;Bakim;Sephora;1251.26;Yasli;62
2480;Winsor Newton Resim Koleksiyonu;Hobi-Sanat;Resim;Winsor Newton;1398.73;Yasli;86
2481;Asus Ev Ofis Akıllı Saat;Teknoloji;Ev Ofis;Asus;4011.28;Genc;100
2482;Fisher-Price Klasik Paketi;Oyuncak;Klasik;Fisher-Price;1381.21;Genc;85
2483;Spalding Fitness Eşofman Takımı;Spor;Fitness;Spalding;7905.77;Yetiskin;53
2484;Daler Rowney El Sanatlari Seti;Hobi-Sanat;El Sanatlari;Daler Rowney;3257.91;Cocuk;44
2485;Ithaki Kisisel Gelisim Romanı/Kitabı;Kitap;Kisisel Gelisim;Ithaki;317.81;Yasli;11
2486;Iletisim Edebiyat Romanı/Kitabı;Kitap;Edebiyat;Iletisim;277.38;Yetiskin;62
2487;Xiaomi Mobil Yasam Kulaklık;Teknoloji;Mobil Yasam;Xiaomi;39427.98;Yasli;29
2488;Under Armour Fitness Antrenman Ekipmanı;Spor;Fitness;Under Armour;6505.95;Cocuk;35
2489;Playmobil Klasik Seti;Oyuncak;Klasik;Playmobil;3422.92;Yasli;27
2490;Pioneer Arac Bakimi Aksesuarı;Otomobil-Aksesuar;Arac Bakimi;Pioneer;3298.01;Genc;10
2491;Melissa Doug Aksiyon Paketi;Oyuncak;Aksiyon;Melissa Doug;2826.92;Yetiskin;34
2492;Sennheiser Analog Amfi;Muzik;Analog;Sennheiser;10750.12;Genc;31
2493;Huawei Yazilim Bilgisayar;Teknoloji;Yazilim;Huawei;2672.49;Yetiskin;10
2494;English Home Konfor Dekoratif Lamba;Ev-Yasam;Konfor;English Home;3413.70;Cocuk;23
2495;North Face Ekipman Antrenman Ekipmanı;Spor;Ekipman;North Face;1508.96;Yasli;4
2496;Reeves Kirtasiye Paketi;Hobi-Sanat;Kirtasiye;Reeves;3052.77;Cocuk;10
2497;Sennheiser Sahne Enstrüman;Muzik;Sahne;Sennheiser;4246.77;Cocuk;37
2498;Is Bankasi Yayinlari Kisisel Gelisim Romanı/Kitabı;Kitap;Kisisel Gelisim;Is Bankasi Yayinlari;111.27;Yetiskin;22
2499;Zowie Yayincilik Seti;Oyun;Yayincilik;Zowie;1217.28;Yetiskin;3
2500;VTech Klasik Koleksiyonu;Oyuncak;Klasik;VTech;2973.48;Genc;76
2501;North Face Outdoor Antrenman Ekipmanı;Spor;Outdoor;North Face;3974.05;Cocuk;85
2502;Decathlon Outdoor Eşofman Takımı;Spor;Outdoor;Decathlon;7651.50;Yasli;20
2503;Gigabyte Yayincilik Koleksiyonu;Oyun;Yayincilik;Gigabyte;1382.99;Yetiskin;47
2504;North Face Fitness Antrenman Ekipmanı;Spor;Fitness;North Face;727.30;Yetiskin;82
2505;Salomon Fitness Eşofman Takımı;Spor;Fitness;Salomon;2121.91;Cocuk;99
2506;Lancome Parfum Nemlendirici;Kozmetik;Parfum;Lancome;774.40;Yasli;31
2507;Ikea Mutfak Nevresim Takımı;Ev-Yasam;Mutfak;Ikea;7875.64;Yetiskin;35
2508;Hasbro Egitici Seti;Oyuncak;Egitici;Hasbro;4620.48;Yasli;17
2509;Melissa Doug Egitici Paketi;Oyuncak;Egitici;Melissa Doug;988.60;Yetiskin;99
2510;MSI Yayincilik Seti;Oyun;Yayincilik;MSI;2273.33;Yetiskin;96
2511;Mattel Aksiyon Koleksiyonu;Oyuncak;Aksiyon;Mattel;1139.78;Yasli;20
2512;Lenovo Ev Ofis Tablet;Teknoloji;Ev Ofis;Lenovo;43484.21;Yasli;22
2513;Beko Konfor Dekoratif Lamba;Ev-Yasam;Konfor;Beko;2707.33;Yetiskin;21
2514;Levi's Klasik Saat;Moda;Klasik;Levi's;1092.13;Cocuk;45
2515;Wilson Outdoor Spor Çantası;Spor;Outdoor;Wilson;1999.67;Cocuk;5
2516;Maybelline Parfum Cilt Serumu;Kozmetik;Parfum;Maybelline;1450.03;Cocuk;60
2517;Gucci Sokak Stili Saat;Moda;Sokak Stili;Gucci;1068.48;Yasli;6
2518;Prismacolor Resim Koleksiyonu;Hobi-Sanat;Resim;Prismacolor;2354.21;Yasli;86
2519;Is Bankasi Yayinlari Kisisel Gelisim Romanı/Kitabı;Kitap;Kisisel Gelisim;Is Bankasi Yayinlari;484.38;Yetiskin;30
2520;Lenovo Ev Ofis Tablet;Teknoloji;Ev Ofis;Lenovo;19853.85;Yasli;20
2521;MSI E-Spor Paketi;Oyun;E-Spor;MSI;2509.69;Yasli;71
2522;Yapi Kredi Tarih Romanı/Kitabı;Kitap;Tarih;Yapi Kredi;249.11;Cocuk;31
2523;Zowie Yayincilik Seti;Oyun;Yayincilik;Zowie;783.76;Genc;30
2524;Puma Klasik Saat;Moda;Klasik;Puma;1082.15;Yasli;79
2525;Madame Coco Dekorasyon Dekoratif Lamba;Ev-Yasam;Dekorasyon;Madame Coco;3807.51;Genc;16
2526;Dogan Kitap Kisisel Gelisim Romanı/Kitabı;Kitap;Kisisel Gelisim;Dogan Kitap;68.51;Genc;96
2527;Roland Sahne Amfi;Muzik;Sahne;Roland;10593.19;Genc;90
2528;Nvidia Yayincilik Paketi;Oyun;Yayincilik;Nvidia;4321.04;Genc;40
2529;Spalding Fitness Koşu Ayakkabısı;Spor;Fitness;Spalding;2381.87;Yasli;61
2530;Beko Mutfak Robot Süpürge;Ev-Yasam;Mutfak;Beko;654.79;Cocuk;22
2531;Bridgestone Arac Bakimi Aksesuarı;Otomobil-Aksesuar;Arac Bakimi;Bridgestone;1602.78;Genc;45
2532;JBL Analog Pikap;Muzik;Analog;JBL;2300.74;Yasli;6
2533;Pegasus Tarih Romanı/Kitabı;Kitap;Tarih;Pegasus;481.86;Yetiskin;75
2534;Chanel Parfum Cilt Serumu;Kozmetik;Parfum;Chanel;1023.48;Genc;26
2535;Sony Yazilim Akıllı Telefon;Teknoloji;Yazilim;Sony;26990.15;Yetiskin;7
2536;Nvidia E-Spor Paketi;Oyun;E-Spor;Nvidia;4469.67;Yetiskin;4
2537;Asus Ev Ofis Tablet;Teknoloji;Ev Ofis;Asus;11243.31;Yasli;85
2538;Columbia Fitness Spor Çantası;Spor;Fitness;Columbia;5452.79;Cocuk;26
2539;Mizuno Ekipman Spor Çantası;Spor;Ekipman;Mizuno;1066.39;Genc;10
2540;VTech Aksiyon Seti;Oyuncak;Aksiyon;VTech;3079.40;Genc;85
2541;Can Yayinlari Edebiyat Romanı/Kitabı;Kitap;Edebiyat;Can Yayinlari;398.35;Yetiskin;20
2542;Is Bankasi Yayinlari Kisisel Gelisim Romanı/Kitabı;Kitap;Kisisel Gelisim;Is Bankasi Yayinlari;212.28;Genc;51
2543;Nike Sokak Stili Çanta;Moda;Sokak Stili;Nike;424.75;Cocuk;93
2544;Gigabyte Yayincilik Paketi;Oyun;Yayincilik;Gigabyte;3341.05;Yetiskin;45
2545;Roland Studyo Enstrüman;Muzik;Studyo;Roland;10381.87;Yasli;93
2546;Sony Yazilim Bilgisayar;Teknoloji;Yazilim;Sony;41820.60;Yetiskin;86
2547;Xiaomi Mobil Yasam Akıllı Telefon;Teknoloji;Mobil Yasam;Xiaomi;43894.54;Genc;93
2548;Winsor Newton El Sanatlari Koleksiyonu;Hobi-Sanat;El Sanatlari;Winsor Newton;2190.84;Yetiskin;18
2549;English Home Mutfak Robot Süpürge;Ev-Yasam;Mutfak;English Home;3186.20;Cocuk;84
2550;Madame Coco Mutfak Nevresim Takımı;Ev-Yasam;Mutfak;Madame Coco;9526.41;Genc;19
2551;Mattel Egitici Koleksiyonu;Oyuncak;Egitici;Mattel;3138.01;Yasli;16
2552;Nvidia Yayincilik Seti;Oyun;Yayincilik;Nvidia;407.89;Yasli;8
2553;Nvidia Retro Paketi;Oyun;Retro;Nvidia;3804.09;Yasli;37
2554;Sephora Makyaj Göz Kalemi;Kozmetik;Makyaj;Sephora;747.39;Cocuk;82
2555;Fender Sahne Pikap;Muzik;Sahne;Fender;15546.08;Cocuk;87
2556;Reeves El Sanatlari Paketi;Hobi-Sanat;El Sanatlari;Reeves;2578.76;Yasli;18
2557;Hasbro Klasik Paketi;Oyuncak;Klasik;Hasbro;1653.92;Cocuk;35
2558;Dior Makyaj Nemlendirici;Kozmetik;Makyaj;Dior;1255.18;Yetiskin;64
2559;Chanel Makyaj Ruj;Kozmetik;Makyaj;Chanel;195.91;Yetiskin;1
2560;Castrol Konfor Aksesuarı;Otomobil-Aksesuar;Konfor;Castrol;10384.44;Genc;58
2561;Chanel Parfum Ruj;Kozmetik;Parfum;Chanel;1951.00;Yasli;5
2562;Meguiars Konfor Aksesuarı;Otomobil-Aksesuar;Konfor;Meguiars;14968.15;Cocuk;47
2563;Goodyear Konfor Aksesuarı;Otomobil-Aksesuar;Konfor;Goodyear;7698.78;Yetiskin;21
2564;Logitech Yayincilik Seti;Oyun;Yayincilik;Logitech;3988.15;Yasli;36
2565;Estee Lauder Parfum Ruj;Kozmetik;Parfum;Estee Lauder;1241.13;Cocuk;42
2566;Playmobil Aksiyon Paketi;Oyuncak;Aksiyon;Playmobil;3324.92;Genc;24
2567;Mattel Egitici Koleksiyonu;Oyuncak;Egitici;Mattel;4485.78;Genc;91
2568;Liquitex El Sanatlari Seti;Hobi-Sanat;El Sanatlari;Liquitex;2708.31;Genc;16
2569;Pasabahce Dekorasyon Nevresim Takımı;Ev-Yasam;Dekorasyon;Pasabahce;8013.02;Yasli;43
2570;Metis Tarih Romanı/Kitabı;Kitap;Tarih;Metis;145.80;Genc;78
2571;Tefal Mutfak Kahve Makinesi;Ev-Yasam;Mutfak;Tefal;7252.25;Yetiskin;43
2572;Nivea Makyaj Cilt Serumu;Kozmetik;Makyaj;Nivea;1642.73;Cocuk;17
2573;Nivea Parfum Ruj;Kozmetik;Parfum;Nivea;1897.22;Yasli;86
2574;Decathlon Outdoor Antrenman Ekipmanı;Spor;Outdoor;Decathlon;6390.06;Yetiskin;58
2575;Melissa Doug Egitici Koleksiyonu;Oyuncak;Egitici;Melissa Doug;1754.31;Yasli;8
2576;Arzum Mutfak Dekoratif Lamba;Ev-Yasam;Mutfak;Arzum;7696.34;Genc;43
2577;Is Bankasi Yayinlari Tarih Romanı/Kitabı;Kitap;Tarih;Is Bankasi Yayinlari;153.98;Genc;4
2578;Estee Lauder Makyaj Cilt Serumu;Kozmetik;Makyaj;Estee Lauder;1986.87;Genc;9
2579;Ikea Konfor Kahve Makinesi;Ev-Yasam;Konfor;Ikea;8314.58;Cocuk;18
2580;H&M Sokak Stili Gözlük;Moda;Sokak Stili;H&M;4820.09;Yetiskin;19
2581;Mizuno Fitness Koşu Ayakkabısı;Spor;Fitness;Mizuno;2427.94;Yasli;57
2582;Everest Kisisel Gelisim Romanı/Kitabı;Kitap;Kisisel Gelisim;Everest;285.01;Yetiskin;50
2583;Canson Kirtasiye Koleksiyonu;Hobi-Sanat;Kirtasiye;Canson;3360.57;Yetiskin;82
2584;Apple Ev Ofis Akıllı Saat;Teknoloji;Ev Ofis;Apple;21790.94;Yasli;15
2585;Decathlon Ekipman Eşofman Takımı;Spor;Ekipman;Decathlon;1702.23;Cocuk;99
2586;Daler Rowney Kirtasiye Seti;Hobi-Sanat;Kirtasiye;Daler Rowney;2287.95;Cocuk;51
2587;Razer E-Spor Seti;Oyun;E-Spor;Razer;4136.75;Genc;40
2588;Clinique Bakim Nemlendirici;Kozmetik;Bakim;Clinique;465.12;Genc;53
2589;Ithaki Tarih Romanı/Kitabı;Kitap;Tarih;Ithaki;416.23;Yetiskin;13
2590;Logitech Yayincilik Koleksiyonu;Oyun;Yayincilik;Logitech;1911.79;Yetiskin;65
2591;Decathlon Ekipman Eşofman Takımı;Spor;Ekipman;Decathlon;1227.81;Cocuk;87
2592;English Home Konfor Nevresim Takımı;Ev-Yasam;Konfor;English Home;7446.08;Cocuk;53
2593;Prada Aksesuar Ceket;Moda;Aksesuar;Prada;4262.56;Genc;70
2594;VTech Aksiyon Koleksiyonu;Oyuncak;Aksiyon;VTech;3844.10;Yasli;50
2595;LG Yazilim Akıllı Telefon;Teknoloji;Yazilim;LG;28755.25;Yasli;87
2596;Melissa Doug Klasik Koleksiyonu;Oyuncak;Klasik;Melissa Doug;4010.51;Cocuk;80
2597;Ithaki Edebiyat Romanı/Kitabı;Kitap;Edebiyat;Ithaki;469.94;Yetiskin;43
2598;Madame Coco Konfor Dekoratif Lamba;Ev-Yasam;Konfor;Madame Coco;11764.92;Cocuk;83
2599;Nike Aksesuar Gözlük;Moda;Aksesuar;Nike;4412.04;Yetiskin;27
2600;Lancome Makyaj Nemlendirici;Kozmetik;Makyaj;Lancome;954.38;Yetiskin;73
2601;Canson Resim Seti;Hobi-Sanat;Resim;Canson;3484.50;Yetiskin;72
2602;Mizuno Ekipman Antrenman Ekipmanı;Spor;Ekipman;Mizuno;2426.96;Cocuk;63
2603;Estee Lauder Parfum Ruj;Kozmetik;Parfum;Estee Lauder;1317.01;Cocuk;34
2604;Lacoste Klasik Gözlük;Moda;Klasik;Lacoste;4305.32;Yetiskin;27
2605;English Home Mutfak Dekoratif Lamba;Ev-Yasam;Mutfak;English Home;1903.72;Yasli;13
2606;Madame Coco Mutfak Dekoratif Lamba;Ev-Yasam;Mutfak;Madame Coco;4577.65;Yasli;88
2607;Sephora Parfum Ruj;Kozmetik;Parfum;Sephora;1798.94;Cocuk;87
2608;Under Armour Fitness Koşu Ayakkabısı;Spor;Fitness;Under Armour;2474.79;Genc;92
2609;Liquitex Resim Seti;Hobi-Sanat;Resim;Liquitex;2548.67;Cocuk;75
2610;Dell Ev Ofis Tablet;Teknoloji;Ev Ofis;Dell;10097.56;Cocuk;27
2611;Bose Analog Pikap;Muzik;Analog;Bose;4895.83;Cocuk;43
2612;Nvidia Retro Koleksiyonu;Oyun;Retro;Nvidia;3978.14;Cocuk;57
2613;Michelin Konfor Aksesuarı;Otomobil-Aksesuar;Konfor;Michelin;5838.48;Yasli;54
2614;Pioneer Konfor Aksesuarı;Otomobil-Aksesuar;Konfor;Pioneer;3400.06;Yasli;13
2615;Derwent El Sanatlari Seti;Hobi-Sanat;El Sanatlari;Derwent;2164.61;Genc;66
2616;Arzum Mutfak Kahve Makinesi;Ev-Yasam;Mutfak;Arzum;11053.64;Cocuk;66
2617;3M Konfor Aksesuarı;Otomobil-Aksesuar;Konfor;3M;12295.04;Genc;14
2618;MGA Entertainment Klasik Paketi;Oyuncak;Klasik;MGA Entertainment;2826.02;Yasli;48
2619;Dogan Kitap Kisisel Gelisim Romanı/Kitabı;Kitap;Kisisel Gelisim;Dogan Kitap;447.28;Yasli;70
2620;Nivea Makyaj Nemlendirici;Kozmetik;Makyaj;Nivea;1491.31;Genc;50
2621;Yamaha Studyo Amfi;Muzik;Studyo;Yamaha;11090.85;Cocuk;66
2622;Continental Arac Bakimi Aksesuarı;Otomobil-Aksesuar;Arac Bakimi;Continental;10579.70;Genc;63
2623;Marshall Analog Amfi;Muzik;Analog;Marshall;19871.53;Cocuk;10
2624;Continental Konfor Aksesuarı;Otomobil-Aksesuar;Konfor;Continental;8555.90;Yasli;69
2625;Pebeo El Sanatlari Koleksiyonu;Hobi-Sanat;El Sanatlari;Pebeo;4747.41;Yetiskin;81
2626;Columbia Ekipman Spor Çantası;Spor;Ekipman;Columbia;7360.31;Yasli;24
2627;Faber-Castell Kirtasiye Paketi;Hobi-Sanat;Kirtasiye;Faber-Castell;3175.87;Yasli;37
2628;LG Mobil Yasam Tablet;Teknoloji;Mobil Yasam;LG;34377.36;Genc;38
2629;Bridgestone Konfor Aksesuarı;Otomobil-Aksesuar;Konfor;Bridgestone;14392.48;Yasli;5
2630;Daler Rowney Kirtasiye Paketi;Hobi-Sanat;Kirtasiye;Daler Rowney;1435.38;Genc;83
2631;Razer E-Spor Paketi;Oyun;E-Spor;Razer;3100.59;Yasli;70
2632;Daler Rowney El Sanatlari Paketi;Hobi-Sanat;El Sanatlari;Daler Rowney;3977.03;Cocuk;36
2633;Everest Tarih Romanı/Kitabı;Kitap;Tarih;Everest;193.27;Yetiskin;1
2634;Fisher-Price Egitici Paketi;Oyuncak;Egitici;Fisher-Price;4996.03;Cocuk;92
2635;Melissa Doug Klasik Koleksiyonu;Oyuncak;Klasik;Melissa Doug;1131.47;Genc;52
2636;Zara Aksesuar Parfüm;Moda;Aksesuar;Zara;501.86;Yetiskin;47
2637;Decathlon Outdoor Koşu Ayakkabısı;Spor;Outdoor;Decathlon;2352.37;Genc;97
2638;Gibson Studyo Enstrüman;Muzik;Studyo;Gibson;5359.62;Cocuk;80
2639;MAC Makyaj Göz Kalemi;Kozmetik;Makyaj;MAC;1289.50;Yetiskin;100
2640;Liquitex El Sanatlari Paketi;Hobi-Sanat;El Sanatlari;Liquitex;1371.71;Yetiskin;34
2641;LEGO Egitici Paketi;Oyuncak;Egitici;LEGO;2062.86;Genc;53
2642;Chanel Bakim Ruj;Kozmetik;Bakim;Chanel;970.30;Yasli;96
2643;Goodyear Guvenlik Aksesuarı;Otomobil-Aksesuar;Guvenlik;Goodyear;11798.68;Yetiskin;70
2644;Clinique Makyaj Nemlendirici;Kozmetik;Makyaj;Clinique;1636.20;Cocuk;17
2645;Zara Sokak Stili Çanta;Moda;Sokak Stili;Zara;5048.62;Yetiskin;24
2646;Continental Guvenlik Aksesuarı;Otomobil-Aksesuar;Guvenlik;Continental;396.41;Yasli;28
2647;Pebeo Resim Paketi;Hobi-Sanat;Resim;Pebeo;2421.11;Genc;79
2648;Tefal Mutfak Dekoratif Lamba;Ev-Yasam;Mutfak;Tefal;5947.48;Genc;25
2649;3M Guvenlik Aksesuarı;Otomobil-Aksesuar;Guvenlik;3M;12747.74;Yetiskin;45
2650;Asus Ev Ofis Tablet;Teknoloji;Ev Ofis;Asus;24699.51;Yasli;90
2651;North Face Fitness Koşu Ayakkabısı;Spor;Fitness;North Face;1944.44;Cocuk;34
2652;Logitech Retro Seti;Oyun;Retro;Logitech;3496.39;Yasli;59
2653;Under Armour Fitness Antrenman Ekipmanı;Spor;Fitness;Under Armour;841.64;Yasli;81
2654;Prismacolor El Sanatlari Paketi;Hobi-Sanat;El Sanatlari;Prismacolor;1993.34;Cocuk;73
2655;Dell Mobil Yasam Tablet;Teknoloji;Mobil Yasam;Dell;8620.02;Yasli;71
2656;Pioneer Arac Bakimi Aksesuarı;Otomobil-Aksesuar;Arac Bakimi;Pioneer;2982.12;Genc;77
2657;Continental Konfor Aksesuarı;Otomobil-Aksesuar;Konfor;Continental;7069.46;Yasli;11
2658;Zara Klasik Parfüm;Moda;Klasik;Zara;4767.95;Yetiskin;49
2659;Playmobil Aksiyon Koleksiyonu;Oyuncak;Aksiyon;Playmobil;1052.33;Cocuk;43
2660;Iletisim Kisisel Gelisim Romanı/Kitabı;Kitap;Kisisel Gelisim;Iletisim;444.61;Yasli;12
2661;Wilson Outdoor Eşofman Takımı;Spor;Outdoor;Wilson;1206.94;Genc;3
2662;Levi's Klasik Parfüm;Moda;Klasik;Levi's;1405.50;Yasli;69
2663;Bridgestone Arac Bakimi Aksesuarı;Otomobil-Aksesuar;Arac Bakimi;Bridgestone;8278.50;Cocuk;7
2664;Ithaki Edebiyat Romanı/Kitabı;Kitap;Edebiyat;Ithaki;284.57;Cocuk;3
2665;Spin Master Egitici Koleksiyonu;Oyuncak;Egitici;Spin Master;3115.60;Cocuk;30
2666;Madame Coco Konfor Robot Süpürge;Ev-Yasam;Konfor;Madame Coco;11930.95;Cocuk;99
2667;Salomon Outdoor Koşu Ayakkabısı;Spor;Outdoor;Salomon;7829.27;Genc;98
2668;Castrol Guvenlik Aksesuarı;Otomobil-Aksesuar;Guvenlik;Castrol;6161.66;Cocuk;35
2669;Playmobil Egitici Koleksiyonu;Oyuncak;Egitici;Playmobil;2691.34;Cocuk;27
2670;Nike Aksesuar Saat;Moda;Aksesuar;Nike;2933.84;Yetiskin;4
2671;Michelin Guvenlik Aksesuarı;Otomobil-Aksesuar;Guvenlik;Michelin;5687.29;Yetiskin;64
2672;LOreal Parfum Nemlendirici;Kozmetik;Parfum;LOreal;1123.23;Cocuk;96
2673;Reebok Fitness Spor Çantası;Spor;Fitness;Reebok;923.83;Genc;99
2674;Pasabahce Mutfak Kahve Makinesi;Ev-Yasam;Mutfak;Pasabahce;3029.82;Yetiskin;10
2675;Salomon Outdoor Spor Çantası;Spor;Outdoor;Salomon;2967.18;Yasli;94
2676;Continental Arac Bakimi Aksesuarı;Otomobil-Aksesuar;Arac Bakimi;Continental;5155.54;Yetiskin;37
2677;Fisher-Price Klasik Seti;Oyuncak;Klasik;Fisher-Price;2060.10;Yasli;93
2678;Hasbro Aksiyon Koleksiyonu;Oyuncak;Aksiyon;Hasbro;818.47;Yetiskin;6
2679;Ithaki Kisisel Gelisim Romanı/Kitabı;Kitap;Kisisel Gelisim;Ithaki;244.35;Yasli;65
2680;Gucci Sokak Stili Gözlük;Moda;Sokak Stili;Gucci;3243.29;Genc;36
2681;Lancome Makyaj Ruj;Kozmetik;Makyaj;Lancome;1229.31;Yetiskin;72
2682;HP Mobil Yasam Tablet;Teknoloji;Mobil Yasam;HP;26694.81;Genc;16
2683;Nivea Parfum Cilt Serumu;Kozmetik;Parfum;Nivea;432.30;Cocuk;74
2684;Roland Sahne DJ Ekipmanı;Muzik;Sahne;Roland;3595.68;Yasli;8
2685;Pebeo Kirtasiye Seti;Hobi-Sanat;Kirtasiye;Pebeo;2066.16;Yetiskin;24
2686;H&M Klasik Saat;Moda;Klasik;H&M;2746.58;Cocuk;80
2687;Lenovo Yazilim Kulaklık;Teknoloji;Yazilim;Lenovo;41183.46;Yasli;30
2688;Bose Analog Enstrüman;Muzik;Analog;Bose;10167.47;Yasli;97
2689;Zowie Yayincilik Koleksiyonu;Oyun;Yayincilik;Zowie;3335.91;Yasli;5
2690;Lenovo Yazilim Akıllı Saat;Teknoloji;Yazilim;Lenovo;37153.28;Yetiskin;95
2691;Nivea Parfum Nemlendirici;Kozmetik;Parfum;Nivea;344.98;Cocuk;86
2692;Under Armour Outdoor Spor Çantası;Spor;Outdoor;Under Armour;717.64;Genc;99
2693;Logitech Retro Seti;Oyun;Retro;Logitech;1296.80;Cocuk;49
2694;Iletisim Edebiyat Romanı/Kitabı;Kitap;Edebiyat;Iletisim;412.23;Yetiskin;65
2695;JBL Analog Pikap;Muzik;Analog;JBL;24421.41;Genc;83
2696;Levi's Sokak Stili Parfüm;Moda;Sokak Stili;Levi's;3763.74;Cocuk;4
2697;Wilson Fitness Koşu Ayakkabısı;Spor;Fitness;Wilson;6504.00;Yetiskin;45
2698;Ithaki Edebiyat Romanı/Kitabı;Kitap;Edebiyat;Ithaki;360.85;Genc;63
2699;Columbia Ekipman Antrenman Ekipmanı;Spor;Ekipman;Columbia;6637.17;Yetiskin;48
2700;MSI Yayincilik Paketi;Oyun;Yayincilik;MSI;563.48;Yetiskin;40
2701;Everest Kisisel Gelisim Romanı/Kitabı;Kitap;Kisisel Gelisim;Everest;382.71;Genc;40
2702;Can Yayinlari Edebiyat Romanı/Kitabı;Kitap;Edebiyat;Can Yayinlari;59.22;Yetiskin;51
2703;Corsair E-Spor Koleksiyonu;Oyun;E-Spor;Corsair;2719.30;Yetiskin;4
2704;Zara Aksesuar Ceket;Moda;Aksesuar;Zara;5380.11;Yasli;42
2705;Dell Yazilim Bilgisayar;Teknoloji;Yazilim;Dell;25874.66;Genc;5
2706;Columbia Fitness Spor Çantası;Spor;Fitness;Columbia;2441.02;Yetiskin;39
2707;Wilson Fitness Antrenman Ekipmanı;Spor;Fitness;Wilson;2696.62;Yasli;16
2708;LG Ev Ofis Akıllı Saat;Teknoloji;Ev Ofis;LG;27058.38;Genc;94
2709;Iletisim Tarih Romanı/Kitabı;Kitap;Tarih;Iletisim;236.23;Yasli;30
2710;LG Yazilim Akıllı Telefon;Teknoloji;Yazilim;LG;39368.48;Yetiskin;72
2711;Gigabyte E-Spor Seti;Oyun;E-Spor;Gigabyte;4463.84;Genc;87
2712;Ithaki Tarih Romanı/Kitabı;Kitap;Tarih;Ithaki;425.05;Yetiskin;96
2713;Faber-Castell El Sanatlari Seti;Hobi-Sanat;El Sanatlari;Faber-Castell;4095.08;Yetiskin;9
2714;Nivea Makyaj Nemlendirici;Kozmetik;Makyaj;Nivea;1375.89;Yetiskin;13
2715;Gibson Sahne Enstrüman;Muzik;Sahne;Gibson;22534.26;Cocuk;39
2716;Zara Sokak Stili Saat;Moda;Sokak Stili;Zara;5296.42;Genc;20
2717;H&M Sokak Stili Ceket;Moda;Sokak Stili;H&M;5676.06;Cocuk;96
2718;Liquitex El Sanatlari Seti;Hobi-Sanat;El Sanatlari;Liquitex;2498.04;Yasli;1
2719;Sennheiser Sahne Pikap;Muzik;Sahne;Sennheiser;14513.66;Cocuk;34
2720;Beko Konfor Robot Süpürge;Ev-Yasam;Konfor;Beko;6850.71;Yetiskin;21
2721;Corsair Yayincilik Koleksiyonu;Oyun;Yayincilik;Corsair;2372.16;Yasli;61
2722;Karaca Konfor Kahve Makinesi;Ev-Yasam;Konfor;Karaca;2484.39;Yasli;64
2723;SteelSeries E-Spor Paketi;Oyun;E-Spor;SteelSeries;1578.78;Genc;42
2724;Puma Klasik Parfüm;Moda;Klasik;Puma;5780.34;Cocuk;19
2725;Zowie Yayincilik Paketi;Oyun;Yayincilik;Zowie;1390.71;Yasli;68
2726;Moleskine Kirtasiye Paketi;Hobi-Sanat;Kirtasiye;Moleskine;212.83;Yasli;50
2727;Roland Analog Enstrüman;Muzik;Analog;Roland;15962.61;Yasli;77
2728;Arzum Dekorasyon Dekoratif Lamba;Ev-Yasam;Dekorasyon;Arzum;11757.55;Genc;22
2729;Chanel Makyaj Göz Kalemi;Kozmetik;Makyaj;Chanel;1609.56;Yetiskin;57
2730;Liquitex Kirtasiye Seti;Hobi-Sanat;Kirtasiye;Liquitex;2500.81;Cocuk;63
2731;LG Mobil Yasam Akıllı Telefon;Teknoloji;Mobil Yasam;LG;26957.71;Genc;45
2732;Corsair Retro Koleksiyonu;Oyun;Retro;Corsair;1435.00;Yasli;62
2733;Apple Yazilim Bilgisayar;Teknoloji;Yazilim;Apple;34453.18;Yasli;72
2734;Ithaki Edebiyat Romanı/Kitabı;Kitap;Edebiyat;Ithaki;385.81;Genc;83
2735;SteelSeries Retro Paketi;Oyun;Retro;SteelSeries;1180.16;Yasli;44
2736;Puma Klasik Ceket;Moda;Klasik;Puma;2452.68;Yasli;89
2737;Melissa Doug Aksiyon Seti;Oyuncak;Aksiyon;Melissa Doug;3735.10;Genc;16
2738;Faber-Castell Kirtasiye Koleksiyonu;Hobi-Sanat;Kirtasiye;Faber-Castell;2837.78;Yasli;41
2739;North Face Ekipman Spor Çantası;Spor;Ekipman;North Face;4172.38;Cocuk;70
2740;Yapi Kredi Kisisel Gelisim Romanı/Kitabı;Kitap;Kisisel Gelisim;Yapi Kredi;446.38;Yasli;59
2741;Nintendo Retro Koleksiyonu;Oyun;Retro;Nintendo;600.25;Yetiskin;77
2742;Logitech E-Spor Paketi;Oyun;E-Spor;Logitech;2406.92;Genc;54
2743;Fender Sahne DJ Ekipmanı;Muzik;Sahne;Fender;18686.09;Cocuk;37
2744;Goodyear Guvenlik Aksesuarı;Otomobil-Aksesuar;Guvenlik;Goodyear;3086.03;Genc;52
2745;Bosch Konfor Kahve Makinesi;Ev-Yasam;Konfor;Bosch;8112.24;Yetiskin;34
2746;Prismacolor El Sanatlari Koleksiyonu;Hobi-Sanat;El Sanatlari;Prismacolor;1428.19;Cocuk;16
2747;Metis Edebiyat Romanı/Kitabı;Kitap;Edebiyat;Metis;121.15;Cocuk;34
2748;Liquitex Kirtasiye Koleksiyonu;Hobi-Sanat;Kirtasiye;Liquitex;1954.24;Genc;63
2749;English Home Dekorasyon Dekoratif Lamba;Ev-Yasam;Dekorasyon;English Home;1422.78;Yetiskin;18
2750;Lacoste Sokak Stili Gözlük;Moda;Sokak Stili;Lacoste;1524.40;Yetiskin;69
2751;Salomon Fitness Spor Çantası;Spor;Fitness;Salomon;1319.31;Cocuk;17
2752;Sephora Bakim Nemlendirici;Kozmetik;Bakim;Sephora;248.19;Yasli;90
2753;Levi's Sokak Stili Ceket;Moda;Sokak Stili;Levi's;4823.31;Yasli;46
2754;Sennheiser Analog DJ Ekipmanı;Muzik;Analog;Sennheiser;14147.64;Genc;78
2755;MAC Makyaj Ruj;Kozmetik;Makyaj;MAC;678.75;Yetiskin;68
2756;MAC Bakim Ruj;Kozmetik;Bakim;MAC;152.25;Yetiskin;89
2757;Sephora Parfum Göz Kalemi;Kozmetik;Parfum;Sephora;353.08;Yetiskin;48
2758;Alfa Yayinlari Tarih Romanı/Kitabı;Kitap;Tarih;Alfa Yayinlari;415.89;Yetiskin;55
2759;H&M Sokak Stili Saat;Moda;Sokak Stili;H&M;4610.08;Genc;2
2760;Can Yayinlari Tarih Romanı/Kitabı;Kitap;Tarih;Can Yayinlari;430.59;Genc;72
2761;Audio-Technica Studyo DJ Ekipmanı;Muzik;Studyo;Audio-Technica;3873.08;Yetiskin;83
2762;Burberry Aksesuar Gözlük;Moda;Aksesuar;Burberry;3585.46;Genc;27
2763;Daler Rowney Resim Paketi;Hobi-Sanat;Resim;Daler Rowney;1203.59;Yasli;37
2764;Audio-Technica Analog Amfi;Muzik;Analog;Audio-Technica;15105.81;Cocuk;18
2765;Zowie E-Spor Seti;Oyun;E-Spor;Zowie;2527.01;Yetiskin;51
2766;Chanel Bakim Göz Kalemi;Kozmetik;Bakim;Chanel;1910.12;Yasli;98
2767;Arzum Konfor Robot Süpürge;Ev-Yasam;Konfor;Arzum;11048.07;Genc;59
2768;Reebok Ekipman Eşofman Takımı;Spor;Ekipman;Reebok;5616.30;Yetiskin;35
2769;Asus Mobil Yasam Kulaklık;Teknoloji;Mobil Yasam;Asus;25261.19;Genc;52
2770;Goodyear Konfor Aksesuarı;Otomobil-Aksesuar;Konfor;Goodyear;8953.19;Yasli;16
2771;Ikea Dekorasyon Kahve Makinesi;Ev-Yasam;Dekorasyon;Ikea;859.73;Cocuk;16
2772;Beko Mutfak Kahve Makinesi;Ev-Yasam;Mutfak;Beko;1175.64;Yasli;44
2773;Pebeo Kirtasiye Seti;Hobi-Sanat;Kirtasiye;Pebeo;4267.54;Genc;10
2774;Canson Resim Seti;Hobi-Sanat;Resim;Canson;3156.82;Yetiskin;51
2775;SteelSeries E-Spor Paketi;Oyun;E-Spor;SteelSeries;217.13;Genc;48
2776;Bosch Guvenlik Aksesuarı;Otomobil-Aksesuar;Guvenlik;Bosch;14955.37;Genc;89
2777;Pioneer Guvenlik Aksesuarı;Otomobil-Aksesuar;Guvenlik;Pioneer;3983.67;Cocuk;56
2778;Meguiars Konfor Aksesuarı;Otomobil-Aksesuar;Konfor;Meguiars;13811.22;Cocuk;39
2779;Sony Mobil Yasam Akıllı Saat;Teknoloji;Mobil Yasam;Sony;36865.66;Yetiskin;19
2780;Nivea Makyaj Göz Kalemi;Kozmetik;Makyaj;Nivea;1924.84;Yasli;57
2781;Decathlon Outdoor Koşu Ayakkabısı;Spor;Outdoor;Decathlon;7030.41;Yetiskin;6
2782;Liquitex Kirtasiye Seti;Hobi-Sanat;Kirtasiye;Liquitex;480.37;Yasli;58
2783;Meguiars Konfor Aksesuarı;Otomobil-Aksesuar;Konfor;Meguiars;7853.24;Cocuk;64
2784;Dogan Kitap Kisisel Gelisim Romanı/Kitabı;Kitap;Kisisel Gelisim;Dogan Kitap;422.99;Yasli;86
2785;Winsor Newton El Sanatlari Paketi;Hobi-Sanat;El Sanatlari;Winsor Newton;898.30;Yetiskin;19
2786;Marshall Analog DJ Ekipmanı;Muzik;Analog;Marshall;2381.22;Yasli;45
2787;Marshall Studyo Amfi;Muzik;Studyo;Marshall;20319.71;Genc;81
2788;Audio-Technica Analog Pikap;Muzik;Analog;Audio-Technica;11650.67;Cocuk;1
2789;Lancome Parfum Cilt Serumu;Kozmetik;Parfum;Lancome;786.19;Genc;2
2790;Yamaha Sahne Amfi;Muzik;Sahne;Yamaha;19711.13;Yasli;19
2791;Lancome Makyaj Ruj;Kozmetik;Makyaj;Lancome;1765.69;Yetiskin;56
2792;Melissa Doug Klasik Seti;Oyuncak;Klasik;Melissa Doug;3950.05;Genc;99
2793;Can Yayinlari Kisisel Gelisim Romanı/Kitabı;Kitap;Kisisel Gelisim;Can Yayinlari;249.08;Cocuk;33
2794;Yamaha Studyo DJ Ekipmanı;Muzik;Studyo;Yamaha;9614.34;Cocuk;17
2795;Madame Coco Mutfak Kahve Makinesi;Ev-Yasam;Mutfak;Madame Coco;1240.59;Genc;7
2796;Moleskine El Sanatlari Seti;Hobi-Sanat;El Sanatlari;Moleskine;438.70;Cocuk;31
2797;Corsair Yayincilik Paketi;Oyun;Yayincilik;Corsair;3477.27;Genc;12
2798;VTech Aksiyon Seti;Oyuncak;Aksiyon;VTech;1581.56;Yasli;71
2799;Gibson Sahne Amfi;Muzik;Sahne;Gibson;1413.29;Yetiskin;7
2800;Sennheiser Studyo Pikap;Muzik;Studyo;Sennheiser;10683.73;Cocuk;83
2801;Corsair Yayincilik Koleksiyonu;Oyun;Yayincilik;Corsair;921.98;Yasli;89
2802;Apple Mobil Yasam Tablet;Teknoloji;Mobil Yasam;Apple;38480.47;Cocuk;75
2803;Dell Yazilim Kulaklık;Teknoloji;Yazilim;Dell;18005.08;Cocuk;50
2804;Levi's Sokak Stili Çanta;Moda;Sokak Stili;Levi's;4577.71;Genc;89
2805;Gigabyte Retro Seti;Oyun;Retro;Gigabyte;1483.77;Yetiskin;40
2806;Gucci Sokak Stili Saat;Moda;Sokak Stili;Gucci;2476.06;Yetiskin;3
2807;Salomon Fitness Eşofman Takımı;Spor;Fitness;Salomon;4588.78;Yetiskin;53
2808;Prismacolor Resim Koleksiyonu;Hobi-Sanat;Resim;Prismacolor;297.51;Yetiskin;47
2809;VTech Klasik Paketi;Oyuncak;Klasik;VTech;3080.63;Cocuk;40
2810;MSI Retro Koleksiyonu;Oyun;Retro;MSI;4246.62;Yetiskin;8
2811;Roland Studyo DJ Ekipmanı;Muzik;Studyo;Roland;24151.47;Yetiskin;12
2812;Casio Studyo Enstrüman;Muzik;Studyo;Casio;8161.67;Genc;14
2813;Estee Lauder Parfum Ruj;Kozmetik;Parfum;Estee Lauder;689.66;Cocuk;58
2814;Ithaki Edebiyat Romanı/Kitabı;Kitap;Edebiyat;Ithaki;392.07;Yasli;47
2815;Pegasus Edebiyat Romanı/Kitabı;Kitap;Edebiyat;Pegasus;108.17;Yasli;12
2816;Puma Klasik Çanta;Moda;Klasik;Puma;2686.75;Yetiskin;23
2817;Corsair E-Spor Paketi;Oyun;E-Spor;Corsair;2763.20;Genc;20
2818;LOreal Parfum Ruj;Kozmetik;Parfum;LOreal;846.71;Yetiskin;1
2819;Chanel Parfum Nemlendirici;Kozmetik;Parfum;Chanel;1759.24;Cocuk;90
2820;Alfa Yayinlari Tarih Romanı/Kitabı;Kitap;Tarih;Alfa Yayinlari;440.86;Yasli;27
2821;Adidas Aksesuar Gözlük;Moda;Aksesuar;Adidas;4694.25;Genc;38
2822;LEGO Egitici Seti;Oyuncak;Egitici;LEGO;4115.86;Genc;42
2823;Iletisim Edebiyat Romanı/Kitabı;Kitap;Edebiyat;Iletisim;379.22;Yetiskin;28
2824;Zowie Retro Paketi;Oyun;Retro;Zowie;2539.98;Cocuk;81
2825;Nvidia E-Spor Seti;Oyun;E-Spor;Nvidia;3165.66;Genc;40
2826;H&M Aksesuar Ceket;Moda;Aksesuar;H&M;1790.52;Yasli;45
2827;North Face Ekipman Koşu Ayakkabısı;Spor;Ekipman;North Face;2105.36;Yasli;13
2828;Bosch Arac Bakimi Aksesuarı;Otomobil-Aksesuar;Arac Bakimi;Bosch;13368.18;Cocuk;9
2829;Dell Ev Ofis Bilgisayar;Teknoloji;Ev Ofis;Dell;34317.53;Yetiskin;26
2830;Asus Yazilim Tablet;Teknoloji;Yazilim;Asus;31810.71;Cocuk;29
2831;Maybelline Bakim Ruj;Kozmetik;Bakim;Maybelline;475.51;Genc;82
2832;Under Armour Outdoor Antrenman Ekipmanı;Spor;Outdoor;Under Armour;4360.78;Yetiskin;93
2833;Continental Konfor Aksesuarı;Otomobil-Aksesuar;Konfor;Continental;6173.90;Yasli;17
2834;Wilson Ekipman Koşu Ayakkabısı;Spor;Ekipman;Wilson;2232.79;Cocuk;61
2835;Maybelline Makyaj Ruj;Kozmetik;Makyaj;Maybelline;658.33;Genc;40
2836;Melissa Doug Egitici Seti;Oyuncak;Egitici;Melissa Doug;674.31;Yasli;85
2837;3M Guvenlik Aksesuarı;Otomobil-Aksesuar;Guvenlik;3M;5758.21;Yetiskin;100
2838;3M Guvenlik Aksesuarı;Otomobil-Aksesuar;Guvenlik;3M;6990.95;Yetiskin;5
2839;MGA Entertainment Klasik Paketi;Oyuncak;Klasik;MGA Entertainment;958.38;Yasli;92
2840;Xiaomi Mobil Yasam Tablet;Teknoloji;Mobil Yasam;Xiaomi;25183.02;Cocuk;69
2841;North Face Ekipman Antrenman Ekipmanı;Spor;Ekipman;North Face;7384.43;Cocuk;87
2842;Derwent Resim Paketi;Hobi-Sanat;Resim;Derwent;1546.29;Yasli;7
2843;MAC Makyaj Ruj;Kozmetik;Makyaj;MAC;1772.53;Yasli;39
2844;Prada Klasik Gözlük;Moda;Klasik;Prada;1724.69;Cocuk;1
2845;Sephora Bakim Ruj;Kozmetik;Bakim;Sephora;1768.52;Cocuk;95
2846;Moleskine Resim Seti;Hobi-Sanat;Resim;Moleskine;319.55;Genc;82
2847;Asus Ev Ofis Tablet;Teknoloji;Ev Ofis;Asus;20412.41;Genc;85
2848;Canson El Sanatlari Koleksiyonu;Hobi-Sanat;El Sanatlari;Canson;4878.11;Yasli;52
2849;Everest Edebiyat Romanı/Kitabı;Kitap;Edebiyat;Everest;222.15;Yetiskin;8
2850;Bose Sahne Pikap;Muzik;Sahne;Bose;16675.30;Genc;94
2851;LEGO Klasik Paketi;Oyuncak;Klasik;LEGO;4801.37;Cocuk;26
2852;Puma Aksesuar Saat;Moda;Aksesuar;Puma;3618.30;Yasli;88
2853;H&M Aksesuar Saat;Moda;Aksesuar;H&M;3954.61;Yasli;90
2854;Nike Klasik Saat;Moda;Klasik;Nike;5372.64;Cocuk;76
2855;Playmobil Klasik Seti;Oyuncak;Klasik;Playmobil;971.76;Yasli;16
2856;Ithaki Tarih Romanı/Kitabı;Kitap;Tarih;Ithaki;346.64;Cocuk;34
2857;Castrol Arac Bakimi Aksesuarı;Otomobil-Aksesuar;Arac Bakimi;Castrol;2957.61;Genc;50
2858;Pasabahce Dekorasyon Robot Süpürge;Ev-Yasam;Dekorasyon;Pasabahce;1335.29;Genc;33
2859;Adidas Klasik Saat;Moda;Klasik;Adidas;3047.45;Yetiskin;42
2860;Goodyear Konfor Aksesuarı;Otomobil-Aksesuar;Konfor;Goodyear;9913.16;Cocuk;71
2861;Metis Tarih Romanı/Kitabı;Kitap;Tarih;Metis;401.60;Genc;31
2862;SteelSeries Retro Koleksiyonu;Oyun;Retro;SteelSeries;1563.53;Cocuk;81
2863;Apple Yazilim Kulaklık;Teknoloji;Yazilim;Apple;36072.04;Yasli;87
2864;LOreal Bakim Cilt Serumu;Kozmetik;Bakim;LOreal;1665.83;Yasli;24
2865;Fisher-Price Klasik Seti;Oyuncak;Klasik;Fisher-Price;599.62;Cocuk;58
2866;Puma Sokak Stili Ceket;Moda;Sokak Stili;Puma;2207.31;Genc;44
2867;Pegasus Kisisel Gelisim Romanı/Kitabı;Kitap;Kisisel Gelisim;Pegasus;143.99;Genc;58
2868;Everest Tarih Romanı/Kitabı;Kitap;Tarih;Everest;83.52;Yetiskin;48
2869;North Face Ekipman Antrenman Ekipmanı;Spor;Ekipman;North Face;3451.73;Yetiskin;71
2870;Mattel Klasik Seti;Oyuncak;Klasik;Mattel;960.23;Genc;34
2871;Dior Makyaj Cilt Serumu;Kozmetik;Makyaj;Dior;631.75;Cocuk;43
2872;Chanel Bakim Ruj;Kozmetik;Bakim;Chanel;1566.17;Yasli;13
2873;Goodyear Arac Bakimi Aksesuarı;Otomobil-Aksesuar;Arac Bakimi;Goodyear;11160.33;Yasli;18
2874;Beko Dekorasyon Robot Süpürge;Ev-Yasam;Dekorasyon;Beko;3810.35;Yetiskin;97
2875;Pegasus Tarih Romanı/Kitabı;Kitap;Tarih;Pegasus;120.61;Yasli;9
2876;Playmobil Klasik Seti;Oyuncak;Klasik;Playmobil;3554.11;Yetiskin;2
2877;Estee Lauder Makyaj Göz Kalemi;Kozmetik;Makyaj;Estee Lauder;919.48;Yasli;99
2878;Pasabahce Konfor Nevresim Takımı;Ev-Yasam;Konfor;Pasabahce;987.08;Cocuk;30
2879;Winsor Newton El Sanatlari Paketi;Hobi-Sanat;El Sanatlari;Winsor Newton;1989.96;Yasli;47
2880;Playmobil Klasik Seti;Oyuncak;Klasik;Playmobil;1365.20;Yetiskin;6
2881;Lancome Makyaj Cilt Serumu;Kozmetik;Makyaj;Lancome;1714.14;Genc;59
2882;LOreal Bakim Nemlendirici;Kozmetik;Bakim;LOreal;1352.74;Genc;76
2883;SteelSeries Yayincilik Koleksiyonu;Oyun;Yayincilik;SteelSeries;4783.14;Yetiskin;24
2884;MGA Entertainment Egitici Koleksiyonu;Oyuncak;Egitici;MGA Entertainment;586.45;Yetiskin;95
2885;Winsor Newton Resim Seti;Hobi-Sanat;Resim;Winsor Newton;3851.71;Yasli;31
2886;Is Bankasi Yayinlari Tarih Romanı/Kitabı;Kitap;Tarih;Is Bankasi Yayinlari;204.19;Yasli;37
2887;Gigabyte E-Spor Paketi;Oyun;E-Spor;Gigabyte;4156.53;Cocuk;88
2888;Yamaha Studyo Enstrüman;Muzik;Studyo;Yamaha;9846.06;Genc;63
2889;Sephora Bakim Ruj;Kozmetik;Bakim;Sephora;1914.36;Genc;68
2890;Philips Mutfak Nevresim Takımı;Ev-Yasam;Mutfak;Philips;7421.32;Cocuk;41
2891;Zowie E-Spor Seti;Oyun;E-Spor;Zowie;1080.51;Genc;82
2892;Mizuno Outdoor Antrenman Ekipmanı;Spor;Outdoor;Mizuno;1259.99;Genc;89
2893;Columbia Outdoor Antrenman Ekipmanı;Spor;Outdoor;Columbia;3427.16;Yetiskin;56
2894;Nvidia Yayincilik Seti;Oyun;Yayincilik;Nvidia;3970.80;Yasli;31
2895;Goodyear Guvenlik Aksesuarı;Otomobil-Aksesuar;Guvenlik;Goodyear;9703.99;Cocuk;46
2896;Moleskine El Sanatlari Seti;Hobi-Sanat;El Sanatlari;Moleskine;289.76;Cocuk;77
2897;Nike Aksesuar Gözlük;Moda;Aksesuar;Nike;1094.02;Yasli;51
2898;Melissa Doug Egitici Koleksiyonu;Oyuncak;Egitici;Melissa Doug;403.10;Genc;95
2899;MGA Entertainment Egitici Koleksiyonu;Oyuncak;Egitici;MGA Entertainment;1936.99;Yasli;59
2900;Samsung Mobil Yasam Akıllı Saat;Teknoloji;Mobil Yasam;Samsung;37166.96;Yetiskin;28
2901;Michelin Guvenlik Aksesuarı;Otomobil-Aksesuar;Guvenlik;Michelin;10339.90;Yetiskin;70
2902;English Home Konfor Robot Süpürge;Ev-Yasam;Konfor;English Home;8279.06;Genc;67
2903;Salomon Ekipman Koşu Ayakkabısı;Spor;Ekipman;Salomon;6387.72;Cocuk;83
2904;VTech Egitici Koleksiyonu;Oyuncak;Egitici;VTech;3732.85;Cocuk;60
2905;Dogan Kitap Kisisel Gelisim Romanı/Kitabı;Kitap;Kisisel Gelisim;Dogan Kitap;54.52;Cocuk;13
2906;Dior Makyaj Nemlendirici;Kozmetik;Makyaj;Dior;1793.84;Genc;15
2907;Gibson Sahne DJ Ekipmanı;Muzik;Sahne;Gibson;8403.24;Cocuk;93
2908;MGA Entertainment Egitici Seti;Oyuncak;Egitici;MGA Entertainment;2688.35;Yetiskin;65
2909;Ithaki Tarih Romanı/Kitabı;Kitap;Tarih;Ithaki;429.81;Yasli;41
2910;Moleskine Resim Seti;Hobi-Sanat;Resim;Moleskine;828.21;Cocuk;89
2911;Mattel Egitici Koleksiyonu;Oyuncak;Egitici;Mattel;2340.97;Genc;66
2912;Alfa Yayinlari Kisisel Gelisim Romanı/Kitabı;Kitap;Kisisel Gelisim;Alfa Yayinlari;309.94;Genc;26
2913;Faber-Castell Kirtasiye Koleksiyonu;Hobi-Sanat;Kirtasiye;Faber-Castell;1749.37;Cocuk;42
2914;Dogan Kitap Kisisel Gelisim Romanı/Kitabı;Kitap;Kisisel Gelisim;Dogan Kitap;113.24;Yasli;30
2915;Adidas Klasik Çanta;Moda;Klasik;Adidas;5325.25;Yasli;94
2916;Burberry Aksesuar Gözlük;Moda;Aksesuar;Burberry;3390.81;Cocuk;94
2917;Philips Mutfak Kahve Makinesi;Ev-Yasam;Mutfak;Philips;5835.67;Yetiskin;73
2918;Madame Coco Mutfak Dekoratif Lamba;Ev-Yasam;Mutfak;Madame Coco;566.10;Yasli;44
2919;Mattel Egitici Seti;Oyuncak;Egitici;Mattel;3652.45;Yasli;74
2920;Karaca Konfor Nevresim Takımı;Ev-Yasam;Konfor;Karaca;6112.78;Yetiskin;91
2921;Razer Yayincilik Koleksiyonu;Oyun;Yayincilik;Razer;1161.79;Cocuk;59
2922;MAC Makyaj Ruj;Kozmetik;Makyaj;MAC;917.92;Genc;46
2923;Mattel Klasik Koleksiyonu;Oyuncak;Klasik;Mattel;3923.44;Genc;78
2924;Meguiars Arac Bakimi Aksesuarı;Otomobil-Aksesuar;Arac Bakimi;Meguiars;9316.34;Genc;100
2925;Razer E-Spor Paketi;Oyun;E-Spor;Razer;1925.26;Genc;72
2926;Karaca Mutfak Kahve Makinesi;Ev-Yasam;Mutfak;Karaca;4791.52;Genc;8
2927;Canson Resim Koleksiyonu;Hobi-Sanat;Resim;Canson;1170.30;Yasli;80
2928;Beko Konfor Kahve Makinesi;Ev-Yasam;Konfor;Beko;2432.53;Cocuk;69
2929;LOreal Parfum Ruj;Kozmetik;Parfum;LOreal;856.48;Yetiskin;4
2930;Alfa Yayinlari Edebiyat Romanı/Kitabı;Kitap;Edebiyat;Alfa Yayinlari;336.30;Yasli;91
2931;SteelSeries Retro Seti;Oyun;Retro;SteelSeries;142.30;Yasli;2
2932;Burberry Aksesuar Parfüm;Moda;Aksesuar;Burberry;5876.66;Cocuk;17
2933;Ikea Konfor Dekoratif Lamba;Ev-Yasam;Konfor;Ikea;10780.26;Yetiskin;19
2934;Zara Klasik Saat;Moda;Klasik;Zara;990.92;Yasli;81
2935;Gibson Analog Pikap;Muzik;Analog;Gibson;8665.37;Yasli;64
2936;Mizuno Fitness Spor Çantası;Spor;Fitness;Mizuno;4487.99;Yetiskin;29
2937;Castelli Ekipman Eşofman Takımı;Spor;Ekipman;Castelli;5512.29;Yasli;38
2938;Razer Yayincilik Koleksiyonu;Oyun;Yayincilik;Razer;3920.41;Genc;48
2939;Xiaomi Yazilim Akıllı Saat;Teknoloji;Yazilim;Xiaomi;30885.36;Yasli;41
2940;Bose Sahne Amfi;Muzik;Sahne;Bose;1053.43;Yetiskin;8
2941;HP Mobil Yasam Kulaklık;Teknoloji;Mobil Yasam;HP;44459.34;Cocuk;89
2942;Gigabyte Yayincilik Koleksiyonu;Oyun;Yayincilik;Gigabyte;1295.22;Cocuk;52
2943;Castelli Outdoor Koşu Ayakkabısı;Spor;Outdoor;Castelli;1182.03;Cocuk;99
2944;Ithaki Tarih Romanı/Kitabı;Kitap;Tarih;Ithaki;336.58;Genc;94
2945;HyperX Retro Seti;Oyun;Retro;HyperX;4911.71;Genc;95
2946;Liquitex Resim Paketi;Hobi-Sanat;Resim;Liquitex;477.52;Yasli;4
2947;Apple Ev Ofis Akıllı Telefon;Teknoloji;Ev Ofis;Apple;21144.82;Yetiskin;21
2948;Lenovo Mobil Yasam Akıllı Saat;Teknoloji;Mobil Yasam;Lenovo;32833.28;Yetiskin;19
2949;Decathlon Outdoor Eşofman Takımı;Spor;Outdoor;Decathlon;3829.51;Cocuk;97
2950;Iletisim Edebiyat Romanı/Kitabı;Kitap;Edebiyat;Iletisim;73.14;Genc;91
2951;Melissa Doug Egitici Paketi;Oyuncak;Egitici;Melissa Doug;1696.97;Yasli;52
2952;Lancome Makyaj Cilt Serumu;Kozmetik;Makyaj;Lancome;173.92;Genc;82
2953;3M Arac Bakimi Aksesuarı;Otomobil-Aksesuar;Arac Bakimi;3M;8562.87;Genc;96
2954;Fisher-Price Klasik Koleksiyonu;Oyuncak;Klasik;Fisher-Price;4832.29;Yasli;34
2955;Audio-Technica Analog Pikap;Muzik;Analog;Audio-Technica;11385.60;Cocuk;4
2956;Faber-Castell Kirtasiye Paketi;Hobi-Sanat;Kirtasiye;Faber-Castell;4481.22;Yasli;41
2957;Razer Retro Seti;Oyun;Retro;Razer;684.89;Genc;42
2958;Pioneer Konfor Aksesuarı;Otomobil-Aksesuar;Konfor;Pioneer;783.67;Yetiskin;69
2959;Meguiars Guvenlik Aksesuarı;Otomobil-Aksesuar;Guvenlik;Meguiars;700.83;Cocuk;68
2960;Estee Lauder Bakim Göz Kalemi;Kozmetik;Bakim;Estee Lauder;1656.23;Cocuk;62
2961;HP Ev Ofis Akıllı Telefon;Teknoloji;Ev Ofis;HP;9231.14;Yasli;24
2962;HyperX Retro Koleksiyonu;Oyun;Retro;HyperX;3301.22;Cocuk;4
2963;Columbia Outdoor Eşofman Takımı;Spor;Outdoor;Columbia;4833.70;Yasli;18
2964;Yamaha Analog Enstrüman;Muzik;Analog;Yamaha;22507.97;Yetiskin;93
2965;Nintendo Yayincilik Seti;Oyun;Yayincilik;Nintendo;4286.93;Cocuk;6
2966;Sony Yazilim Bilgisayar;Teknoloji;Yazilim;Sony;37200.70;Yasli;28
2967;Sennheiser Analog Pikap;Muzik;Analog;Sennheiser;2304.07;Genc;90
2968;Roland Sahne DJ Ekipmanı;Muzik;Sahne;Roland;3333.24;Genc;48
2969;Mattel Egitici Seti;Oyuncak;Egitici;Mattel;3773.66;Yasli;21
2970;Meguiars Guvenlik Aksesuarı;Otomobil-Aksesuar;Guvenlik;Meguiars;13279.59;Yasli;37
2971;Pioneer Arac Bakimi Aksesuarı;Otomobil-Aksesuar;Arac Bakimi;Pioneer;11475.53;Cocuk;77
2972;Liquitex Resim Koleksiyonu;Hobi-Sanat;Resim;Liquitex;3463.73;Yetiskin;36
2973;Chanel Bakim Ruj;Kozmetik;Bakim;Chanel;211.57;Cocuk;44
2974;Mizuno Fitness Spor Çantası;Spor;Fitness;Mizuno;7669.15;Cocuk;72
2975;Daler Rowney Resim Seti;Hobi-Sanat;Resim;Daler Rowney;3221.34;Cocuk;34
2976;Nivea Bakim Göz Kalemi;Kozmetik;Bakim;Nivea;1756.04;Genc;91
2977;Can Yayinlari Kisisel Gelisim Romanı/Kitabı;Kitap;Kisisel Gelisim;Can Yayinlari;281.56;Cocuk;23
2978;Bose Studyo Enstrüman;Muzik;Studyo;Bose;4186.69;Yetiskin;37
2979;Xiaomi Mobil Yasam Bilgisayar;Teknoloji;Mobil Yasam;Xiaomi;33173.37;Cocuk;40
2980;Bose Sahne Amfi;Muzik;Sahne;Bose;22789.80;Genc;22
2981;Goodyear Guvenlik Aksesuarı;Otomobil-Aksesuar;Guvenlik;Goodyear;4157.59;Yasli;65
2982;Prada Aksesuar Parfüm;Moda;Aksesuar;Prada;4451.85;Yetiskin;49
2983;Estee Lauder Makyaj Cilt Serumu;Kozmetik;Makyaj;Estee Lauder;1105.09;Cocuk;77
2984;Puma Klasik Saat;Moda;Klasik;Puma;3479.98;Cocuk;25
2985;LEGO Klasik Koleksiyonu;Oyuncak;Klasik;LEGO;3872.42;Yetiskin;55
2986;Ikea Mutfak Kahve Makinesi;Ev-Yasam;Mutfak;Ikea;8373.76;Yasli;61
2987;Ikea Dekorasyon Nevresim Takımı;Ev-Yasam;Dekorasyon;Ikea;8642.66;Cocuk;94
2988;Lenovo Mobil Yasam Akıllı Telefon;Teknoloji;Mobil Yasam;Lenovo;40987.26;Yetiskin;5
2989;Tefal Konfor Kahve Makinesi;Ev-Yasam;Konfor;Tefal;5499.97;Yetiskin;100
2990;Moleskine Resim Paketi;Hobi-Sanat;Resim;Moleskine;4333.59;Genc;82
2991;Sephora Bakim Cilt Serumu;Kozmetik;Bakim;Sephora;1474.84;Yasli;77
2992;Salomon Fitness Antrenman Ekipmanı;Spor;Fitness;Salomon;978.63;Yasli;56
2993;Sephora Makyaj Göz Kalemi;Kozmetik;Makyaj;Sephora;1876.51;Cocuk;42
2994;Lacoste Klasik Ceket;Moda;Klasik;Lacoste;4991.98;Yetiskin;68
2995;Marshall Studyo Amfi;Muzik;Studyo;Marshall;21083.75;Genc;70
2996;Canson El Sanatlari Koleksiyonu;Hobi-Sanat;El Sanatlari;Canson;1645.19;Cocuk;58
2997;HP Ev Ofis Akıllı Saat;Teknoloji;Ev Ofis;HP;12284.53;Yetiskin;39
2998;Alfa Yayinlari Edebiyat Romanı/Kitabı;Kitap;Edebiyat;Alfa Yayinlari;384.35;Cocuk;57
2999;Beko Konfor Nevresim Takımı;Ev-Yasam;Konfor;Beko;7333.96;Genc;56
3000;Casio Sahne Pikap;Muzik;Sahne;Casio;2285.81;Cocuk;63
3001;Decathlon Fitness Antrenman Ekipmanı;Spor;Fitness;Decathlon;6041.21;Genc;55
3002;Arzum Dekorasyon Kahve Makinesi;Ev-Yasam;Dekorasyon;Arzum;7573.43;Genc;73
3003;Can Yayinlari Edebiyat Romanı/Kitabı;Kitap;Edebiyat;Can Yayinlari;86.09;Yetiskin;11
3004;Pasabahce Dekorasyon Kahve Makinesi;Ev-Yasam;Dekorasyon;Pasabahce;6975.24;Genc;10
3005;Samsung Mobil Yasam Bilgisayar;Teknoloji;Mobil Yasam;Samsung;19801.11;Cocuk;81
3006;Madame Coco Dekorasyon Robot Süpürge;Ev-Yasam;Dekorasyon;Madame Coco;7445.09;Genc;96
3007;Pioneer Guvenlik Aksesuarı;Otomobil-Aksesuar;Guvenlik;Pioneer;14891.21;Genc;96
3008;Moleskine Resim Koleksiyonu;Hobi-Sanat;Resim;Moleskine;2752.30;Yetiskin;72
3009;Bosch Arac Bakimi Aksesuarı;Otomobil-Aksesuar;Arac Bakimi;Bosch;6468.11;Yetiskin;9
3010;SteelSeries E-Spor Seti;Oyun;E-Spor;SteelSeries;1100.72;Genc;7
3011;Karaca Dekorasyon Nevresim Takımı;Ev-Yasam;Dekorasyon;Karaca;860.29;Cocuk;82
3012;Columbia Ekipman Spor Çantası;Spor;Ekipman;Columbia;6861.18;Yetiskin;50
3013;Meguiars Guvenlik Aksesuarı;Otomobil-Aksesuar;Guvenlik;Meguiars;5699.65;Genc;1
3014;Bosch Arac Bakimi Aksesuarı;Otomobil-Aksesuar;Arac Bakimi;Bosch;9974.75;Yasli;42
3015;Meguiars Konfor Aksesuarı;Otomobil-Aksesuar;Konfor;Meguiars;3281.44;Yasli;25
3016;Burberry Aksesuar Parfüm;Moda;Aksesuar;Burberry;4827.43;Cocuk;1
3017;Puma Klasik Çanta;Moda;Klasik;Puma;5085.34;Yasli;92
3018;Ithaki Kisisel Gelisim Romanı/Kitabı;Kitap;Kisisel Gelisim;Ithaki;432.60;Yasli;76
3019;Daler Rowney El Sanatlari Koleksiyonu;Hobi-Sanat;El Sanatlari;Daler Rowney;1034.12;Yetiskin;63
3020;Meguiars Konfor Aksesuarı;Otomobil-Aksesuar;Konfor;Meguiars;9886.69;Yasli;15
3021;Pioneer Guvenlik Aksesuarı;Otomobil-Aksesuar;Guvenlik;Pioneer;4822.35;Cocuk;99
3022;Adidas Sokak Stili Gözlük;Moda;Sokak Stili;Adidas;760.97;Yasli;9
3023;Nike Sokak Stili Ceket;Moda;Sokak Stili;Nike;4556.22;Yasli;67
3024;Fender Sahne Pikap;Muzik;Sahne;Fender;5455.82;Cocuk;12
3025;Philips Dekorasyon Dekoratif Lamba;Ev-Yasam;Dekorasyon;Philips;10120.68;Yetiskin;55
3026;3M Konfor Aksesuarı;Otomobil-Aksesuar;Konfor;3M;12822.05;Yetiskin;57
3027;MSI E-Spor Seti;Oyun;E-Spor;MSI;2582.91;Yetiskin;20
3028;JBL Sahne DJ Ekipmanı;Muzik;Sahne;JBL;7315.80;Yasli;19
3029;Playmobil Egitici Seti;Oyuncak;Egitici;Playmobil;1903.61;Yasli;97
3030;Maybelline Makyaj Göz Kalemi;Kozmetik;Makyaj;Maybelline;628.43;Cocuk;91
3031;Xiaomi Ev Ofis Kulaklık;Teknoloji;Ev Ofis;Xiaomi;31467.45;Genc;89
3032;Mattel Aksiyon Koleksiyonu;Oyuncak;Aksiyon;Mattel;1090.60;Yasli;4
3033;Bose Sahne Pikap;Muzik;Sahne;Bose;1389.62;Yasli;98
3034;Alfa Yayinlari Tarih Romanı/Kitabı;Kitap;Tarih;Alfa Yayinlari;210.76;Yetiskin;13
3035;Estee Lauder Bakim Ruj;Kozmetik;Bakim;Estee Lauder;781.61;Yasli;47
3036;Continental Arac Bakimi Aksesuarı;Otomobil-Aksesuar;Arac Bakimi;Continental;1006.85;Cocuk;17
3037;SteelSeries Retro Koleksiyonu;Oyun;Retro;SteelSeries;4332.96;Yetiskin;92
3038;Bosch Dekorasyon Kahve Makinesi;Ev-Yasam;Dekorasyon;Bosch;4110.40;Cocuk;76
3039;Bridgestone Konfor Aksesuarı;Otomobil-Aksesuar;Konfor;Bridgestone;10906.30;Yetiskin;16
3040;Prada Sokak Stili Gözlük;Moda;Sokak Stili;Prada;4249.57;Cocuk;51
3041;Chanel Parfum Ruj;Kozmetik;Parfum;Chanel;1003.96;Yasli;52
3042;Sparco Guvenlik Aksesuarı;Otomobil-Aksesuar;Guvenlik;Sparco;11021.11;Cocuk;20
3043;Karaca Mutfak Robot Süpürge;Ev-Yasam;Mutfak;Karaca;11158.56;Yasli;17
3044;Sony Mobil Yasam Kulaklık;Teknoloji;Mobil Yasam;Sony;43399.66;Cocuk;78
3045;Metis Kisisel Gelisim Romanı/Kitabı;Kitap;Kisisel Gelisim;Metis;374.29;Cocuk;1
3046;Dell Yazilim Tablet;Teknoloji;Yazilim;Dell;5112.18;Yasli;17
3047;Karaca Konfor Nevresim Takımı;Ev-Yasam;Konfor;Karaca;8188.23;Genc;56
3048;VTech Aksiyon Seti;Oyuncak;Aksiyon;VTech;554.46;Genc;10
3049;Sony Yazilim Akıllı Telefon;Teknoloji;Yazilim;Sony;5665.56;Cocuk;49
3050;LEGO Klasik Seti;Oyuncak;Klasik;LEGO;4245.75;Genc;78
3051;Levi's Sokak Stili Parfüm;Moda;Sokak Stili;Levi's;5659.20;Genc;74
3052;Xiaomi Mobil Yasam Akıllı Saat;Teknoloji;Mobil Yasam;Xiaomi;10236.67;Genc;50
3053;Goodyear Arac Bakimi Aksesuarı;Otomobil-Aksesuar;Arac Bakimi;Goodyear;2221.49;Genc;59
3054;Everest Edebiyat Romanı/Kitabı;Kitap;Edebiyat;Everest;141.67;Genc;83
3055;Is Bankasi Yayinlari Edebiyat Romanı/Kitabı;Kitap;Edebiyat;Is Bankasi Yayinlari;483.85;Cocuk;86
3056;Pebeo Resim Seti;Hobi-Sanat;Resim;Pebeo;2946.83;Yetiskin;75
3057;Clinique Parfum Cilt Serumu;Kozmetik;Parfum;Clinique;1024.36;Cocuk;69
3058;Gigabyte Yayincilik Paketi;Oyun;Yayincilik;Gigabyte;537.42;Cocuk;1
3059;Wilson Fitness Antrenman Ekipmanı;Spor;Fitness;Wilson;5280.22;Yetiskin;3
3060;Mattel Aksiyon Koleksiyonu;Oyuncak;Aksiyon;Mattel;1536.89;Yetiskin;25
3061;Daler Rowney El Sanatlari Koleksiyonu;Hobi-Sanat;El Sanatlari;Daler Rowney;2649.76;Genc;25
3062;Castelli Outdoor Antrenman Ekipmanı;Spor;Outdoor;Castelli;5606.29;Yetiskin;78
3063;Estee Lauder Parfum Nemlendirici;Kozmetik;Parfum;Estee Lauder;1328.69;Cocuk;17
3064;Audio-Technica Sahne DJ Ekipmanı;Muzik;Sahne;Audio-Technica;11813.81;Genc;21
3065;Audio-Technica Sahne Pikap;Muzik;Sahne;Audio-Technica;15426.13;Cocuk;77
3066;Prismacolor El Sanatlari Seti;Hobi-Sanat;El Sanatlari;Prismacolor;1941.73;Genc;51
3067;LOreal Bakim Cilt Serumu;Kozmetik;Bakim;LOreal;528.87;Yetiskin;100
3068;Iletisim Kisisel Gelisim Romanı/Kitabı;Kitap;Kisisel Gelisim;Iletisim;220.14;Yetiskin;29
3069;Can Yayinlari Tarih Romanı/Kitabı;Kitap;Tarih;Can Yayinlari;377.89;Yetiskin;45
3070;Lacoste Klasik Saat;Moda;Klasik;Lacoste;2133.31;Yasli;26
3071;Melissa Doug Egitici Koleksiyonu;Oyuncak;Egitici;Melissa Doug;4433.34;Cocuk;90
3072;Bridgestone Arac Bakimi Aksesuarı;Otomobil-Aksesuar;Arac Bakimi;Bridgestone;2009.30;Cocuk;73
3073;Under Armour Ekipman Antrenman Ekipmanı;Spor;Ekipman;Under Armour;965.50;Yetiskin;23
3074;Sennheiser Sahne DJ Ekipmanı;Muzik;Sahne;Sennheiser;23505.92;Yasli;94
3075;Pebeo El Sanatlari Seti;Hobi-Sanat;El Sanatlari;Pebeo;1463.11;Cocuk;6
3076;Nivea Makyaj Ruj;Kozmetik;Makyaj;Nivea;290.57;Yetiskin;68
3077;Mizuno Fitness Eşofman Takımı;Spor;Fitness;Mizuno;6540.26;Yetiskin;49
3078;Lancome Bakim Cilt Serumu;Kozmetik;Bakim;Lancome;226.62;Yasli;27
3079;MGA Entertainment Aksiyon Koleksiyonu;Oyuncak;Aksiyon;MGA Entertainment;1749.67;Yasli;45
3080;H&M Sokak Stili Ceket;Moda;Sokak Stili;H&M;2060.91;Genc;7
3081;Metis Tarih Romanı/Kitabı;Kitap;Tarih;Metis;472.03;Yetiskin;97
3082;Mattel Egitici Paketi;Oyuncak;Egitici;Mattel;3062.42;Genc;85
3083;Iletisim Edebiyat Romanı/Kitabı;Kitap;Edebiyat;Iletisim;413.00;Yetiskin;8
3084;Zara Sokak Stili Ceket;Moda;Sokak Stili;Zara;5562.70;Genc;99
3085;Spalding Outdoor Antrenman Ekipmanı;Spor;Outdoor;Spalding;786.40;Yetiskin;48
3086;Huawei Yazilim Tablet;Teknoloji;Yazilim;Huawei;24308.25;Yasli;99
3087;Reeves Kirtasiye Paketi;Hobi-Sanat;Kirtasiye;Reeves;276.94;Yasli;57
3088;Maybelline Parfum Ruj;Kozmetik;Parfum;Maybelline;334.29;Yetiskin;1
3089;Lancome Parfum Nemlendirici;Kozmetik;Parfum;Lancome;1289.01;Genc;2
3090;Castelli Outdoor Eşofman Takımı;Spor;Outdoor;Castelli;2347.28;Yasli;43
3091;Gigabyte Retro Koleksiyonu;Oyun;Retro;Gigabyte;2906.14;Genc;53
3092;Wilson Ekipman Spor Çantası;Spor;Ekipman;Wilson;2950.91;Cocuk;43
3093;Dogan Kitap Edebiyat Romanı/Kitabı;Kitap;Edebiyat;Dogan Kitap;229.79;Cocuk;38
3094;Decathlon Fitness Spor Çantası;Spor;Fitness;Decathlon;7935.28;Yasli;78
3095;Under Armour Ekipman Koşu Ayakkabısı;Spor;Ekipman;Under Armour;6059.32;Yasli;61
3096;Gigabyte Yayincilik Seti;Oyun;Yayincilik;Gigabyte;4714.72;Yasli;9
3097;Gibson Analog Amfi;Muzik;Analog;Gibson;4122.32;Genc;45
3098;Gigabyte Yayincilik Koleksiyonu;Oyun;Yayincilik;Gigabyte;967.96;Yasli;51
3099;Dell Yazilim Akıllı Saat;Teknoloji;Yazilim;Dell;13001.40;Genc;64
3100;Corsair E-Spor Paketi;Oyun;E-Spor;Corsair;1436.91;Yasli;8
3101;Prismacolor El Sanatlari Seti;Hobi-Sanat;El Sanatlari;Prismacolor;3246.13;Genc;77
3102;Sennheiser Studyo DJ Ekipmanı;Muzik;Studyo;Sennheiser;18503.77;Yasli;42
3103;Corsair Retro Koleksiyonu;Oyun;Retro;Corsair;4523.44;Genc;42
3104;Nvidia Yayincilik Paketi;Oyun;Yayincilik;Nvidia;4447.45;Genc;39
3105;Iletisim Kisisel Gelisim Romanı/Kitabı;Kitap;Kisisel Gelisim;Iletisim;313.38;Genc;58
3106;Iletisim Edebiyat Romanı/Kitabı;Kitap;Edebiyat;Iletisim;152.66;Yasli;56
3107;Wilson Outdoor Koşu Ayakkabısı;Spor;Outdoor;Wilson;4510.71;Yasli;93
3108;Melissa Doug Egitici Koleksiyonu;Oyuncak;Egitici;Melissa Doug;2537.96;Yetiskin;82
3109;Sparco Konfor Aksesuarı;Otomobil-Aksesuar;Konfor;Sparco;8674.03;Genc;70
3110;Yamaha Studyo Pikap;Muzik;Studyo;Yamaha;18304.34;Cocuk;51
3111;Metis Edebiyat Romanı/Kitabı;Kitap;Edebiyat;Metis;449.04;Yasli;1
3112;Liquitex Resim Seti;Hobi-Sanat;Resim;Liquitex;3265.48;Yasli;23
3113;Nintendo Yayincilik Paketi;Oyun;Yayincilik;Nintendo;559.79;Yasli;20
3114;Estee Lauder Bakim Ruj;Kozmetik;Bakim;Estee Lauder;568.14;Genc;53
3115;HyperX Retro Paketi;Oyun;Retro;HyperX;1741.42;Genc;66
3116;Nivea Makyaj Cilt Serumu;Kozmetik;Makyaj;Nivea;1971.46;Yetiskin;26
3117;Canson Resim Seti;Hobi-Sanat;Resim;Canson;2013.61;Cocuk;69
3118;Canson El Sanatlari Paketi;Hobi-Sanat;El Sanatlari;Canson;988.19;Yetiskin;94
3119;Spin Master Klasik Koleksiyonu;Oyuncak;Klasik;Spin Master;2143.13;Yasli;91
3120;Beko Dekorasyon Nevresim Takımı;Ev-Yasam;Dekorasyon;Beko;3936.56;Genc;82
3121;North Face Fitness Koşu Ayakkabısı;Spor;Fitness;North Face;2480.10;Genc;47
3122;Is Bankasi Yayinlari Kisisel Gelisim Romanı/Kitabı;Kitap;Kisisel Gelisim;Is Bankasi Yayinlari;194.74;Yasli;60
3123;Ithaki Edebiyat Romanı/Kitabı;Kitap;Edebiyat;Ithaki;203.44;Yetiskin;17
3124;Decathlon Fitness Antrenman Ekipmanı;Spor;Fitness;Decathlon;3204.62;Yasli;7
3125;Columbia Fitness Eşofman Takımı;Spor;Fitness;Columbia;6705.41;Yasli;64
3126;Castelli Ekipman Eşofman Takımı;Spor;Ekipman;Castelli;4243.54;Yetiskin;36
3127;Roland Analog Pikap;Muzik;Analog;Roland;9301.53;Yetiskin;21
3128;Sephora Parfum Ruj;Kozmetik;Parfum;Sephora;923.15;Genc;82
3129;Fisher-Price Klasik Koleksiyonu;Oyuncak;Klasik;Fisher-Price;4592.06;Cocuk;100
3130;Apple Mobil Yasam Tablet;Teknoloji;Mobil Yasam;Apple;44853.57;Genc;73
3131;Michelin Guvenlik Aksesuarı;Otomobil-Aksesuar;Guvenlik;Michelin;14410.79;Yetiskin;20
3132;H&M Sokak Stili Çanta;Moda;Sokak Stili;H&M;2550.26;Genc;62
3133;Ithaki Edebiyat Romanı/Kitabı;Kitap;Edebiyat;Ithaki;85.46;Yasli;85
3134;Wilson Ekipman Koşu Ayakkabısı;Spor;Ekipman;Wilson;5462.02;Yasli;69
3135;Under Armour Ekipman Koşu Ayakkabısı;Spor;Ekipman;Under Armour;3018.09;Genc;23
3136;Columbia Ekipman Eşofman Takımı;Spor;Ekipman;Columbia;6467.21;Genc;6
3137;Moleskine Kirtasiye Koleksiyonu;Hobi-Sanat;Kirtasiye;Moleskine;4528.73;Yetiskin;17
3138;Marshall Sahne Enstrüman;Muzik;Sahne;Marshall;9340.57;Cocuk;62
3139;Gibson Analog DJ Ekipmanı;Muzik;Analog;Gibson;19154.99;Yetiskin;61
3140;Derwent El Sanatlari Seti;Hobi-Sanat;El Sanatlari;Derwent;648.76;Cocuk;63
3141;Canson Kirtasiye Koleksiyonu;Hobi-Sanat;Kirtasiye;Canson;3357.88;Yetiskin;77
3142;Razer Retro Koleksiyonu;Oyun;Retro;Razer;702.65;Genc;3
3143;LEGO Aksiyon Paketi;Oyuncak;Aksiyon;LEGO;2896.52;Cocuk;79
3144;3M Konfor Aksesuarı;Otomobil-Aksesuar;Konfor;3M;1903.43;Cocuk;8
3145;Decathlon Fitness Koşu Ayakkabısı;Spor;Fitness;Decathlon;2176.77;Cocuk;81
3146;Gibson Sahne Amfi;Muzik;Sahne;Gibson;14823.37;Cocuk;86
3147;Bose Sahne DJ Ekipmanı;Muzik;Sahne;Bose;20522.53;Genc;22
3148;Roland Analog Amfi;Muzik;Analog;Roland;4057.20;Genc;90
3149;Pebeo El Sanatlari Koleksiyonu;Hobi-Sanat;El Sanatlari;Pebeo;4718.57;Yetiskin;75
3150;Yapi Kredi Edebiyat Romanı/Kitabı;Kitap;Edebiyat;Yapi Kredi;417.72;Yasli;64
3151;HyperX E-Spor Paketi;Oyun;E-Spor;HyperX;275.68;Yasli;90
3152;LG Yazilim Tablet;Teknoloji;Yazilim;LG;19948.20;Cocuk;76
3153;Winsor Newton Kirtasiye Koleksiyonu;Hobi-Sanat;Kirtasiye;Winsor Newton;1208.56;Cocuk;41
3154;Philips Dekorasyon Dekoratif Lamba;Ev-Yasam;Dekorasyon;Philips;3862.01;Yasli;82
3155;Gigabyte Retro Seti;Oyun;Retro;Gigabyte;3561.65;Cocuk;90
3156;Continental Konfor Aksesuarı;Otomobil-Aksesuar;Konfor;Continental;3168.20;Yetiskin;66
3157;Tefal Konfor Dekoratif Lamba;Ev-Yasam;Konfor;Tefal;3549.86;Yasli;9
3158;Asus Mobil Yasam Kulaklık;Teknoloji;Mobil Yasam;Asus;41358.14;Cocuk;59
3159;Clinique Makyaj Ruj;Kozmetik;Makyaj;Clinique;661.22;Yasli;87
3160;Michelin Guvenlik Aksesuarı;Otomobil-Aksesuar;Guvenlik;Michelin;9339.26;Yasli;5
3161;North Face Outdoor Eşofman Takımı;Spor;Outdoor;North Face;1789.23;Genc;73
3162;Faber-Castell El Sanatlari Seti;Hobi-Sanat;El Sanatlari;Faber-Castell;2645.37;Yetiskin;60
3163;Winsor Newton El Sanatlari Seti;Hobi-Sanat;El Sanatlari;Winsor Newton;307.72;Cocuk;58
3164;English Home Mutfak Robot Süpürge;Ev-Yasam;Mutfak;English Home;8925.95;Yetiskin;78
3165;Playmobil Aksiyon Seti;Oyuncak;Aksiyon;Playmobil;737.62;Cocuk;84
3166;Metis Edebiyat Romanı/Kitabı;Kitap;Edebiyat;Metis;135.07;Yetiskin;73
3167;HP Mobil Yasam Bilgisayar;Teknoloji;Mobil Yasam;HP;18344.30;Cocuk;1
3168;Hot Wheels Aksiyon Seti;Oyuncak;Aksiyon;Hot Wheels;3198.09;Cocuk;11
3169;HP Yazilim Tablet;Teknoloji;Yazilim;HP;30940.16;Yasli;51
3170;Zara Sokak Stili Ceket;Moda;Sokak Stili;Zara;1413.36;Cocuk;40
3171;North Face Fitness Spor Çantası;Spor;Fitness;North Face;5435.69;Yetiskin;21
3172;North Face Fitness Koşu Ayakkabısı;Spor;Fitness;North Face;2188.18;Genc;13
3173;Sony Ev Ofis Bilgisayar;Teknoloji;Ev Ofis;Sony;11156.82;Genc;19
3174;Zara Sokak Stili Gözlük;Moda;Sokak Stili;Zara;3675.02;Yetiskin;42
3175;Can Yayinlari Kisisel Gelisim Romanı/Kitabı;Kitap;Kisisel Gelisim;Can Yayinlari;91.51;Genc;1
3176;Reeves Kirtasiye Paketi;Hobi-Sanat;Kirtasiye;Reeves;3878.26;Cocuk;67
3177;English Home Konfor Robot Süpürge;Ev-Yasam;Konfor;English Home;8641.77;Yasli;37
3178;Wilson Outdoor Eşofman Takımı;Spor;Outdoor;Wilson;4521.65;Cocuk;81
3179;Dior Parfum Göz Kalemi;Kozmetik;Parfum;Dior;675.34;Genc;92
3180;Tefal Konfor Robot Süpürge;Ev-Yasam;Konfor;Tefal;11353.10;Yetiskin;69
3181;Bose Studyo Enstrüman;Muzik;Studyo;Bose;19686.91;Genc;47
3182;Melissa Doug Egitici Koleksiyonu;Oyuncak;Egitici;Melissa Doug;1691.02;Yetiskin;86
3183;Liquitex Kirtasiye Seti;Hobi-Sanat;Kirtasiye;Liquitex;4365.54;Cocuk;47
3184;LOreal Bakim Ruj;Kozmetik;Bakim;LOreal;983.38;Yetiskin;85
3185;Faber-Castell Kirtasiye Koleksiyonu;Hobi-Sanat;Kirtasiye;Faber-Castell;545.64;Yasli;16
3186;VTech Egitici Paketi;Oyuncak;Egitici;VTech;673.68;Yetiskin;29
3187;MSI E-Spor Koleksiyonu;Oyun;E-Spor;MSI;4125.32;Cocuk;83
3188;Clinique Bakim Cilt Serumu;Kozmetik;Bakim;Clinique;1428.50;Yetiskin;6
3189;Melissa Doug Egitici Seti;Oyuncak;Egitici;Melissa Doug;3479.92;Yasli;3
3190;Pebeo Resim Seti;Hobi-Sanat;Resim;Pebeo;4036.70;Yasli;84
3191;Winsor Newton Resim Paketi;Hobi-Sanat;Resim;Winsor Newton;916.77;Cocuk;35
3192;Gibson Analog Amfi;Muzik;Analog;Gibson;15717.02;Yasli;96
3193;Philips Mutfak Dekoratif Lamba;Ev-Yasam;Mutfak;Philips;5223.91;Cocuk;97
3194;Can Yayinlari Edebiyat Romanı/Kitabı;Kitap;Edebiyat;Can Yayinlari;426.61;Yasli;66
3195;MGA Entertainment Aksiyon Koleksiyonu;Oyuncak;Aksiyon;MGA Entertainment;3612.96;Cocuk;80
3196;MGA Entertainment Egitici Koleksiyonu;Oyuncak;Egitici;MGA Entertainment;278.40;Yetiskin;65
3197;North Face Outdoor Eşofman Takımı;Spor;Outdoor;North Face;4149.78;Genc;61
3198;Philips Mutfak Dekoratif Lamba;Ev-Yasam;Mutfak;Philips;9762.51;Yetiskin;5
3199;Prada Aksesuar Gözlük;Moda;Aksesuar;Prada;2644.24;Genc;18
3200;Pebeo Kirtasiye Paketi;Hobi-Sanat;Kirtasiye;Pebeo;2298.50;Genc;71
3201;JBL Analog DJ Ekipmanı;Muzik;Analog;JBL;20676.66;Cocuk;63
3202;Playmobil Klasik Paketi;Oyuncak;Klasik;Playmobil;1539.27;Cocuk;48
3203;Columbia Ekipman Koşu Ayakkabısı;Spor;Ekipman;Columbia;4568.51;Yetiskin;13
3204;Lacoste Sokak Stili Gözlük;Moda;Sokak Stili;Lacoste;3750.15;Yetiskin;32
3205;Fisher-Price Klasik Koleksiyonu;Oyuncak;Klasik;Fisher-Price;196.75;Cocuk;76
3206;Castelli Outdoor Eşofman Takımı;Spor;Outdoor;Castelli;5136.77;Genc;15
3207;Playmobil Klasik Paketi;Oyuncak;Klasik;Playmobil;3908.92;Yasli;64
3208;Dogan Kitap Edebiyat Romanı/Kitabı;Kitap;Edebiyat;Dogan Kitap;144.65;Yasli;41
3209;MAC Bakim Cilt Serumu;Kozmetik;Bakim;MAC;884.84;Yasli;6
3210;Zowie Yayincilik Seti;Oyun;Yayincilik;Zowie;4812.67;Genc;14
3211;Prismacolor Resim Seti;Hobi-Sanat;Resim;Prismacolor;1148.41;Cocuk;2
3212;Sony Ev Ofis Akıllı Telefon;Teknoloji;Ev Ofis;Sony;23524.00;Genc;55
3213;Puma Klasik Parfüm;Moda;Klasik;Puma;2676.42;Yetiskin;90
3214;Pebeo Resim Koleksiyonu;Hobi-Sanat;Resim;Pebeo;4001.21;Cocuk;18
3215;H&M Aksesuar Ceket;Moda;Aksesuar;H&M;449.74;Cocuk;14
3216;Dell Mobil Yasam Akıllı Saat;Teknoloji;Mobil Yasam;Dell;10412.05;Cocuk;82
3217;Dell Yazilim Tablet;Teknoloji;Yazilim;Dell;30992.96;Cocuk;15
3218;Lenovo Ev Ofis Bilgisayar;Teknoloji;Ev Ofis;Lenovo;2015.51;Yetiskin;90
3219;Burberry Klasik Çanta;Moda;Klasik;Burberry;2357.98;Yasli;31
3220;Bosch Dekorasyon Dekoratif Lamba;Ev-Yasam;Dekorasyon;Bosch;6560.06;Genc;99
3221;Gucci Klasik Çanta;Moda;Klasik;Gucci;5229.37;Genc;55
3222;3M Guvenlik Aksesuarı;Otomobil-Aksesuar;Guvenlik;3M;902.43;Yasli;73
3223;Hasbro Klasik Paketi;Oyuncak;Klasik;Hasbro;1792.47;Yetiskin;34
3224;Asus Yazilim Bilgisayar;Teknoloji;Yazilim;Asus;20647.27;Yasli;26
3225;Alfa Yayinlari Tarih Romanı/Kitabı;Kitap;Tarih;Alfa Yayinlari;340.39;Genc;2
3226;Arzum Mutfak Dekoratif Lamba;Ev-Yasam;Mutfak;Arzum;2698.49;Genc;50
3227;Arzum Mutfak Kahve Makinesi;Ev-Yasam;Mutfak;Arzum;2544.89;Yasli;80
3228;Razer E-Spor Koleksiyonu;Oyun;E-Spor;Razer;3299.56;Cocuk;76
3229;HP Yazilim Bilgisayar;Teknoloji;Yazilim;HP;38492.98;Genc;63
3230;SteelSeries Yayincilik Koleksiyonu;Oyun;Yayincilik;SteelSeries;3390.99;Cocuk;45
3231;Sparco Arac Bakimi Aksesuarı;Otomobil-Aksesuar;Arac Bakimi;Sparco;704.98;Yetiskin;73
3232;Continental Arac Bakimi Aksesuarı;Otomobil-Aksesuar;Arac Bakimi;Continental;12812.38;Yetiskin;3
3233;Zowie E-Spor Paketi;Oyun;E-Spor;Zowie;2350.79;Cocuk;20
3234;Corsair Retro Koleksiyonu;Oyun;Retro;Corsair;2127.13;Yasli;14
3235;Everest Kisisel Gelisim Romanı/Kitabı;Kitap;Kisisel Gelisim;Everest;210.94;Genc;60
3236;Mattel Egitici Koleksiyonu;Oyuncak;Egitici;Mattel;3323.61;Yetiskin;56
3237;Faber-Castell El Sanatlari Koleksiyonu;Hobi-Sanat;El Sanatlari;Faber-Castell;3615.02;Yetiskin;55
3238;Marshall Analog Enstrüman;Muzik;Analog;Marshall;23405.74;Genc;84
3239;Pegasus Edebiyat Romanı/Kitabı;Kitap;Edebiyat;Pegasus;304.36;Genc;42
3240;Huawei Mobil Yasam Akıllı Saat;Teknoloji;Mobil Yasam;Huawei;24983.49;Yasli;35
3241;Spin Master Egitici Seti;Oyuncak;Egitici;Spin Master;1532.36;Yasli;20
3242;Alfa Yayinlari Kisisel Gelisim Romanı/Kitabı;Kitap;Kisisel Gelisim;Alfa Yayinlari;466.19;Cocuk;71
3243;Prada Sokak Stili Saat;Moda;Sokak Stili;Prada;2255.05;Genc;77
3244;Corsair Yayincilik Koleksiyonu;Oyun;Yayincilik;Corsair;2266.50;Cocuk;81
3245;Nike Sokak Stili Gözlük;Moda;Sokak Stili;Nike;922.13;Yetiskin;2
3246;Alfa Yayinlari Edebiyat Romanı/Kitabı;Kitap;Edebiyat;Alfa Yayinlari;125.06;Cocuk;56
3247;JBL Analog Amfi;Muzik;Analog;JBL;7513.60;Yetiskin;22
3248;Xiaomi Mobil Yasam Tablet;Teknoloji;Mobil Yasam;Xiaomi;25927.09;Yasli;57
3249;Samsung Yazilim Kulaklık;Teknoloji;Yazilim;Samsung;16536.00;Cocuk;54
3250;Tefal Dekorasyon Kahve Makinesi;Ev-Yasam;Dekorasyon;Tefal;1465.33;Cocuk;71
3251;LOreal Bakim Cilt Serumu;Kozmetik;Bakim;LOreal;1214.28;Yasli;98
3252;Sephora Parfum Göz Kalemi;Kozmetik;Parfum;Sephora;1975.05;Genc;83
3253;Pioneer Guvenlik Aksesuarı;Otomobil-Aksesuar;Guvenlik;Pioneer;8245.12;Yasli;23
3254;Alfa Yayinlari Tarih Romanı/Kitabı;Kitap;Tarih;Alfa Yayinlari;236.23;Yasli;71
3255;Spin Master Aksiyon Paketi;Oyuncak;Aksiyon;Spin Master;867.69;Yasli;82
3256;Ikea Mutfak Nevresim Takımı;Ev-Yasam;Mutfak;Ikea;809.05;Yetiskin;13
3257;Liquitex Kirtasiye Koleksiyonu;Hobi-Sanat;Kirtasiye;Liquitex;4402.28;Genc;94
3258;Sony Ev Ofis Tablet;Teknoloji;Ev Ofis;Sony;24978.49;Yetiskin;11
3259;Estee Lauder Makyaj Ruj;Kozmetik;Makyaj;Estee Lauder;1044.12;Yasli;56
3260;Ithaki Edebiyat Romanı/Kitabı;Kitap;Edebiyat;Ithaki;488.80;Yasli;30
3261;Zara Aksesuar Çanta;Moda;Aksesuar;Zara;2964.78;Cocuk;2
3262;Dior Parfum Ruj;Kozmetik;Parfum;Dior;1980.26;Genc;56
3263;Yamaha Studyo Enstrüman;Muzik;Studyo;Yamaha;12888.53;Yasli;69
3264;Spin Master Egitici Koleksiyonu;Oyuncak;Egitici;Spin Master;2370.65;Yetiskin;71
3265;Sephora Bakim Göz Kalemi;Kozmetik;Bakim;Sephora;169.56;Yasli;66
3266;Iletisim Kisisel Gelisim Romanı/Kitabı;Kitap;Kisisel Gelisim;Iletisim;92.07;Genc;21
3267;Nivea Bakim Göz Kalemi;Kozmetik;Bakim;Nivea;1594.14;Cocuk;11
3268;Nike Sokak Stili Ceket;Moda;Sokak Stili;Nike;4026.03;Yetiskin;49
3269;Bridgestone Konfor Aksesuarı;Otomobil-Aksesuar;Konfor;Bridgestone;13217.65;Cocuk;89
3270;Reebok Outdoor Eşofman Takımı;Spor;Outdoor;Reebok;5661.54;Yetiskin;97
3271;Clinique Makyaj Nemlendirici;Kozmetik;Makyaj;Clinique;1385.95;Yasli;22
3272;Bosch Konfor Aksesuarı;Otomobil-Aksesuar;Konfor;Bosch;7941.08;Cocuk;76
3273;Daler Rowney El Sanatlari Seti;Hobi-Sanat;El Sanatlari;Daler Rowney;1802.35;Genc;25
3274;Chanel Bakim Ruj;Kozmetik;Bakim;Chanel;1398.45;Yetiskin;36
3275;Hot Wheels Klasik Koleksiyonu;Oyuncak;Klasik;Hot Wheels;914.64;Yasli;77
3276;Tefal Konfor Nevresim Takımı;Ev-Yasam;Konfor;Tefal;2359.41;Yetiskin;43
3277;Faber-Castell El Sanatlari Paketi;Hobi-Sanat;El Sanatlari;Faber-Castell;4641.79;Genc;45
3278;Prada Klasik Gözlük;Moda;Klasik;Prada;4139.74;Cocuk;28
3279;Sparco Konfor Aksesuarı;Otomobil-Aksesuar;Konfor;Sparco;8175.19;Cocuk;71
3280;Winsor Newton Resim Koleksiyonu;Hobi-Sanat;Resim;Winsor Newton;4843.22;Yasli;65
3281;Spalding Ekipman Spor Çantası;Spor;Ekipman;Spalding;2199.79;Yetiskin;89
3282;HP Mobil Yasam Tablet;Teknoloji;Mobil Yasam;HP;13896.92;Genc;22
3283;Meguiars Konfor Aksesuarı;Otomobil-Aksesuar;Konfor;Meguiars;7909.51;Cocuk;60
3284;Iletisim Edebiyat Romanı/Kitabı;Kitap;Edebiyat;Iletisim;436.98;Genc;68
3285;Reeves El Sanatlari Koleksiyonu;Hobi-Sanat;El Sanatlari;Reeves;4798.45;Genc;72
3286;Levi's Aksesuar Çanta;Moda;Aksesuar;Levi's;3301.36;Cocuk;65
3287;SteelSeries Yayincilik Paketi;Oyun;Yayincilik;SteelSeries;1550.78;Cocuk;20
3288;Reebok Ekipman Antrenman Ekipmanı;Spor;Ekipman;Reebok;3785.71;Yetiskin;81
3289;Philips Konfor Nevresim Takımı;Ev-Yasam;Konfor;Philips;6062.49;Yetiskin;96
3290;Michelin Konfor Aksesuarı;Otomobil-Aksesuar;Konfor;Michelin;12793.13;Yetiskin;90
3291;Fisher-Price Aksiyon Paketi;Oyuncak;Aksiyon;Fisher-Price;1449.08;Genc;78
3292;North Face Fitness Antrenman Ekipmanı;Spor;Fitness;North Face;621.32;Yasli;76
3293;Casio Analog Pikap;Muzik;Analog;Casio;23291.18;Genc;99
3294;Salomon Outdoor Antrenman Ekipmanı;Spor;Outdoor;Salomon;815.06;Yasli;81
3295;LEGO Aksiyon Paketi;Oyuncak;Aksiyon;LEGO;571.75;Yetiskin;10
3296;Puma Klasik Çanta;Moda;Klasik;Puma;1949.62;Yetiskin;37
3297;Moleskine Kirtasiye Paketi;Hobi-Sanat;Kirtasiye;Moleskine;3222.87;Cocuk;60
3298;LG Yazilim Kulaklık;Teknoloji;Yazilim;LG;14897.35;Yasli;59
3299;LOreal Makyaj Ruj;Kozmetik;Makyaj;LOreal;281.00;Cocuk;29
3300;Faber-Castell Resim Koleksiyonu;Hobi-Sanat;Resim;Faber-Castell;4921.76;Genc;56
3301;Fisher-Price Egitici Koleksiyonu;Oyuncak;Egitici;Fisher-Price;3299.92;Yetiskin;51
3302;Huawei Yazilim Kulaklık;Teknoloji;Yazilim;Huawei;24508.20;Genc;35
3303;Pioneer Arac Bakimi Aksesuarı;Otomobil-Aksesuar;Arac Bakimi;Pioneer;12096.95;Yasli;87
3304;Gigabyte Retro Paketi;Oyun;Retro;Gigabyte;690.04;Cocuk;65
3305;Gigabyte Retro Koleksiyonu;Oyun;Retro;Gigabyte;3275.83;Genc;71
3306;English Home Konfor Dekoratif Lamba;Ev-Yasam;Konfor;English Home;2275.59;Yasli;56
3307;Chanel Makyaj Nemlendirici;Kozmetik;Makyaj;Chanel;511.10;Yetiskin;25
3308;Derwent Resim Seti;Hobi-Sanat;Resim;Derwent;1604.29;Yasli;48
3309;Maybelline Bakim Ruj;Kozmetik;Bakim;Maybelline;1052.08;Cocuk;14
3310;Michelin Guvenlik Aksesuarı;Otomobil-Aksesuar;Guvenlik;Michelin;5740.89;Genc;69
3311;Liquitex El Sanatlari Koleksiyonu;Hobi-Sanat;El Sanatlari;Liquitex;1410.17;Cocuk;20
3312;Nvidia Retro Koleksiyonu;Oyun;Retro;Nvidia;102.05;Genc;98
3313;LOreal Parfum Göz Kalemi;Kozmetik;Parfum;LOreal;575.36;Genc;43
3314;Ikea Konfor Nevresim Takımı;Ev-Yasam;Konfor;Ikea;3435.12;Genc;70
3315;Burberry Aksesuar Ceket;Moda;Aksesuar;Burberry;895.13;Yasli;13
3316;Dior Parfum Nemlendirici;Kozmetik;Parfum;Dior;1940.77;Yasli;53
3317;Xiaomi Ev Ofis Akıllı Telefon;Teknoloji;Ev Ofis;Xiaomi;14730.52;Yetiskin;68
3318;LEGO Aksiyon Paketi;Oyuncak;Aksiyon;LEGO;1556.70;Yasli;89
3319;Yamaha Sahne Amfi;Muzik;Sahne;Yamaha;12180.58;Yasli;37
3320;Lacoste Klasik Ceket;Moda;Klasik;Lacoste;4674.55;Cocuk;53
3321;Levi's Aksesuar Çanta;Moda;Aksesuar;Levi's;342.47;Yasli;52
3322;MGA Entertainment Klasik Seti;Oyuncak;Klasik;MGA Entertainment;2035.24;Yetiskin;67
3323;Everest Tarih Romanı/Kitabı;Kitap;Tarih;Everest;237.88;Yetiskin;95
3324;3M Guvenlik Aksesuarı;Otomobil-Aksesuar;Guvenlik;3M;12550.16;Yetiskin;70
3325;Bosch Konfor Aksesuarı;Otomobil-Aksesuar;Konfor;Bosch;14168.61;Yasli;88
3326;Puma Aksesuar Gözlük;Moda;Aksesuar;Puma;2395.79;Yasli;30
3327;Melissa Doug Egitici Paketi;Oyuncak;Egitici;Melissa Doug;4651.09;Cocuk;51
3328;HP Ev Ofis Akıllı Telefon;Teknoloji;Ev Ofis;HP;41161.40;Yetiskin;4
3329;Dell Ev Ofis Bilgisayar;Teknoloji;Ev Ofis;Dell;15818.92;Genc;84
3330;Corsair E-Spor Paketi;Oyun;E-Spor;Corsair;4905.19;Yasli;77
3331;Hot Wheels Aksiyon Koleksiyonu;Oyuncak;Aksiyon;Hot Wheels;2788.69;Cocuk;3
3332;Pegasus Tarih Romanı/Kitabı;Kitap;Tarih;Pegasus;100.94;Yetiskin;75
3333;Fisher-Price Aksiyon Paketi;Oyuncak;Aksiyon;Fisher-Price;3862.80;Genc;46
3334;Michelin Arac Bakimi Aksesuarı;Otomobil-Aksesuar;Arac Bakimi;Michelin;2258.78;Yasli;32
3335;Pioneer Arac Bakimi Aksesuarı;Otomobil-Aksesuar;Arac Bakimi;Pioneer;4564.21;Yasli;31
3336;North Face Outdoor Koşu Ayakkabısı;Spor;Outdoor;North Face;2610.98;Yasli;100
3337;Madame Coco Konfor Robot Süpürge;Ev-Yasam;Konfor;Madame Coco;9811.10;Yasli;7
3338;Prada Klasik Çanta;Moda;Klasik;Prada;4694.72;Cocuk;83
3339;Adidas Klasik Parfüm;Moda;Klasik;Adidas;5419.13;Yetiskin;34
3340;Beko Konfor Nevresim Takımı;Ev-Yasam;Konfor;Beko;4130.82;Cocuk;14
3341;Continental Arac Bakimi Aksesuarı;Otomobil-Aksesuar;Arac Bakimi;Continental;2677.56;Yasli;91
3342;Apple Ev Ofis Kulaklık;Teknoloji;Ev Ofis;Apple;37630.05;Genc;33
3343;VTech Aksiyon Seti;Oyuncak;Aksiyon;VTech;3314.03;Yasli;14
3344;Can Yayinlari Tarih Romanı/Kitabı;Kitap;Tarih;Can Yayinlari;488.03;Yasli;42
3345;Can Yayinlari Edebiyat Romanı/Kitabı;Kitap;Edebiyat;Can Yayinlari;139.95;Genc;49
3346;Zowie Yayincilik Seti;Oyun;Yayincilik;Zowie;471.31;Cocuk;31
3347;Gigabyte Retro Koleksiyonu;Oyun;Retro;Gigabyte;3819.67;Cocuk;48
3348;Meguiars Guvenlik Aksesuarı;Otomobil-Aksesuar;Guvenlik;Meguiars;13403.82;Genc;91
3349;Under Armour Fitness Eşofman Takımı;Spor;Fitness;Under Armour;1405.42;Yasli;97
3350;Bridgestone Konfor Aksesuarı;Otomobil-Aksesuar;Konfor;Bridgestone;11046.05;Cocuk;21
3351;Pebeo Kirtasiye Seti;Hobi-Sanat;Kirtasiye;Pebeo;2067.50;Genc;50
3352;Pegasus Tarih Romanı/Kitabı;Kitap;Tarih;Pegasus;409.69;Yetiskin;60
3353;Daler Rowney El Sanatlari Paketi;Hobi-Sanat;El Sanatlari;Daler Rowney;3029.49;Genc;58
3354;Castelli Ekipman Eşofman Takımı;Spor;Ekipman;Castelli;7962.93;Yetiskin;48
3355;Goodyear Arac Bakimi Aksesuarı;Otomobil-Aksesuar;Arac Bakimi;Goodyear;2152.42;Genc;25
3356;Yapi Kredi Kisisel Gelisim Romanı/Kitabı;Kitap;Kisisel Gelisim;Yapi Kredi;117.99;Yasli;29
3357;Decathlon Outdoor Koşu Ayakkabısı;Spor;Outdoor;Decathlon;5130.99;Yasli;23
3358;Lancome Makyaj Nemlendirici;Kozmetik;Makyaj;Lancome;1377.47;Yetiskin;74
3359;Castelli Ekipman Spor Çantası;Spor;Ekipman;Castelli;6182.91;Yasli;79
3360;Nivea Parfum Göz Kalemi;Kozmetik;Parfum;Nivea;1819.07;Yetiskin;66
3361;Prismacolor El Sanatlari Seti;Hobi-Sanat;El Sanatlari;Prismacolor;861.45;Yetiskin;5
3362;Moleskine Kirtasiye Seti;Hobi-Sanat;Kirtasiye;Moleskine;1541.56;Yasli;66
3363;Lacoste Sokak Stili Ceket;Moda;Sokak Stili;Lacoste;2210.18;Yetiskin;47
3364;Castrol Arac Bakimi Aksesuarı;Otomobil-Aksesuar;Arac Bakimi;Castrol;8201.52;Cocuk;54
3365;Winsor Newton Resim Koleksiyonu;Hobi-Sanat;Resim;Winsor Newton;2647.58;Cocuk;34
3366;JBL Sahne Amfi;Muzik;Sahne;JBL;1721.23;Genc;95
3367;3M Arac Bakimi Aksesuarı;Otomobil-Aksesuar;Arac Bakimi;3M;9089.43;Yetiskin;38
3368;Logitech Yayincilik Paketi;Oyun;Yayincilik;Logitech;2536.12;Yasli;59
3369;Roland Analog Pikap;Muzik;Analog;Roland;15731.99;Genc;22
3370;Reeves Resim Paketi;Hobi-Sanat;Resim;Reeves;2130.55;Yetiskin;93
3371;Canson Kirtasiye Koleksiyonu;Hobi-Sanat;Kirtasiye;Canson;4925.16;Yetiskin;81
3372;HP Ev Ofis Bilgisayar;Teknoloji;Ev Ofis;HP;32763.58;Yetiskin;81
3373;Pegasus Tarih Romanı/Kitabı;Kitap;Tarih;Pegasus;201.08;Yasli;36
3374;Iletisim Tarih Romanı/Kitabı;Kitap;Tarih;Iletisim;52.92;Yetiskin;59
3375;Meguiars Guvenlik Aksesuarı;Otomobil-Aksesuar;Guvenlik;Meguiars;6510.82;Yetiskin;83
3376;Playmobil Aksiyon Paketi;Oyuncak;Aksiyon;Playmobil;4996.49;Genc;7
3377;Reeves Resim Koleksiyonu;Hobi-Sanat;Resim;Reeves;1827.25;Cocuk;88
3378;Daler Rowney Kirtasiye Paketi;Hobi-Sanat;Kirtasiye;Daler Rowney;3073.56;Yasli;56
3379;Prismacolor Kirtasiye Seti;Hobi-Sanat;Kirtasiye;Prismacolor;4907.92;Genc;47
3380;Canson Kirtasiye Koleksiyonu;Hobi-Sanat;Kirtasiye;Canson;4362.77;Yasli;38
3381;English Home Dekorasyon Dekoratif Lamba;Ev-Yasam;Dekorasyon;English Home;977.00;Yasli;8
3382;Moleskine El Sanatlari Seti;Hobi-Sanat;El Sanatlari;Moleskine;1710.49;Genc;87
3383;Sony Ev Ofis Akıllı Telefon;Teknoloji;Ev Ofis;Sony;5638.29;Genc;59
3384;Apple Mobil Yasam Akıllı Saat;Teknoloji;Mobil Yasam;Apple;15097.10;Yasli;78
3385;Samsung Yazilim Akıllı Telefon;Teknoloji;Yazilim;Samsung;42131.55;Cocuk;38
3386;Dogan Kitap Tarih Romanı/Kitabı;Kitap;Tarih;Dogan Kitap;63.40;Yetiskin;67
3387;Lancome Makyaj Cilt Serumu;Kozmetik;Makyaj;Lancome;1789.57;Genc;74
3388;LEGO Klasik Koleksiyonu;Oyuncak;Klasik;LEGO;4006.75;Cocuk;54
3389;Dogan Kitap Edebiyat Romanı/Kitabı;Kitap;Edebiyat;Dogan Kitap;80.11;Yetiskin;98
3390;Columbia Outdoor Spor Çantası;Spor;Outdoor;Columbia;5917.80;Cocuk;44
3391;Lenovo Yazilim Akıllı Telefon;Teknoloji;Yazilim;Lenovo;30322.85;Cocuk;99
3392;Under Armour Fitness Eşofman Takımı;Spor;Fitness;Under Armour;3625.05;Yasli;74
3393;Fisher-Price Aksiyon Seti;Oyuncak;Aksiyon;Fisher-Price;1639.14;Cocuk;5
3394;Nvidia Yayincilik Paketi;Oyun;Yayincilik;Nvidia;1164.76;Yasli;69
3395;Columbia Ekipman Koşu Ayakkabısı;Spor;Ekipman;Columbia;6775.38;Yasli;1
3396;Reebok Ekipman Eşofman Takımı;Spor;Ekipman;Reebok;3728.83;Genc;52
3397;Gibson Analog Pikap;Muzik;Analog;Gibson;1472.48;Yetiskin;65
3398;Bosch Mutfak Robot Süpürge;Ev-Yasam;Mutfak;Bosch;2949.57;Yetiskin;38
3399;Gucci Aksesuar Çanta;Moda;Aksesuar;Gucci;3583.43;Yasli;89
3400;Meguiars Konfor Aksesuarı;Otomobil-Aksesuar;Konfor;Meguiars;6419.67;Cocuk;7
3401;Columbia Fitness Antrenman Ekipmanı;Spor;Fitness;Columbia;928.01;Genc;38
3402;Samsung Yazilim Bilgisayar;Teknoloji;Yazilim;Samsung;34495.53;Yasli;15
3403;Moleskine Resim Koleksiyonu;Hobi-Sanat;Resim;Moleskine;3131.39;Genc;72
3404;Karaca Mutfak Nevresim Takımı;Ev-Yasam;Mutfak;Karaca;4253.41;Yasli;82
3405;Under Armour Ekipman Koşu Ayakkabısı;Spor;Ekipman;Under Armour;2011.85;Cocuk;3
3406;Iletisim Edebiyat Romanı/Kitabı;Kitap;Edebiyat;Iletisim;443.29;Yetiskin;73
3407;Melissa Doug Aksiyon Seti;Oyuncak;Aksiyon;Melissa Doug;434.53;Yasli;70
3408;Moleskine El Sanatlari Koleksiyonu;Hobi-Sanat;El Sanatlari;Moleskine;615.23;Cocuk;68
3409;Gibson Analog Pikap;Muzik;Analog;Gibson;14545.33;Genc;69
3410;Clinique Parfum Nemlendirici;Kozmetik;Parfum;Clinique;1689.55;Cocuk;78
3411;Dior Bakim Göz Kalemi;Kozmetik;Bakim;Dior;195.22;Yetiskin;10
3412;VTech Klasik Paketi;Oyuncak;Klasik;VTech;2451.24;Yetiskin;96
3413;Burberry Aksesuar Parfüm;Moda;Aksesuar;Burberry;3649.32;Yasli;76
3414;Everest Tarih Romanı/Kitabı;Kitap;Tarih;Everest;322.45;Genc;42
3415;Pioneer Konfor Aksesuarı;Otomobil-Aksesuar;Konfor;Pioneer;1065.50;Yasli;30
3416;Bose Studyo DJ Ekipmanı;Muzik;Studyo;Bose;8374.72;Genc;52
3417;Marshall Studyo Enstrüman;Muzik;Studyo;Marshall;17967.89;Genc;42
3418;Dior Makyaj Göz Kalemi;Kozmetik;Makyaj;Dior;707.34;Yasli;13
3419;Lenovo Yazilim Tablet;Teknoloji;Yazilim;Lenovo;27888.90;Genc;94
3420;Meguiars Guvenlik Aksesuarı;Otomobil-Aksesuar;Guvenlik;Meguiars;10351.67;Yasli;15
3421;LG Mobil Yasam Akıllı Saat;Teknoloji;Mobil Yasam;LG;9517.59;Cocuk;92
3422;Continental Konfor Aksesuarı;Otomobil-Aksesuar;Konfor;Continental;12238.49;Cocuk;7
3423;Liquitex Resim Seti;Hobi-Sanat;Resim;Liquitex;293.99;Yetiskin;49
3424;HP Yazilim Tablet;Teknoloji;Yazilim;HP;24108.61;Yetiskin;70
3425;Logitech Retro Koleksiyonu;Oyun;Retro;Logitech;3064.10;Cocuk;88
3426;Melissa Doug Egitici Paketi;Oyuncak;Egitici;Melissa Doug;1472.38;Cocuk;70
3427;Continental Arac Bakimi Aksesuarı;Otomobil-Aksesuar;Arac Bakimi;Continental;2095.91;Yasli;67
3428;Bridgestone Guvenlik Aksesuarı;Otomobil-Aksesuar;Guvenlik;Bridgestone;10429.39;Genc;26
3429;Canson Resim Koleksiyonu;Hobi-Sanat;Resim;Canson;1230.57;Cocuk;33
3430;Sony Yazilim Tablet;Teknoloji;Yazilim;Sony;33906.97;Yetiskin;94
3431;Madame Coco Dekorasyon Nevresim Takımı;Ev-Yasam;Dekorasyon;Madame Coco;2735.38;Yasli;34
3432;Pasabahce Dekorasyon Nevresim Takımı;Ev-Yasam;Dekorasyon;Pasabahce;2948.47;Genc;36
3433;Hasbro Aksiyon Koleksiyonu;Oyuncak;Aksiyon;Hasbro;4019.31;Yasli;61
3434;Bridgestone Konfor Aksesuarı;Otomobil-Aksesuar;Konfor;Bridgestone;6789.25;Cocuk;28
3435;Dogan Kitap Kisisel Gelisim Romanı/Kitabı;Kitap;Kisisel Gelisim;Dogan Kitap;392.77;Cocuk;92
3436;Gucci Sokak Stili Gözlük;Moda;Sokak Stili;Gucci;1932.55;Cocuk;10
3437;Moleskine Kirtasiye Paketi;Hobi-Sanat;Kirtasiye;Moleskine;3508.22;Yasli;5
3438;LOreal Parfum Cilt Serumu;Kozmetik;Parfum;LOreal;1735.76;Yasli;18
3439;LG Ev Ofis Bilgisayar;Teknoloji;Ev Ofis;LG;12072.19;Genc;68
3440;Lenovo Mobil Yasam Kulaklık;Teknoloji;Mobil Yasam;Lenovo;18642.24;Genc;43
3441;Karaca Dekorasyon Nevresim Takımı;Ev-Yasam;Dekorasyon;Karaca;5443.36;Cocuk;45
3442;Karaca Konfor Robot Süpürge;Ev-Yasam;Konfor;Karaca;11855.27;Genc;32
3443;Daler Rowney Kirtasiye Paketi;Hobi-Sanat;Kirtasiye;Daler Rowney;4489.76;Yetiskin;93
3444;Ithaki Edebiyat Romanı/Kitabı;Kitap;Edebiyat;Ithaki;401.61;Genc;4
3445;Levi's Klasik Saat;Moda;Klasik;Levi's;4991.60;Yetiskin;51
3446;Alfa Yayinlari Edebiyat Romanı/Kitabı;Kitap;Edebiyat;Alfa Yayinlari;284.07;Genc;22
3447;Apple Yazilim Bilgisayar;Teknoloji;Yazilim;Apple;10295.51;Genc;29
3448;Xiaomi Mobil Yasam Kulaklık;Teknoloji;Mobil Yasam;Xiaomi;3588.05;Cocuk;16
3449;VTech Klasik Seti;Oyuncak;Klasik;VTech;4747.50;Yetiskin;60
3450;Bridgestone Arac Bakimi Aksesuarı;Otomobil-Aksesuar;Arac Bakimi;Bridgestone;2947.44;Cocuk;95
3451;Dogan Kitap Edebiyat Romanı/Kitabı;Kitap;Edebiyat;Dogan Kitap;169.85;Yetiskin;30
3452;Logitech Yayincilik Seti;Oyun;Yayincilik;Logitech;610.59;Yasli;84
3453;Pioneer Guvenlik Aksesuarı;Otomobil-Aksesuar;Guvenlik;Pioneer;9488.72;Cocuk;32
3454;VTech Egitici Paketi;Oyuncak;Egitici;VTech;278.79;Genc;87
3455;Bose Studyo Enstrüman;Muzik;Studyo;Bose;8523.83;Cocuk;37
3456;Bosch Dekorasyon Robot Süpürge;Ev-Yasam;Dekorasyon;Bosch;6332.53;Yasli;73
3457;Gigabyte E-Spor Koleksiyonu;Oyun;E-Spor;Gigabyte;2145.09;Genc;19
3458;Burberry Aksesuar Parfüm;Moda;Aksesuar;Burberry;4250.00;Genc;48
3459;Nivea Bakim Cilt Serumu;Kozmetik;Bakim;Nivea;208.68;Yasli;33
3460;Sparco Arac Bakimi Aksesuarı;Otomobil-Aksesuar;Arac Bakimi;Sparco;5487.17;Cocuk;49
3461;Madame Coco Mutfak Dekoratif Lamba;Ev-Yasam;Mutfak;Madame Coco;7392.37;Yasli;6
3462;Nvidia Retro Paketi;Oyun;Retro;Nvidia;3863.76;Cocuk;51
3463;Gigabyte E-Spor Koleksiyonu;Oyun;E-Spor;Gigabyte;4510.61;Genc;73
3464;Estee Lauder Bakim Nemlendirici;Kozmetik;Bakim;Estee Lauder;1582.03;Cocuk;47
3465;Daler Rowney Resim Koleksiyonu;Hobi-Sanat;Resim;Daler Rowney;2962.69;Genc;54
3466;LEGO Egitici Paketi;Oyuncak;Egitici;LEGO;2303.92;Yetiskin;26
3467;Karaca Mutfak Kahve Makinesi;Ev-Yasam;Mutfak;Karaca;7287.76;Yasli;22
3468;Beko Konfor Kahve Makinesi;Ev-Yasam;Konfor;Beko;2471.57;Cocuk;39
3469;Zara Sokak Stili Çanta;Moda;Sokak Stili;Zara;4227.29;Yasli;50
3470;MAC Makyaj Göz Kalemi;Kozmetik;Makyaj;MAC;968.01;Yetiskin;100
3471;Nivea Makyaj Nemlendirici;Kozmetik;Makyaj;Nivea;656.11;Cocuk;53
3472;LEGO Aksiyon Koleksiyonu;Oyuncak;Aksiyon;LEGO;3525.68;Genc;1
3473;Estee Lauder Makyaj Göz Kalemi;Kozmetik;Makyaj;Estee Lauder;1788.26;Cocuk;20
3474;Moleskine Kirtasiye Koleksiyonu;Hobi-Sanat;Kirtasiye;Moleskine;2918.06;Cocuk;43
3475;Razer Retro Seti;Oyun;Retro;Razer;3554.00;Genc;40
3476;LOreal Makyaj Cilt Serumu;Kozmetik;Makyaj;LOreal;1699.01;Genc;25
3477;Hot Wheels Aksiyon Paketi;Oyuncak;Aksiyon;Hot Wheels;3409.70;Yetiskin;81
3478;Melissa Doug Egitici Seti;Oyuncak;Egitici;Melissa Doug;4390.54;Yasli;29
3479;Karaca Konfor Dekoratif Lamba;Ev-Yasam;Konfor;Karaca;1429.27;Genc;19
3480;Arzum Dekorasyon Kahve Makinesi;Ev-Yasam;Dekorasyon;Arzum;8098.19;Yasli;71
3481;Everest Kisisel Gelisim Romanı/Kitabı;Kitap;Kisisel Gelisim;Everest;382.37;Yetiskin;74
3482;Sephora Makyaj Göz Kalemi;Kozmetik;Makyaj;Sephora;1794.52;Cocuk;11
3483;Prada Aksesuar Çanta;Moda;Aksesuar;Prada;781.34;Cocuk;100
3484;LEGO Egitici Koleksiyonu;Oyuncak;Egitici;LEGO;2040.20;Cocuk;29
3485;Pasabahce Mutfak Kahve Makinesi;Ev-Yasam;Mutfak;Pasabahce;7990.50;Yetiskin;34
3486;HyperX E-Spor Seti;Oyun;E-Spor;HyperX;2378.86;Yasli;68
3487;Sephora Bakim Nemlendirici;Kozmetik;Bakim;Sephora;509.48;Yetiskin;47
3488;MGA Entertainment Egitici Koleksiyonu;Oyuncak;Egitici;MGA Entertainment;3279.97;Yasli;56
3489;Casio Analog Amfi;Muzik;Analog;Casio;17256.91;Cocuk;10
3490;Prismacolor Resim Koleksiyonu;Hobi-Sanat;Resim;Prismacolor;1710.91;Genc;87
3491;Faber-Castell El Sanatlari Paketi;Hobi-Sanat;El Sanatlari;Faber-Castell;2683.04;Cocuk;5
3492;Hasbro Klasik Paketi;Oyuncak;Klasik;Hasbro;2249.03;Yetiskin;59
3493;Hasbro Aksiyon Koleksiyonu;Oyuncak;Aksiyon;Hasbro;4219.45;Cocuk;7
3494;Pioneer Guvenlik Aksesuarı;Otomobil-Aksesuar;Guvenlik;Pioneer;9213.24;Genc;85
3495;Meguiars Guvenlik Aksesuarı;Otomobil-Aksesuar;Guvenlik;Meguiars;14023.11;Cocuk;77
3496;Melissa Doug Aksiyon Koleksiyonu;Oyuncak;Aksiyon;Melissa Doug;3226.21;Cocuk;77
3497;Spin Master Aksiyon Koleksiyonu;Oyuncak;Aksiyon;Spin Master;4443.70;Yasli;73
3498;Winsor Newton El Sanatlari Paketi;Hobi-Sanat;El Sanatlari;Winsor Newton;3236.39;Genc;95
3499;Alfa Yayinlari Edebiyat Romanı/Kitabı;Kitap;Edebiyat;Alfa Yayinlari;426.39;Yetiskin;21
3500;MGA Entertainment Aksiyon Koleksiyonu;Oyuncak;Aksiyon;MGA Entertainment;4713.43;Cocuk;68
3501;Logitech E-Spor Seti;Oyun;E-Spor;Logitech;4591.49;Yetiskin;6
3502;North Face Outdoor Spor Çantası;Spor;Outdoor;North Face;4863.28;Genc;16
3503;Meguiars Konfor Aksesuarı;Otomobil-Aksesuar;Konfor;Meguiars;2150.08;Cocuk;69
3504;Castelli Fitness Antrenman Ekipmanı;Spor;Fitness;Castelli;3228.06;Cocuk;61
3505;Ikea Dekorasyon Robot Süpürge;Ev-Yasam;Dekorasyon;Ikea;4031.28;Genc;88
3506;Playmobil Egitici Koleksiyonu;Oyuncak;Egitici;Playmobil;4421.23;Yasli;47
3507;Logitech Yayincilik Koleksiyonu;Oyun;Yayincilik;Logitech;2953.12;Yasli;100
3508;Tefal Mutfak Dekoratif Lamba;Ev-Yasam;Mutfak;Tefal;3789.41;Cocuk;8
3509;Spalding Fitness Koşu Ayakkabısı;Spor;Fitness;Spalding;7328.11;Yetiskin;3
3510;Michelin Konfor Aksesuarı;Otomobil-Aksesuar;Konfor;Michelin;8373.48;Genc;46
3511;Asus Ev Ofis Kulaklık;Teknoloji;Ev Ofis;Asus;39234.68;Genc;13
3512;Wilson Fitness Spor Çantası;Spor;Fitness;Wilson;6848.72;Yasli;3
3513;Prada Klasik Saat;Moda;Klasik;Prada;2841.26;Cocuk;15
3514;Salomon Fitness Spor Çantası;Spor;Fitness;Salomon;3933.85;Genc;71
3515;HP Ev Ofis Tablet;Teknoloji;Ev Ofis;HP;22340.42;Genc;70
3516;Mizuno Fitness Eşofman Takımı;Spor;Fitness;Mizuno;1595.66;Cocuk;42
3517;Castrol Arac Bakimi Aksesuarı;Otomobil-Aksesuar;Arac Bakimi;Castrol;9387.78;Yasli;14
3518;Chanel Parfum Nemlendirici;Kozmetik;Parfum;Chanel;1752.41;Genc;95
3519;JBL Analog DJ Ekipmanı;Muzik;Analog;JBL;17319.27;Yetiskin;59
3520;Marshall Studyo Pikap;Muzik;Studyo;Marshall;10086.98;Yasli;88
3521;Madame Coco Mutfak Nevresim Takımı;Ev-Yasam;Mutfak;Madame Coco;6126.47;Cocuk;59
3522;MGA Entertainment Klasik Seti;Oyuncak;Klasik;MGA Entertainment;2416.53;Genc;64
3523;Marshall Analog Enstrüman;Muzik;Analog;Marshall;9356.59;Yasli;67
3524;MSI Retro Koleksiyonu;Oyun;Retro;MSI;3135.05;Cocuk;46
3525;Is Bankasi Yayinlari Tarih Romanı/Kitabı;Kitap;Tarih;Is Bankasi Yayinlari;456.11;Cocuk;73
3526;Arzum Konfor Robot Süpürge;Ev-Yasam;Konfor;Arzum;1795.38;Genc;87
3527;Adidas Sokak Stili Parfüm;Moda;Sokak Stili;Adidas;3869.00;Cocuk;82
3528;Nivea Makyaj Cilt Serumu;Kozmetik;Makyaj;Nivea;482.03;Yetiskin;1
3529;Ikea Dekorasyon Robot Süpürge;Ev-Yasam;Dekorasyon;Ikea;7282.51;Cocuk;64
3530;Castrol Guvenlik Aksesuarı;Otomobil-Aksesuar;Guvenlik;Castrol;8131.85;Cocuk;49
3531;Zowie Yayincilik Paketi;Oyun;Yayincilik;Zowie;2592.20;Yasli;57
3532;Arzum Konfor Robot Süpürge;Ev-Yasam;Konfor;Arzum;6560.24;Yetiskin;94
3533;Asus Mobil Yasam Bilgisayar;Teknoloji;Mobil Yasam;Asus;13042.05;Cocuk;35
3534;LOreal Bakim Ruj;Kozmetik;Bakim;LOreal;1081.44;Yasli;76
3535;Marshall Studyo Enstrüman;Muzik;Studyo;Marshall;24743.06;Yetiskin;16
3536;Castelli Ekipman Antrenman Ekipmanı;Spor;Ekipman;Castelli;5813.90;Yasli;16
3537;Sephora Makyaj Ruj;Kozmetik;Makyaj;Sephora;432.58;Cocuk;9
3538;VTech Egitici Koleksiyonu;Oyuncak;Egitici;VTech;2986.32;Genc;51
3539;English Home Konfor Robot Süpürge;Ev-Yasam;Konfor;English Home;6403.99;Cocuk;90
3540;Lancome Makyaj Ruj;Kozmetik;Makyaj;Lancome;609.75;Genc;69
3541;Bose Sahne DJ Ekipmanı;Muzik;Sahne;Bose;7278.62;Yasli;35
3542;Asus Yazilim Kulaklık;Teknoloji;Yazilim;Asus;29609.52;Cocuk;71
3543;LG Yazilim Bilgisayar;Teknoloji;Yazilim;LG;20144.87;Cocuk;37
3544;Burberry Klasik Saat;Moda;Klasik;Burberry;864.82;Yasli;13
3545;Prada Aksesuar Çanta;Moda;Aksesuar;Prada;5737.54;Cocuk;21
3546;Razer Yayincilik Paketi;Oyun;Yayincilik;Razer;296.82;Genc;55
3547;Wilson Outdoor Spor Çantası;Spor;Outdoor;Wilson;7135.55;Yasli;34
3548;Beko Mutfak Kahve Makinesi;Ev-Yasam;Mutfak;Beko;426.31;Cocuk;16
3549;LOreal Makyaj Nemlendirici;Kozmetik;Makyaj;LOreal;705.98;Yasli;71
3550;Mattel Egitici Seti;Oyuncak;Egitici;Mattel;1741.09;Yasli;85
3551;Huawei Mobil Yasam Akıllı Saat;Teknoloji;Mobil Yasam;Huawei;8675.46;Yasli;1
3552;Castrol Guvenlik Aksesuarı;Otomobil-Aksesuar;Guvenlik;Castrol;12197.61;Cocuk;53
3553;Lacoste Sokak Stili Gözlük;Moda;Sokak Stili;Lacoste;3765.65;Yetiskin;8
3554;Decathlon Outdoor Spor Çantası;Spor;Outdoor;Decathlon;6588.63;Cocuk;13
3555;Prismacolor Kirtasiye Koleksiyonu;Hobi-Sanat;Kirtasiye;Prismacolor;2315.46;Yasli;71
3556;HP Yazilim Kulaklık;Teknoloji;Yazilim;HP;8153.90;Genc;50
3557;HP Ev Ofis Akıllı Saat;Teknoloji;Ev Ofis;HP;9387.42;Cocuk;69
3558;HyperX Yayincilik Seti;Oyun;Yayincilik;HyperX;2736.77;Yasli;76
3559;Beko Konfor Dekoratif Lamba;Ev-Yasam;Konfor;Beko;929.73;Yetiskin;54
3560;Yamaha Analog Pikap;Muzik;Analog;Yamaha;12367.83;Yasli;32
3561;Roland Studyo DJ Ekipmanı;Muzik;Studyo;Roland;8732.48;Yasli;96
3562;Arzum Dekorasyon Kahve Makinesi;Ev-Yasam;Dekorasyon;Arzum;7548.04;Genc;14
3563;Everest Edebiyat Romanı/Kitabı;Kitap;Edebiyat;Everest;408.92;Yetiskin;53
3564;Decathlon Ekipman Koşu Ayakkabısı;Spor;Ekipman;Decathlon;2641.59;Genc;96
3565;Under Armour Fitness Spor Çantası;Spor;Fitness;Under Armour;4596.03;Cocuk;21
3566;Pebeo Kirtasiye Paketi;Hobi-Sanat;Kirtasiye;Pebeo;1164.94;Cocuk;14
3567;Sephora Parfum Göz Kalemi;Kozmetik;Parfum;Sephora;1201.51;Genc;52
3568;LEGO Egitici Seti;Oyuncak;Egitici;LEGO;3393.48;Yetiskin;46
3569;Bridgestone Konfor Aksesuarı;Otomobil-Aksesuar;Konfor;Bridgestone;9111.96;Yetiskin;24
3570;Dogan Kitap Kisisel Gelisim Romanı/Kitabı;Kitap;Kisisel Gelisim;Dogan Kitap;320.82;Cocuk;97
3571;Spin Master Egitici Paketi;Oyuncak;Egitici;Spin Master;1148.89;Genc;12
3572;Mizuno Ekipman Eşofman Takımı;Spor;Ekipman;Mizuno;7192.64;Genc;96
3573;Apple Ev Ofis Kulaklık;Teknoloji;Ev Ofis;Apple;8184.10;Yasli;79
3574;Corsair Retro Koleksiyonu;Oyun;Retro;Corsair;3431.44;Yasli;27
3575;Chanel Parfum Cilt Serumu;Kozmetik;Parfum;Chanel;1499.79;Yetiskin;47
3576;Daler Rowney Resim Paketi;Hobi-Sanat;Resim;Daler Rowney;3652.66;Yasli;11
3577;Everest Kisisel Gelisim Romanı/Kitabı;Kitap;Kisisel Gelisim;Everest;254.26;Cocuk;35
3578;Yapi Kredi Tarih Romanı/Kitabı;Kitap;Tarih;Yapi Kredi;370.14;Genc;72
3579;Karaca Mutfak Robot Süpürge;Ev-Yasam;Mutfak;Karaca;9907.28;Yetiskin;52
3580;Dogan Kitap Tarih Romanı/Kitabı;Kitap;Tarih;Dogan Kitap;113.48;Genc;91
3581;Marshall Analog DJ Ekipmanı;Muzik;Analog;Marshall;17026.58;Yetiskin;6
3582;Apple Ev Ofis Akıllı Saat;Teknoloji;Ev Ofis;Apple;34400.62;Cocuk;64
3583;Decathlon Fitness Spor Çantası;Spor;Fitness;Decathlon;965.90;Cocuk;78
3584;Under Armour Ekipman Koşu Ayakkabısı;Spor;Ekipman;Under Armour;3975.96;Yetiskin;88
3585;Zara Klasik Çanta;Moda;Klasik;Zara;2341.03;Genc;78
3586;Dior Parfum Ruj;Kozmetik;Parfum;Dior;1568.29;Genc;36
3587;Moleskine El Sanatlari Paketi;Hobi-Sanat;El Sanatlari;Moleskine;4391.05;Yetiskin;66
3588;Hasbro Aksiyon Seti;Oyuncak;Aksiyon;Hasbro;320.75;Cocuk;32
3589;Winsor Newton Kirtasiye Koleksiyonu;Hobi-Sanat;Kirtasiye;Winsor Newton;1943.15;Yasli;11
3590;Michelin Arac Bakimi Aksesuarı;Otomobil-Aksesuar;Arac Bakimi;Michelin;7942.76;Yasli;14
3591;Reebok Fitness Koşu Ayakkabısı;Spor;Fitness;Reebok;5610.14;Genc;69
3592;Xiaomi Mobil Yasam Akıllı Telefon;Teknoloji;Mobil Yasam;Xiaomi;20226.32;Genc;45
3593;Michelin Arac Bakimi Aksesuarı;Otomobil-Aksesuar;Arac Bakimi;Michelin;10445.09;Yasli;44
3594;Lancome Parfum Ruj;Kozmetik;Parfum;Lancome;185.82;Genc;56
3595;Ithaki Kisisel Gelisim Romanı/Kitabı;Kitap;Kisisel Gelisim;Ithaki;493.26;Yetiskin;64
3596;Chanel Bakim Cilt Serumu;Kozmetik;Bakim;Chanel;384.48;Yasli;93
3597;LG Mobil Yasam Akıllı Saat;Teknoloji;Mobil Yasam;LG;30848.09;Genc;13
3598;Nivea Makyaj Nemlendirici;Kozmetik;Makyaj;Nivea;300.69;Genc;52
3599;Metis Edebiyat Romanı/Kitabı;Kitap;Edebiyat;Metis;278.25;Yetiskin;17
3600;Spin Master Klasik Paketi;Oyuncak;Klasik;Spin Master;1677.83;Yetiskin;4
3601;Spalding Fitness Spor Çantası;Spor;Fitness;Spalding;7677.71;Cocuk;26
3602;LEGO Egitici Koleksiyonu;Oyuncak;Egitici;LEGO;4961.18;Genc;77
3603;Wilson Ekipman Spor Çantası;Spor;Ekipman;Wilson;2216.92;Yetiskin;16
3604;Sony Mobil Yasam Akıllı Saat;Teknoloji;Mobil Yasam;Sony;29141.18;Genc;63
3605;Bridgestone Konfor Aksesuarı;Otomobil-Aksesuar;Konfor;Bridgestone;14474.14;Cocuk;93
3606;Dogan Kitap Edebiyat Romanı/Kitabı;Kitap;Edebiyat;Dogan Kitap;416.19;Yasli;6
3607;Karaca Dekorasyon Kahve Makinesi;Ev-Yasam;Dekorasyon;Karaca;10577.31;Yasli;42
3608;Can Yayinlari Kisisel Gelisim Romanı/Kitabı;Kitap;Kisisel Gelisim;Can Yayinlari;494.30;Yetiskin;1
3609;Decathlon Outdoor Koşu Ayakkabısı;Spor;Outdoor;Decathlon;6660.21;Yasli;1
3610;Maybelline Makyaj Nemlendirici;Kozmetik;Makyaj;Maybelline;697.27;Cocuk;28
3611;Mattel Egitici Seti;Oyuncak;Egitici;Mattel;3342.44;Genc;25
3612;Chanel Bakim Ruj;Kozmetik;Bakim;Chanel;1553.29;Yasli;3
3613;MGA Entertainment Klasik Seti;Oyuncak;Klasik;MGA Entertainment;4730.50;Yasli;40
3614;Ikea Dekorasyon Nevresim Takımı;Ev-Yasam;Dekorasyon;Ikea;8189.14;Genc;84
3615;Gibson Analog Amfi;Muzik;Analog;Gibson;4945.04;Yetiskin;40
3616;Pasabahce Mutfak Nevresim Takımı;Ev-Yasam;Mutfak;Pasabahce;7134.77;Yetiskin;25
3617;Bose Analog DJ Ekipmanı;Muzik;Analog;Bose;1815.76;Yetiskin;4
3618;Salomon Ekipman Spor Çantası;Spor;Ekipman;Salomon;1222.06;Yasli;28
3619;Samsung Mobil Yasam Kulaklık;Teknoloji;Mobil Yasam;Samsung;33416.56;Cocuk;17
3620;Maybelline Makyaj Cilt Serumu;Kozmetik;Makyaj;Maybelline;389.89;Cocuk;81
3621;Clinique Parfum Göz Kalemi;Kozmetik;Parfum;Clinique;1256.44;Yetiskin;35
3622;Everest Kisisel Gelisim Romanı/Kitabı;Kitap;Kisisel Gelisim;Everest;112.40;Cocuk;30
3623;Fender Sahne Pikap;Muzik;Sahne;Fender;17274.10;Yasli;79
3624;Pasabahce Mutfak Robot Süpürge;Ev-Yasam;Mutfak;Pasabahce;6122.94;Genc;47
3625;Ikea Dekorasyon Dekoratif Lamba;Ev-Yasam;Dekorasyon;Ikea;8216.39;Yetiskin;16
3626;Faber-Castell Kirtasiye Seti;Hobi-Sanat;Kirtasiye;Faber-Castell;747.36;Yetiskin;37
3627;Mattel Egitici Paketi;Oyuncak;Egitici;Mattel;1599.88;Yetiskin;20
3628;Hot Wheels Klasik Paketi;Oyuncak;Klasik;Hot Wheels;885.37;Cocuk;98
3629;Yamaha Analog Enstrüman;Muzik;Analog;Yamaha;16737.82;Cocuk;35
3630;Samsung Yazilim Tablet;Teknoloji;Yazilim;Samsung;10712.83;Cocuk;50
3631;Xiaomi Ev Ofis Bilgisayar;Teknoloji;Ev Ofis;Xiaomi;33607.08;Yasli;52
3632;Madame Coco Mutfak Robot Süpürge;Ev-Yasam;Mutfak;Madame Coco;11485.69;Genc;89
3633;Melissa Doug Aksiyon Paketi;Oyuncak;Aksiyon;Melissa Doug;4928.45;Yetiskin;24
3634;Huawei Yazilim Kulaklık;Teknoloji;Yazilim;Huawei;7324.14;Cocuk;51
3635;Reebok Fitness Koşu Ayakkabısı;Spor;Fitness;Reebok;5572.72;Yetiskin;49
3636;Goodyear Konfor Aksesuarı;Otomobil-Aksesuar;Konfor;Goodyear;8685.44;Yetiskin;76
3637;Clinique Makyaj Nemlendirici;Kozmetik;Makyaj;Clinique;759.53;Yasli;11
3638;Everest Tarih Romanı/Kitabı;Kitap;Tarih;Everest;202.78;Genc;31
3639;Bosch Dekorasyon Nevresim Takımı;Ev-Yasam;Dekorasyon;Bosch;10698.44;Yetiskin;16
3640;Yapi Kredi Kisisel Gelisim Romanı/Kitabı;Kitap;Kisisel Gelisim;Yapi Kredi;224.99;Genc;72
3641;LG Ev Ofis Kulaklık;Teknoloji;Ev Ofis;LG;21391.05;Genc;100
3642;Fender Sahne Amfi;Muzik;Sahne;Fender;10781.87;Yasli;71
3643;LOreal Bakim Nemlendirici;Kozmetik;Bakim;LOreal;1332.98;Genc;44
3644;Daler Rowney Kirtasiye Paketi;Hobi-Sanat;Kirtasiye;Daler Rowney;3368.59;Genc;72
3645;Yapi Kredi Edebiyat Romanı/Kitabı;Kitap;Edebiyat;Yapi Kredi;82.22;Yasli;94
3646;Bosch Mutfak Dekoratif Lamba;Ev-Yasam;Mutfak;Bosch;11265.67;Cocuk;49
3647;Pasabahce Konfor Robot Süpürge;Ev-Yasam;Konfor;Pasabahce;8618.49;Yasli;35
3648;Michelin Konfor Aksesuarı;Otomobil-Aksesuar;Konfor;Michelin;5892.67;Yetiskin;73
3649;Logitech Retro Paketi;Oyun;Retro;Logitech;800.75;Yasli;96
3650;Derwent Kirtasiye Paketi;Hobi-Sanat;Kirtasiye;Derwent;2543.53;Yetiskin;100
3651;Liquitex Kirtasiye Koleksiyonu;Hobi-Sanat;Kirtasiye;Liquitex;1935.66;Cocuk;6
3652;Faber-Castell El Sanatlari Paketi;Hobi-Sanat;El Sanatlari;Faber-Castell;3497.80;Cocuk;56
3653;Asus Mobil Yasam Akıllı Saat;Teknoloji;Mobil Yasam;Asus;29111.14;Yasli;63
3654;Mattel Egitici Koleksiyonu;Oyuncak;Egitici;Mattel;4023.13;Cocuk;18
3655;Roland Analog Amfi;Muzik;Analog;Roland;14222.01;Genc;27
3656;Winsor Newton Resim Koleksiyonu;Hobi-Sanat;Resim;Winsor Newton;512.02;Yasli;86
3657;Ithaki Tarih Romanı/Kitabı;Kitap;Tarih;Ithaki;410.04;Yasli;74
3658;Prismacolor Kirtasiye Koleksiyonu;Hobi-Sanat;Kirtasiye;Prismacolor;2072.99;Yetiskin;42
3659;Prada Sokak Stili Gözlük;Moda;Sokak Stili;Prada;4581.45;Yetiskin;91
3660;HyperX Yayincilik Koleksiyonu;Oyun;Yayincilik;HyperX;1291.38;Yetiskin;5
3661;Metis Kisisel Gelisim Romanı/Kitabı;Kitap;Kisisel Gelisim;Metis;480.97;Yetiskin;98
3662;Zowie Yayincilik Koleksiyonu;Oyun;Yayincilik;Zowie;4939.71;Genc;76
3663;Bose Sahne Pikap;Muzik;Sahne;Bose;11431.47;Yasli;36
3664;Lenovo Yazilim Bilgisayar;Teknoloji;Yazilim;Lenovo;42139.01;Yasli;3
3665;Beko Konfor Nevresim Takımı;Ev-Yasam;Konfor;Beko;10160.38;Cocuk;70
3666;Spin Master Egitici Paketi;Oyuncak;Egitici;Spin Master;533.31;Genc;5
3667;Lancome Parfum Cilt Serumu;Kozmetik;Parfum;Lancome;773.88;Yetiskin;82
3668;Madame Coco Dekorasyon Nevresim Takımı;Ev-Yasam;Dekorasyon;Madame Coco;3545.11;Yasli;2
3669;Karaca Mutfak Kahve Makinesi;Ev-Yasam;Mutfak;Karaca;10147.35;Cocuk;60
3670;Chanel Makyaj Nemlendirici;Kozmetik;Makyaj;Chanel;1012.40;Yasli;31
3671;SteelSeries Retro Koleksiyonu;Oyun;Retro;SteelSeries;2691.49;Yasli;58
3672;Sennheiser Studyo Amfi;Muzik;Studyo;Sennheiser;23653.93;Genc;39
3673;Arzum Konfor Robot Süpürge;Ev-Yasam;Konfor;Arzum;3556.41;Cocuk;62
3674;Madame Coco Mutfak Nevresim Takımı;Ev-Yasam;Mutfak;Madame Coco;7369.62;Cocuk;13
3675;Nike Aksesuar Ceket;Moda;Aksesuar;Nike;2492.34;Cocuk;15
3676;Bosch Dekorasyon Dekoratif Lamba;Ev-Yasam;Dekorasyon;Bosch;6660.76;Genc;46
3677;Puma Aksesuar Saat;Moda;Aksesuar;Puma;2294.34;Genc;95
3678;Liquitex El Sanatlari Seti;Hobi-Sanat;El Sanatlari;Liquitex;882.33;Cocuk;46
3679;Gigabyte E-Spor Seti;Oyun;E-Spor;Gigabyte;2092.12;Yetiskin;33
3680;Huawei Mobil Yasam Bilgisayar;Teknoloji;Mobil Yasam;Huawei;13824.32;Genc;88
3681;Meguiars Arac Bakimi Aksesuarı;Otomobil-Aksesuar;Arac Bakimi;Meguiars;7065.09;Yetiskin;32
3682;Chanel Parfum Cilt Serumu;Kozmetik;Parfum;Chanel;1245.06;Yasli;89
3683;Samsung Yazilim Kulaklık;Teknoloji;Yazilim;Samsung;29888.23;Cocuk;97
3684;Salomon Fitness Koşu Ayakkabısı;Spor;Fitness;Salomon;4433.96;Cocuk;7
3685;Lenovo Ev Ofis Akıllı Saat;Teknoloji;Ev Ofis;Lenovo;11132.17;Genc;91
3686;Tefal Mutfak Kahve Makinesi;Ev-Yasam;Mutfak;Tefal;5184.45;Genc;40
3687;Casio Sahne DJ Ekipmanı;Muzik;Sahne;Casio;9064.22;Yetiskin;93
3688;Dell Ev Ofis Bilgisayar;Teknoloji;Ev Ofis;Dell;13827.76;Genc;71
3689;Prada Aksesuar Gözlük;Moda;Aksesuar;Prada;1245.26;Yetiskin;68
3690;Levi's Sokak Stili Gözlük;Moda;Sokak Stili;Levi's;4923.09;Yetiskin;95
3691;Gucci Klasik Parfüm;Moda;Klasik;Gucci;3983.86;Cocuk;81
3692;Marshall Analog DJ Ekipmanı;Muzik;Analog;Marshall;23464.54;Cocuk;33
3693;Canson Resim Koleksiyonu;Hobi-Sanat;Resim;Canson;434.01;Yetiskin;80
3694;Lancome Makyaj Nemlendirici;Kozmetik;Makyaj;Lancome;479.88;Yasli;26
3695;Spin Master Klasik Koleksiyonu;Oyuncak;Klasik;Spin Master;3434.06;Genc;18
3696;Iletisim Kisisel Gelisim Romanı/Kitabı;Kitap;Kisisel Gelisim;Iletisim;481.44;Cocuk;52
3697;HyperX Yayincilik Paketi;Oyun;Yayincilik;HyperX;1551.72;Yetiskin;93
3698;Clinique Makyaj Ruj;Kozmetik;Makyaj;Clinique;1729.06;Yetiskin;87
3699;Nintendo Retro Koleksiyonu;Oyun;Retro;Nintendo;2744.80;Genc;91
3700;Bosch Dekorasyon Nevresim Takımı;Ev-Yasam;Dekorasyon;Bosch;6767.42;Yetiskin;90
3701;Nvidia Yayincilik Paketi;Oyun;Yayincilik;Nvidia;497.97;Yetiskin;56
3702;Hasbro Egitici Seti;Oyuncak;Egitici;Hasbro;1222.71;Yasli;29
3703;Goodyear Arac Bakimi Aksesuarı;Otomobil-Aksesuar;Arac Bakimi;Goodyear;10542.45;Cocuk;58
3704;Sparco Konfor Aksesuarı;Otomobil-Aksesuar;Konfor;Sparco;2589.47;Yasli;68
3705;Chanel Parfum Göz Kalemi;Kozmetik;Parfum;Chanel;1584.20;Genc;49
3706;Wilson Outdoor Koşu Ayakkabısı;Spor;Outdoor;Wilson;5795.68;Genc;6
3707;Moleskine Resim Paketi;Hobi-Sanat;Resim;Moleskine;2358.88;Yetiskin;61
3708;Madame Coco Konfor Nevresim Takımı;Ev-Yasam;Konfor;Madame Coco;2298.55;Cocuk;56
3709;Clinique Bakim Ruj;Kozmetik;Bakim;Clinique;1061.52;Cocuk;20
3710;Canson Resim Koleksiyonu;Hobi-Sanat;Resim;Canson;2677.30;Yetiskin;91
3711;Logitech Retro Paketi;Oyun;Retro;Logitech;1712.73;Cocuk;52
3712;LG Yazilim Tablet;Teknoloji;Yazilim;LG;30155.30;Cocuk;39
3713;Bose Sahne Pikap;Muzik;Sahne;Bose;8275.54;Cocuk;31
3714;Spalding Outdoor Antrenman Ekipmanı;Spor;Outdoor;Spalding;4520.04;Genc;69
3715;Hot Wheels Klasik Koleksiyonu;Oyuncak;Klasik;Hot Wheels;2220.00;Yetiskin;76
3716;Philips Mutfak Dekoratif Lamba;Ev-Yasam;Mutfak;Philips;3070.09;Yetiskin;53
3717;Columbia Ekipman Koşu Ayakkabısı;Spor;Ekipman;Columbia;4247.48;Cocuk;87
3718;Sephora Parfum Nemlendirici;Kozmetik;Parfum;Sephora;1030.32;Genc;33
3719;Audio-Technica Analog Amfi;Muzik;Analog;Audio-Technica;24517.89;Yetiskin;40
3720;Hot Wheels Aksiyon Paketi;Oyuncak;Aksiyon;Hot Wheels;850.99;Cocuk;4
3721;Under Armour Outdoor Eşofman Takımı;Spor;Outdoor;Under Armour;5411.30;Yasli;67
3722;SteelSeries E-Spor Koleksiyonu;Oyun;E-Spor;SteelSeries;419.68;Yetiskin;67
3723;Razer Yayincilik Paketi;Oyun;Yayincilik;Razer;4941.57;Yasli;98
3724;Casio Sahne Amfi;Muzik;Sahne;Casio;18813.80;Yetiskin;2
3725;Karaca Konfor Dekoratif Lamba;Ev-Yasam;Konfor;Karaca;7341.40;Cocuk;52
3726;Gigabyte Yayincilik Koleksiyonu;Oyun;Yayincilik;Gigabyte;1220.79;Genc;90
3727;Meguiars Konfor Aksesuarı;Otomobil-Aksesuar;Konfor;Meguiars;8396.39;Yasli;51
3728;Yapi Kredi Tarih Romanı/Kitabı;Kitap;Tarih;Yapi Kredi;197.40;Yetiskin;80
3729;LEGO Egitici Koleksiyonu;Oyuncak;Egitici;LEGO;2462.11;Genc;79
3730;Nvidia E-Spor Paketi;Oyun;E-Spor;Nvidia;2808.28;Cocuk;22
3731;Continental Konfor Aksesuarı;Otomobil-Aksesuar;Konfor;Continental;2494.17;Genc;56
3732;Razer Retro Paketi;Oyun;Retro;Razer;2295.37;Genc;11
3733;Nike Klasik Çanta;Moda;Klasik;Nike;5239.99;Genc;61
3734;Huawei Ev Ofis Bilgisayar;Teknoloji;Ev Ofis;Huawei;30307.80;Yetiskin;93
3735;Alfa Yayinlari Tarih Romanı/Kitabı;Kitap;Tarih;Alfa Yayinlari;310.34;Cocuk;16
3736;Beko Dekorasyon Dekoratif Lamba;Ev-Yasam;Dekorasyon;Beko;10082.90;Cocuk;54
3737;Michelin Konfor Aksesuarı;Otomobil-Aksesuar;Konfor;Michelin;14438.87;Yetiskin;6
3738;Wilson Fitness Eşofman Takımı;Spor;Fitness;Wilson;7776.67;Yasli;10
3739;Nintendo Retro Seti;Oyun;Retro;Nintendo;4238.96;Genc;11
3740;Salomon Ekipman Antrenman Ekipmanı;Spor;Ekipman;Salomon;7432.58;Genc;30
3741;Prada Aksesuar Ceket;Moda;Aksesuar;Prada;5354.28;Cocuk;46
3742;Iletisim Kisisel Gelisim Romanı/Kitabı;Kitap;Kisisel Gelisim;Iletisim;161.36;Genc;95
3743;Gibson Studyo DJ Ekipmanı;Muzik;Studyo;Gibson;2857.45;Genc;34
3744;Pebeo Resim Paketi;Hobi-Sanat;Resim;Pebeo;3351.20;Cocuk;81
3745;Prada Sokak Stili Çanta;Moda;Sokak Stili;Prada;2751.63;Yasli;65
3746;Bridgestone Arac Bakimi Aksesuarı;Otomobil-Aksesuar;Arac Bakimi;Bridgestone;864.10;Yasli;60
3747;English Home Dekorasyon Nevresim Takımı;Ev-Yasam;Dekorasyon;English Home;8524.38;Cocuk;63
3748;Castelli Outdoor Antrenman Ekipmanı;Spor;Outdoor;Castelli;2799.36;Genc;100
3749;Bose Analog Amfi;Muzik;Analog;Bose;1950.91;Genc;48
3750;Castelli Ekipman Antrenman Ekipmanı;Spor;Ekipman;Castelli;1845.64;Yetiskin;37
3751;Pegasus Kisisel Gelisim Romanı/Kitabı;Kitap;Kisisel Gelisim;Pegasus;476.94;Yetiskin;61
3752;Beko Konfor Kahve Makinesi;Ev-Yasam;Konfor;Beko;7731.30;Cocuk;4
3753;Melissa Doug Egitici Seti;Oyuncak;Egitici;Melissa Doug;2124.35;Yetiskin;42
3754;Everest Kisisel Gelisim Romanı/Kitabı;Kitap;Kisisel Gelisim;Everest;248.45;Cocuk;13
3755;Derwent El Sanatlari Seti;Hobi-Sanat;El Sanatlari;Derwent;3060.81;Yetiskin;32
3756;Moleskine Resim Seti;Hobi-Sanat;Resim;Moleskine;1521.50;Genc;24
3757;Razer Retro Seti;Oyun;Retro;Razer;100.76;Yasli;54
3758;Hot Wheels Egitici Paketi;Oyuncak;Egitici;Hot Wheels;992.81;Yetiskin;75
3759;Ithaki Tarih Romanı/Kitabı;Kitap;Tarih;Ithaki;179.48;Yasli;82
3760;Tefal Dekorasyon Robot Süpürge;Ev-Yasam;Dekorasyon;Tefal;10967.91;Cocuk;50
3761;Ithaki Kisisel Gelisim Romanı/Kitabı;Kitap;Kisisel Gelisim;Ithaki;211.94;Yasli;43
3762;Sephora Parfum Ruj;Kozmetik;Parfum;Sephora;251.26;Cocuk;29
3763;Adidas Sokak Stili Gözlük;Moda;Sokak Stili;Adidas;1548.76;Yetiskin;88
3764;Castelli Outdoor Eşofman Takımı;Spor;Outdoor;Castelli;7008.85;Yasli;3
3765;Audio-Technica Studyo Amfi;Muzik;Studyo;Audio-Technica;24947.55;Yasli;94
3766;Corsair Yayincilik Koleksiyonu;Oyun;Yayincilik;Corsair;3338.31;Cocuk;97
3767;Continental Guvenlik Aksesuarı;Otomobil-Aksesuar;Guvenlik;Continental;8494.55;Genc;69
3768;Iletisim Tarih Romanı/Kitabı;Kitap;Tarih;Iletisim;427.94;Genc;78
3769;Alfa Yayinlari Kisisel Gelisim Romanı/Kitabı;Kitap;Kisisel Gelisim;Alfa Yayinlari;330.72;Cocuk;8
3770;Nivea Bakim Cilt Serumu;Kozmetik;Bakim;Nivea;1181.02;Yasli;38
3771;Goodyear Konfor Aksesuarı;Otomobil-Aksesuar;Konfor;Goodyear;9688.31;Yetiskin;22
3772;Yapi Kredi Tarih Romanı/Kitabı;Kitap;Tarih;Yapi Kredi;490.53;Yasli;68
3773;Pasabahce Konfor Dekoratif Lamba;Ev-Yasam;Konfor;Pasabahce;5719.44;Cocuk;12
3774;Liquitex Kirtasiye Paketi;Hobi-Sanat;Kirtasiye;Liquitex;3821.59;Genc;35
3775;HP Mobil Yasam Kulaklık;Teknoloji;Mobil Yasam;HP;22087.20;Yetiskin;64
3776;Hot Wheels Klasik Seti;Oyuncak;Klasik;Hot Wheels;1634.00;Genc;3
3777;Fender Studyo Enstrüman;Muzik;Studyo;Fender;24056.51;Yetiskin;97
3778;Hot Wheels Aksiyon Koleksiyonu;Oyuncak;Aksiyon;Hot Wheels;1349.74;Genc;96
3779;Asus Yazilim Akıllı Saat;Teknoloji;Yazilim;Asus;14901.46;Yetiskin;5
3780;Gibson Analog Amfi;Muzik;Analog;Gibson;14618.61;Yetiskin;16
3781;Derwent Kirtasiye Paketi;Hobi-Sanat;Kirtasiye;Derwent;3721.81;Yasli;76
3782;Under Armour Ekipman Koşu Ayakkabısı;Spor;Ekipman;Under Armour;1527.44;Cocuk;34
3783;Maybelline Bakim Göz Kalemi;Kozmetik;Bakim;Maybelline;898.65;Yasli;35
3784;Can Yayinlari Kisisel Gelisim Romanı/Kitabı;Kitap;Kisisel Gelisim;Can Yayinlari;448.19;Genc;41
3785;Fisher-Price Klasik Koleksiyonu;Oyuncak;Klasik;Fisher-Price;4599.39;Genc;8
3786;Dogan Kitap Kisisel Gelisim Romanı/Kitabı;Kitap;Kisisel Gelisim;Dogan Kitap;219.30;Genc;66
3787;Chanel Bakim Cilt Serumu;Kozmetik;Bakim;Chanel;1870.76;Yasli;97
3788;Adidas Sokak Stili Gözlük;Moda;Sokak Stili;Adidas;5803.15;Genc;37
3789;MGA Entertainment Egitici Seti;Oyuncak;Egitici;MGA Entertainment;2330.66;Cocuk;97
3790;LG Ev Ofis Tablet;Teknoloji;Ev Ofis;LG;37298.61;Yasli;38
3791;Zowie Yayincilik Paketi;Oyun;Yayincilik;Zowie;852.88;Cocuk;98
3792;Adidas Aksesuar Gözlük;Moda;Aksesuar;Adidas;3491.82;Yetiskin;92
3793;3M Arac Bakimi Aksesuarı;Otomobil-Aksesuar;Arac Bakimi;3M;10687.69;Cocuk;64
3794;Burberry Sokak Stili Çanta;Moda;Sokak Stili;Burberry;543.27;Genc;95
3795;Ikea Konfor Kahve Makinesi;Ev-Yasam;Konfor;Ikea;6949.72;Yetiskin;14
3796;Wilson Outdoor Eşofman Takımı;Spor;Outdoor;Wilson;3676.61;Cocuk;28
3797;Under Armour Ekipman Eşofman Takımı;Spor;Ekipman;Under Armour;1636.38;Yasli;49
3798;Moleskine Resim Koleksiyonu;Hobi-Sanat;Resim;Moleskine;832.87;Yetiskin;78
3799;Roland Studyo Pikap;Muzik;Studyo;Roland;1644.15;Cocuk;46
3800;Roland Analog Amfi;Muzik;Analog;Roland;5819.08;Genc;76
3801;Ithaki Edebiyat Romanı/Kitabı;Kitap;Edebiyat;Ithaki;344.82;Yetiskin;93
3802;Spin Master Egitici Koleksiyonu;Oyuncak;Egitici;Spin Master;3739.23;Yetiskin;90
3803;Liquitex Resim Paketi;Hobi-Sanat;Resim;Liquitex;4086.40;Genc;4
3804;Bosch Mutfak Nevresim Takımı;Ev-Yasam;Mutfak;Bosch;7859.48;Genc;12
3805;Xiaomi Mobil Yasam Tablet;Teknoloji;Mobil Yasam;Xiaomi;22345.49;Genc;36
3806;Wilson Ekipman Eşofman Takımı;Spor;Ekipman;Wilson;6645.18;Genc;87
3807;Can Yayinlari Kisisel Gelisim Romanı/Kitabı;Kitap;Kisisel Gelisim;Can Yayinlari;354.50;Yetiskin;17
3808;Under Armour Outdoor Koşu Ayakkabısı;Spor;Outdoor;Under Armour;7374.93;Yetiskin;60
3809;Roland Studyo Amfi;Muzik;Studyo;Roland;4942.77;Cocuk;64
3810;Prada Klasik Parfüm;Moda;Klasik;Prada;2909.16;Yasli;35
3811;Hasbro Klasik Paketi;Oyuncak;Klasik;Hasbro;159.71;Genc;51
3812;English Home Konfor Kahve Makinesi;Ev-Yasam;Konfor;English Home;1651.78;Genc;25
3813;Tefal Dekorasyon Nevresim Takımı;Ev-Yasam;Dekorasyon;Tefal;1154.75;Yasli;88
3814;Castelli Fitness Koşu Ayakkabısı;Spor;Fitness;Castelli;3738.88;Yetiskin;55
3815;Corsair Yayincilik Paketi;Oyun;Yayincilik;Corsair;1396.58;Yetiskin;22
3816;Audio-Technica Analog Pikap;Muzik;Analog;Audio-Technica;22842.47;Yetiskin;40
3817;SteelSeries Retro Seti;Oyun;Retro;SteelSeries;168.56;Genc;16
3818;SteelSeries Retro Koleksiyonu;Oyun;Retro;SteelSeries;2912.89;Yetiskin;15
3819;Liquitex Resim Paketi;Hobi-Sanat;Resim;Liquitex;3690.98;Yetiskin;44
3820;MGA Entertainment Aksiyon Seti;Oyuncak;Aksiyon;MGA Entertainment;3341.62;Yasli;83
3821;Metis Kisisel Gelisim Romanı/Kitabı;Kitap;Kisisel Gelisim;Metis;94.43;Yetiskin;62
3822;HP Ev Ofis Bilgisayar;Teknoloji;Ev Ofis;HP;5392.15;Genc;57
3823;Alfa Yayinlari Edebiyat Romanı/Kitabı;Kitap;Edebiyat;Alfa Yayinlari;205.75;Yasli;5
3824;Reebok Ekipman Koşu Ayakkabısı;Spor;Ekipman;Reebok;3698.51;Cocuk;51
3825;Hasbro Klasik Paketi;Oyuncak;Klasik;Hasbro;1615.18;Yetiskin;52
3826;Gigabyte Retro Koleksiyonu;Oyun;Retro;Gigabyte;3255.26;Cocuk;53
3827;Under Armour Fitness Antrenman Ekipmanı;Spor;Fitness;Under Armour;1099.16;Genc;80
3828;Playmobil Klasik Koleksiyonu;Oyuncak;Klasik;Playmobil;2841.28;Yasli;51
3829;LOreal Makyaj Göz Kalemi;Kozmetik;Makyaj;LOreal;558.92;Yasli;42
3830;Hot Wheels Klasik Seti;Oyuncak;Klasik;Hot Wheels;3835.98;Genc;17
3831;Dell Ev Ofis Kulaklık;Teknoloji;Ev Ofis;Dell;37556.84;Cocuk;87
3832;Apple Mobil Yasam Akıllı Telefon;Teknoloji;Mobil Yasam;Apple;11359.78;Cocuk;51
3833;Zara Sokak Stili Çanta;Moda;Sokak Stili;Zara;3270.97;Yasli;21
3834;Razer E-Spor Koleksiyonu;Oyun;E-Spor;Razer;221.74;Genc;81
3835;Corsair E-Spor Koleksiyonu;Oyun;E-Spor;Corsair;3291.13;Yetiskin;83
3836;Madame Coco Dekorasyon Kahve Makinesi;Ev-Yasam;Dekorasyon;Madame Coco;413.54;Genc;18
3837;Playmobil Egitici Paketi;Oyuncak;Egitici;Playmobil;2520.91;Genc;9
3838;Adidas Klasik Çanta;Moda;Klasik;Adidas;459.72;Cocuk;52
3839;Playmobil Aksiyon Paketi;Oyuncak;Aksiyon;Playmobil;2753.53;Yetiskin;47
3840;Under Armour Ekipman Spor Çantası;Spor;Ekipman;Under Armour;3149.82;Yetiskin;76
3841;Decathlon Outdoor Eşofman Takımı;Spor;Outdoor;Decathlon;1852.96;Yetiskin;57
3842;Lenovo Mobil Yasam Akıllı Saat;Teknoloji;Mobil Yasam;Lenovo;14505.94;Yasli;59
3843;Meguiars Konfor Aksesuarı;Otomobil-Aksesuar;Konfor;Meguiars;4656.19;Cocuk;66
3844;Philips Dekorasyon Robot Süpürge;Ev-Yasam;Dekorasyon;Philips;10719.65;Yetiskin;100
3845;Dogan Kitap Tarih Romanı/Kitabı;Kitap;Tarih;Dogan Kitap;296.94;Yetiskin;84
3846;Melissa Doug Klasik Koleksiyonu;Oyuncak;Klasik;Melissa Doug;2993.58;Yasli;67
3847;Sony Yazilim Akıllı Telefon;Teknoloji;Yazilim;Sony;7322.63;Cocuk;77
3848;Bosch Guvenlik Aksesuarı;Otomobil-Aksesuar;Guvenlik;Bosch;5054.49;Yasli;53
3849;Huawei Yazilim Akıllı Telefon;Teknoloji;Yazilim;Huawei;38047.85;Cocuk;87
3850;Castrol Konfor Aksesuarı;Otomobil-Aksesuar;Konfor;Castrol;7699.19;Yetiskin;26
3851;Castrol Konfor Aksesuarı;Otomobil-Aksesuar;Konfor;Castrol;11488.05;Genc;56
3852;Castrol Konfor Aksesuarı;Otomobil-Aksesuar;Konfor;Castrol;8185.88;Yetiskin;79
3853;Pebeo Kirtasiye Koleksiyonu;Hobi-Sanat;Kirtasiye;Pebeo;2373.18;Genc;47
3854;Lancome Bakim Cilt Serumu;Kozmetik;Bakim;Lancome;1206.94;Yetiskin;38
3855;Razer E-Spor Koleksiyonu;Oyun;E-Spor;Razer;1245.03;Yasli;23
3856;Levi's Sokak Stili Ceket;Moda;Sokak Stili;Levi's;2429.48;Yasli;52
3857;Corsair Retro Seti;Oyun;Retro;Corsair;4574.74;Genc;86
3858;Alfa Yayinlari Kisisel Gelisim Romanı/Kitabı;Kitap;Kisisel Gelisim;Alfa Yayinlari;496.47;Yetiskin;48
3859;Moleskine Kirtasiye Koleksiyonu;Hobi-Sanat;Kirtasiye;Moleskine;2796.12;Genc;30
3860;Faber-Castell Kirtasiye Seti;Hobi-Sanat;Kirtasiye;Faber-Castell;438.63;Cocuk;39
3861;Under Armour Outdoor Koşu Ayakkabısı;Spor;Outdoor;Under Armour;2313.08;Genc;8
3862;Continental Guvenlik Aksesuarı;Otomobil-Aksesuar;Guvenlik;Continental;630.08;Genc;97
3863;Is Bankasi Yayinlari Edebiyat Romanı/Kitabı;Kitap;Edebiyat;Is Bankasi Yayinlari;85.39;Cocuk;90
3864;Everest Kisisel Gelisim Romanı/Kitabı;Kitap;Kisisel Gelisim;Everest;57.60;Yetiskin;28
3865;Clinique Bakim Nemlendirici;Kozmetik;Bakim;Clinique;785.66;Genc;24
3866;Corsair E-Spor Paketi;Oyun;E-Spor;Corsair;236.10;Yasli;19
3867;Playmobil Klasik Seti;Oyuncak;Klasik;Playmobil;931.98;Yetiskin;97
3868;Moleskine Resim Koleksiyonu;Hobi-Sanat;Resim;Moleskine;2131.48;Genc;8
3869;HyperX Yayincilik Koleksiyonu;Oyun;Yayincilik;HyperX;3798.12;Genc;8
3870;HyperX Retro Paketi;Oyun;Retro;HyperX;4630.77;Genc;39
3871;Playmobil Aksiyon Seti;Oyuncak;Aksiyon;Playmobil;4011.12;Genc;81
3872;Mizuno Ekipman Eşofman Takımı;Spor;Ekipman;Mizuno;1897.55;Yasli;25
3873;Melissa Doug Klasik Paketi;Oyuncak;Klasik;Melissa Doug;3526.83;Genc;90
3874;Lacoste Sokak Stili Parfüm;Moda;Sokak Stili;Lacoste;5343.08;Yasli;94
3875;3M Guvenlik Aksesuarı;Otomobil-Aksesuar;Guvenlik;3M;4081.21;Genc;5
3876;English Home Konfor Robot Süpürge;Ev-Yasam;Konfor;English Home;4444.79;Genc;93
3877;Castrol Guvenlik Aksesuarı;Otomobil-Aksesuar;Guvenlik;Castrol;2847.29;Yasli;79
3878;Pebeo El Sanatlari Paketi;Hobi-Sanat;El Sanatlari;Pebeo;2317.35;Genc;32
3879;3M Guvenlik Aksesuarı;Otomobil-Aksesuar;Guvenlik;3M;8358.95;Cocuk;95
3880;Decathlon Ekipman Koşu Ayakkabısı;Spor;Ekipman;Decathlon;3181.84;Yasli;34
3881;Nivea Makyaj Ruj;Kozmetik;Makyaj;Nivea;1302.26;Yetiskin;5
3882;Can Yayinlari Tarih Romanı/Kitabı;Kitap;Tarih;Can Yayinlari;149.09;Yasli;13
3883;Sony Yazilim Tablet;Teknoloji;Yazilim;Sony;20092.08;Genc;18
3884;Gibson Analog DJ Ekipmanı;Muzik;Analog;Gibson;16138.38;Yasli;90
3885;MGA Entertainment Aksiyon Seti;Oyuncak;Aksiyon;MGA Entertainment;3281.19;Cocuk;92
3886;Nivea Bakim Göz Kalemi;Kozmetik;Bakim;Nivea;1482.98;Yasli;60
3887;Dell Ev Ofis Akıllı Telefon;Teknoloji;Ev Ofis;Dell;34638.19;Yetiskin;31
3888;Sony Yazilim Akıllı Telefon;Teknoloji;Yazilim;Sony;7970.64;Yasli;12
3889;Nike Sokak Stili Parfüm;Moda;Sokak Stili;Nike;999.69;Cocuk;68
3890;Mizuno Fitness Eşofman Takımı;Spor;Fitness;Mizuno;6391.81;Yetiskin;74
3891;Moleskine Kirtasiye Paketi;Hobi-Sanat;Kirtasiye;Moleskine;4273.03;Yasli;87
3892;Prada Aksesuar Saat;Moda;Aksesuar;Prada;1496.84;Yasli;95
3893;Mattel Egitici Seti;Oyuncak;Egitici;Mattel;4986.69;Yetiskin;1
3894;Can Yayinlari Kisisel Gelisim Romanı/Kitabı;Kitap;Kisisel Gelisim;Can Yayinlari;435.49;Yetiskin;93
3895;Yapi Kredi Kisisel Gelisim Romanı/Kitabı;Kitap;Kisisel Gelisim;Yapi Kredi;482.92;Yasli;89
3896;Gigabyte Yayincilik Paketi;Oyun;Yayincilik;Gigabyte;3250.44;Yasli;4
3897;Pasabahce Dekorasyon Dekoratif Lamba;Ev-Yasam;Dekorasyon;Pasabahce;9485.76;Cocuk;90
3898;Hasbro Aksiyon Koleksiyonu;Oyuncak;Aksiyon;Hasbro;155.58;Yasli;58
3899;Playmobil Aksiyon Seti;Oyuncak;Aksiyon;Playmobil;1035.33;Cocuk;53
3900;HP Ev Ofis Akıllı Telefon;Teknoloji;Ev Ofis;HP;13763.12;Genc;53
3901;Karaca Mutfak Kahve Makinesi;Ev-Yasam;Mutfak;Karaca;2743.57;Genc;47
3902;Ikea Konfor Dekoratif Lamba;Ev-Yasam;Konfor;Ikea;6391.55;Yasli;81
3903;Yapi Kredi Tarih Romanı/Kitabı;Kitap;Tarih;Yapi Kredi;426.81;Cocuk;24
3904;Tefal Konfor Kahve Makinesi;Ev-Yasam;Konfor;Tefal;8326.68;Yasli;25
3905;Fender Sahne Amfi;Muzik;Sahne;Fender;21570.94;Cocuk;73
3906;Playmobil Egitici Paketi;Oyuncak;Egitici;Playmobil;117.68;Genc;47
3907;Prismacolor Resim Paketi;Hobi-Sanat;Resim;Prismacolor;1619.70;Yasli;80
3908;Yamaha Analog Amfi;Muzik;Analog;Yamaha;14472.53;Cocuk;47
3909;Bridgestone Konfor Aksesuarı;Otomobil-Aksesuar;Konfor;Bridgestone;12905.42;Cocuk;72
3910;Pioneer Konfor Aksesuarı;Otomobil-Aksesuar;Konfor;Pioneer;12551.92;Yetiskin;82
3911;Sony Ev Ofis Kulaklık;Teknoloji;Ev Ofis;Sony;13125.71;Yetiskin;87
3912;Wilson Fitness Koşu Ayakkabısı;Spor;Fitness;Wilson;4900.01;Yasli;46
3913;Gigabyte Yayincilik Seti;Oyun;Yayincilik;Gigabyte;3803.98;Yetiskin;14
3914;Beko Dekorasyon Nevresim Takımı;Ev-Yasam;Dekorasyon;Beko;7731.94;Yasli;91
3915;Everest Tarih Romanı/Kitabı;Kitap;Tarih;Everest;400.21;Yasli;27
3916;Mattel Klasik Paketi;Oyuncak;Klasik;Mattel;4479.66;Genc;69
3917;Nvidia Retro Seti;Oyun;Retro;Nvidia;2941.45;Yasli;53
3918;North Face Ekipman Koşu Ayakkabısı;Spor;Ekipman;North Face;4941.21;Yetiskin;21
3919;Everest Edebiyat Romanı/Kitabı;Kitap;Edebiyat;Everest;147.86;Yetiskin;74
3920;JBL Sahne Pikap;Muzik;Sahne;JBL;4142.17;Yetiskin;58
3921;Pioneer Konfor Aksesuarı;Otomobil-Aksesuar;Konfor;Pioneer;5076.43;Genc;15
3922;Castrol Arac Bakimi Aksesuarı;Otomobil-Aksesuar;Arac Bakimi;Castrol;1922.85;Yasli;94
3923;Under Armour Ekipman Eşofman Takımı;Spor;Ekipman;Under Armour;5274.37;Yetiskin;60
3924;H&M Sokak Stili Saat;Moda;Sokak Stili;H&M;2557.76;Yasli;9
3925;Metis Tarih Romanı/Kitabı;Kitap;Tarih;Metis;317.04;Cocuk;88
3926;Reebok Fitness Spor Çantası;Spor;Fitness;Reebok;962.16;Yasli;87
3927;Estee Lauder Parfum Nemlendirici;Kozmetik;Parfum;Estee Lauder;527.60;Yasli;44
3928;Melissa Doug Aksiyon Seti;Oyuncak;Aksiyon;Melissa Doug;1988.39;Genc;36
3929;Castrol Arac Bakimi Aksesuarı;Otomobil-Aksesuar;Arac Bakimi;Castrol;12819.34;Genc;55
3930;Derwent Kirtasiye Koleksiyonu;Hobi-Sanat;Kirtasiye;Derwent;4090.36;Genc;63
3931;Pebeo El Sanatlari Seti;Hobi-Sanat;El Sanatlari;Pebeo;4527.46;Genc;41
3932;LG Ev Ofis Akıllı Saat;Teknoloji;Ev Ofis;LG;32247.30;Cocuk;100
3933;Columbia Ekipman Antrenman Ekipmanı;Spor;Ekipman;Columbia;3384.00;Yasli;65
3934;Meguiars Konfor Aksesuarı;Otomobil-Aksesuar;Konfor;Meguiars;1371.42;Genc;55
3935;Xiaomi Mobil Yasam Kulaklık;Teknoloji;Mobil Yasam;Xiaomi;6423.29;Yetiskin;50
3936;Winsor Newton Resim Paketi;Hobi-Sanat;Resim;Winsor Newton;4271.56;Yasli;28
3937;Chanel Bakim Ruj;Kozmetik;Bakim;Chanel;783.61;Cocuk;14
3938;Wilson Ekipman Eşofman Takımı;Spor;Ekipman;Wilson;5824.19;Genc;84
3939;H&M Aksesuar Parfüm;Moda;Aksesuar;H&M;1265.35;Cocuk;41
3940;MGA Entertainment Egitici Seti;Oyuncak;Egitici;MGA Entertainment;1773.97;Yetiskin;96
3941;Mattel Aksiyon Koleksiyonu;Oyuncak;Aksiyon;Mattel;268.04;Yetiskin;7
3942;Tefal Mutfak Kahve Makinesi;Ev-Yasam;Mutfak;Tefal;8482.59;Cocuk;23
3943;Castrol Guvenlik Aksesuarı;Otomobil-Aksesuar;Guvenlik;Castrol;13067.67;Genc;15
3944;North Face Outdoor Eşofman Takımı;Spor;Outdoor;North Face;3247.82;Cocuk;58
3945;Meguiars Guvenlik Aksesuarı;Otomobil-Aksesuar;Guvenlik;Meguiars;2484.89;Genc;65
3946;Tefal Dekorasyon Kahve Makinesi;Ev-Yasam;Dekorasyon;Tefal;8054.73;Cocuk;76
3947;Maybelline Bakim Cilt Serumu;Kozmetik;Bakim;Maybelline;661.06;Genc;31
3948;H&M Klasik Saat;Moda;Klasik;H&M;2710.89;Yetiskin;65
3949;LOreal Makyaj Ruj;Kozmetik;Makyaj;LOreal;342.52;Cocuk;75
3950;Wilson Outdoor Eşofman Takımı;Spor;Outdoor;Wilson;4677.75;Cocuk;2
3951;Logitech E-Spor Koleksiyonu;Oyun;E-Spor;Logitech;2653.93;Cocuk;91
3952;Burberry Klasik Ceket;Moda;Klasik;Burberry;5411.66;Genc;70
3953;Melissa Doug Egitici Paketi;Oyuncak;Egitici;Melissa Doug;616.04;Yasli;19
3954;Zowie Yayincilik Paketi;Oyun;Yayincilik;Zowie;267.83;Genc;27
3955;MSI Yayincilik Seti;Oyun;Yayincilik;MSI;346.21;Genc;51
3956;Faber-Castell El Sanatlari Paketi;Hobi-Sanat;El Sanatlari;Faber-Castell;1080.20;Yetiskin;46
3957;Madame Coco Mutfak Robot Süpürge;Ev-Yasam;Mutfak;Madame Coco;4837.54;Yetiskin;11
3958;Sony Yazilim Akıllı Saat;Teknoloji;Yazilim;Sony;43805.95;Yetiskin;93
3959;Philips Mutfak Dekoratif Lamba;Ev-Yasam;Mutfak;Philips;1574.80;Yasli;65
3960;Asus Yazilim Akıllı Saat;Teknoloji;Yazilim;Asus;26376.43;Yetiskin;19
3961;Beko Konfor Robot Süpürge;Ev-Yasam;Konfor;Beko;1794.01;Yasli;13
3962;MSI Yayincilik Koleksiyonu;Oyun;Yayincilik;MSI;3599.13;Genc;33
3963;LOreal Parfum Cilt Serumu;Kozmetik;Parfum;LOreal;410.89;Yasli;55
3964;Hasbro Aksiyon Paketi;Oyuncak;Aksiyon;Hasbro;1929.69;Cocuk;8
3965;Lenovo Ev Ofis Bilgisayar;Teknoloji;Ev Ofis;Lenovo;37997.16;Yetiskin;39
3966;Gigabyte Retro Seti;Oyun;Retro;Gigabyte;3983.42;Cocuk;48
3967;Gucci Aksesuar Gözlük;Moda;Aksesuar;Gucci;5862.61;Genc;67
3968;Bose Sahne Enstrüman;Muzik;Sahne;Bose;16922.73;Yasli;93
3969;Sennheiser Sahne Amfi;Muzik;Sahne;Sennheiser;9619.33;Yetiskin;31
3970;Samsung Mobil Yasam Akıllı Saat;Teknoloji;Mobil Yasam;Samsung;18315.44;Cocuk;80
3971;Meguiars Arac Bakimi Aksesuarı;Otomobil-Aksesuar;Arac Bakimi;Meguiars;3328.22;Yasli;98
3972;LEGO Egitici Paketi;Oyuncak;Egitici;LEGO;2077.72;Genc;82
3973;Huawei Mobil Yasam Bilgisayar;Teknoloji;Mobil Yasam;Huawei;10040.24;Genc;7
3974;Alfa Yayinlari Kisisel Gelisim Romanı/Kitabı;Kitap;Kisisel Gelisim;Alfa Yayinlari;491.18;Yasli;71
3975;Canson El Sanatlari Koleksiyonu;Hobi-Sanat;El Sanatlari;Canson;3993.27;Yasli;24
3976;Pasabahce Konfor Dekoratif Lamba;Ev-Yasam;Konfor;Pasabahce;9073.01;Genc;65
3977;Castelli Ekipman Antrenman Ekipmanı;Spor;Ekipman;Castelli;5970.15;Cocuk;17
3978;Prismacolor El Sanatlari Seti;Hobi-Sanat;El Sanatlari;Prismacolor;3231.53;Yasli;54
3979;Playmobil Klasik Seti;Oyuncak;Klasik;Playmobil;576.26;Yasli;95
3980;Salomon Fitness Eşofman Takımı;Spor;Fitness;Salomon;3537.56;Yasli;68
3981;Yamaha Sahne Pikap;Muzik;Sahne;Yamaha;4228.49;Yasli;65
3982;Chanel Makyaj Göz Kalemi;Kozmetik;Makyaj;Chanel;1671.48;Yetiskin;54
3983;English Home Mutfak Kahve Makinesi;Ev-Yasam;Mutfak;English Home;1784.21;Cocuk;83
3984;SteelSeries E-Spor Koleksiyonu;Oyun;E-Spor;SteelSeries;2071.32;Genc;10
3985;Hasbro Klasik Seti;Oyuncak;Klasik;Hasbro;1556.82;Genc;96
3986;Razer Yayincilik Seti;Oyun;Yayincilik;Razer;3910.73;Yasli;11
3987;North Face Fitness Antrenman Ekipmanı;Spor;Fitness;North Face;4297.00;Yasli;34
3988;Canson El Sanatlari Paketi;Hobi-Sanat;El Sanatlari;Canson;4363.61;Yetiskin;98
3989;Lacoste Sokak Stili Çanta;Moda;Sokak Stili;Lacoste;4412.56;Cocuk;94
3990;Clinique Bakim Nemlendirici;Kozmetik;Bakim;Clinique;486.92;Cocuk;16
3991;Corsair Retro Paketi;Oyun;Retro;Corsair;4974.62;Yetiskin;38
3992;HyperX Retro Seti;Oyun;Retro;HyperX;4085.58;Yetiskin;37
3993;Razer Retro Koleksiyonu;Oyun;Retro;Razer;2598.10;Genc;45
3994;Ithaki Tarih Romanı/Kitabı;Kitap;Tarih;Ithaki;186.72;Yasli;38
3995;Wilson Outdoor Koşu Ayakkabısı;Spor;Outdoor;Wilson;4391.52;Yetiskin;87
3996;Dogan Kitap Kisisel Gelisim Romanı/Kitabı;Kitap;Kisisel Gelisim;Dogan Kitap;265.24;Yetiskin;52
3997;Michelin Arac Bakimi Aksesuarı;Otomobil-Aksesuar;Arac Bakimi;Michelin;8399.82;Yasli;52
3998;Gucci Aksesuar Ceket;Moda;Aksesuar;Gucci;3770.99;Yasli;25
3999;Continental Guvenlik Aksesuarı;Otomobil-Aksesuar;Guvenlik;Continental;2370.42;Cocuk;46
4000;Metis Tarih Romanı/Kitabı;Kitap;Tarih;Metis;62.50;Yetiskin;41
4001;Reeves Kirtasiye Paketi;Hobi-Sanat;Kirtasiye;Reeves;328.40;Genc;73
4002;Playmobil Aksiyon Koleksiyonu;Oyuncak;Aksiyon;Playmobil;2389.02;Yetiskin;34
4003;Philips Dekorasyon Kahve Makinesi;Ev-Yasam;Dekorasyon;Philips;9380.38;Yetiskin;61
4004;Nvidia Retro Paketi;Oyun;Retro;Nvidia;1762.20;Cocuk;51
4005;3M Guvenlik Aksesuarı;Otomobil-Aksesuar;Guvenlik;3M;8635.02;Yetiskin;99
4006;Mattel Egitici Koleksiyonu;Oyuncak;Egitici;Mattel;4193.69;Yasli;30
4007;English Home Konfor Nevresim Takımı;Ev-Yasam;Konfor;English Home;9589.54;Cocuk;20
4008;Marshall Sahne DJ Ekipmanı;Muzik;Sahne;Marshall;8619.22;Cocuk;28
4009;Is Bankasi Yayinlari Kisisel Gelisim Romanı/Kitabı;Kitap;Kisisel Gelisim;Is Bankasi Yayinlari;388.20;Yasli;29
4010;Logitech Retro Paketi;Oyun;Retro;Logitech;2385.75;Yetiskin;24
4011;Madame Coco Konfor Nevresim Takımı;Ev-Yasam;Konfor;Madame Coco;8029.57;Cocuk;45
4012;Burberry Sokak Stili Ceket;Moda;Sokak Stili;Burberry;4661.16;Cocuk;45
4013;Playmobil Aksiyon Paketi;Oyuncak;Aksiyon;Playmobil;1068.19;Genc;21
4014;H&M Aksesuar Parfüm;Moda;Aksesuar;H&M;1066.69;Cocuk;39
4015;Is Bankasi Yayinlari Kisisel Gelisim Romanı/Kitabı;Kitap;Kisisel Gelisim;Is Bankasi Yayinlari;399.54;Genc;5
4016;Bose Sahne Pikap;Muzik;Sahne;Bose;9711.80;Yasli;85
4017;Chanel Bakim Göz Kalemi;Kozmetik;Bakim;Chanel;459.37;Cocuk;75
4018;Castelli Ekipman Koşu Ayakkabısı;Spor;Ekipman;Castelli;7907.90;Yetiskin;36
4019;Winsor Newton Resim Koleksiyonu;Hobi-Sanat;Resim;Winsor Newton;1566.26;Yetiskin;83
4020;Bridgestone Guvenlik Aksesuarı;Otomobil-Aksesuar;Guvenlik;Bridgestone;9392.75;Genc;69
4021;Wilson Ekipman Eşofman Takımı;Spor;Ekipman;Wilson;7656.79;Yetiskin;94
4022;Levi's Klasik Parfüm;Moda;Klasik;Levi's;1151.19;Cocuk;11
4023;Spalding Outdoor Spor Çantası;Spor;Outdoor;Spalding;1116.44;Genc;85
4024;Michelin Arac Bakimi Aksesuarı;Otomobil-Aksesuar;Arac Bakimi;Michelin;6763.23;Cocuk;76
4025;Logitech E-Spor Paketi;Oyun;E-Spor;Logitech;1400.56;Yasli;75
4026;Estee Lauder Makyaj Cilt Serumu;Kozmetik;Makyaj;Estee Lauder;887.44;Cocuk;51
4027;Marshall Sahne Amfi;Muzik;Sahne;Marshall;23859.75;Yetiskin;46
4028;Hot Wheels Aksiyon Koleksiyonu;Oyuncak;Aksiyon;Hot Wheels;4420.62;Yetiskin;12
4029;Marshall Sahne DJ Ekipmanı;Muzik;Sahne;Marshall;6871.95;Yetiskin;68
4030;Iletisim Kisisel Gelisim Romanı/Kitabı;Kitap;Kisisel Gelisim;Iletisim;130.16;Cocuk;44
4031;Meguiars Konfor Aksesuarı;Otomobil-Aksesuar;Konfor;Meguiars;7228.67;Genc;12
4032;Maybelline Parfum Ruj;Kozmetik;Parfum;Maybelline;1618.79;Yetiskin;47
4033;English Home Konfor Dekoratif Lamba;Ev-Yasam;Konfor;English Home;686.70;Yasli;1
4034;Pegasus Tarih Romanı/Kitabı;Kitap;Tarih;Pegasus;479.65;Cocuk;23
4035;Continental Arac Bakimi Aksesuarı;Otomobil-Aksesuar;Arac Bakimi;Continental;753.98;Genc;92
4036;Goodyear Konfor Aksesuarı;Otomobil-Aksesuar;Konfor;Goodyear;5937.50;Genc;59
4037;Canson El Sanatlari Koleksiyonu;Hobi-Sanat;El Sanatlari;Canson;3300.95;Genc;75
4038;SteelSeries E-Spor Koleksiyonu;Oyun;E-Spor;SteelSeries;2396.76;Yasli;2
4039;Casio Studyo Amfi;Muzik;Studyo;Casio;6688.66;Yetiskin;50
4040;Meguiars Guvenlik Aksesuarı;Otomobil-Aksesuar;Guvenlik;Meguiars;9385.62;Yetiskin;41
4041;North Face Ekipman Antrenman Ekipmanı;Spor;Ekipman;North Face;6795.44;Cocuk;43
4042;Daler Rowney El Sanatlari Seti;Hobi-Sanat;El Sanatlari;Daler Rowney;4026.77;Genc;37
4043;Arzum Konfor Nevresim Takımı;Ev-Yasam;Konfor;Arzum;4296.78;Yasli;71
4044;Hasbro Klasik Paketi;Oyuncak;Klasik;Hasbro;1380.11;Yasli;45
4045;Adidas Aksesuar Parfüm;Moda;Aksesuar;Adidas;3927.48;Yetiskin;31
4046;Daler Rowney Resim Paketi;Hobi-Sanat;Resim;Daler Rowney;2850.88;Yetiskin;9
4047;Burberry Aksesuar Çanta;Moda;Aksesuar;Burberry;5818.31;Genc;35
4048;Castrol Arac Bakimi Aksesuarı;Otomobil-Aksesuar;Arac Bakimi;Castrol;14115.85;Yasli;65
4049;Can Yayinlari Tarih Romanı/Kitabı;Kitap;Tarih;Can Yayinlari;200.05;Yetiskin;36
4050;Columbia Ekipman Koşu Ayakkabısı;Spor;Ekipman;Columbia;3351.96;Yetiskin;98
4051;Maybelline Bakim Ruj;Kozmetik;Bakim;Maybelline;713.61;Genc;74
4052;Continental Konfor Aksesuarı;Otomobil-Aksesuar;Konfor;Continental;13507.45;Yetiskin;1
4053;Casio Studyo DJ Ekipmanı;Muzik;Studyo;Casio;6821.08;Yetiskin;28
4054;Dior Parfum Cilt Serumu;Kozmetik;Parfum;Dior;1731.65;Genc;97
4055;Tefal Dekorasyon Dekoratif Lamba;Ev-Yasam;Dekorasyon;Tefal;9360.37;Genc;38
4056;Pegasus Edebiyat Romanı/Kitabı;Kitap;Edebiyat;Pegasus;393.30;Genc;30
4057;Michelin Konfor Aksesuarı;Otomobil-Aksesuar;Konfor;Michelin;8793.89;Yetiskin;13
4058;Yamaha Sahne Amfi;Muzik;Sahne;Yamaha;22559.31;Cocuk;42
4059;Melissa Doug Egitici Koleksiyonu;Oyuncak;Egitici;Melissa Doug;4081.18;Genc;63
4060;Liquitex El Sanatlari Seti;Hobi-Sanat;El Sanatlari;Liquitex;1428.59;Yasli;67
4061;Casio Analog Pikap;Muzik;Analog;Casio;23375.69;Yetiskin;54
4062;Ikea Konfor Kahve Makinesi;Ev-Yasam;Konfor;Ikea;2560.40;Cocuk;22
4063;Spin Master Aksiyon Koleksiyonu;Oyuncak;Aksiyon;Spin Master;138.24;Cocuk;48
4064;Pebeo Resim Paketi;Hobi-Sanat;Resim;Pebeo;3137.88;Cocuk;37
4065;Bose Analog Amfi;Muzik;Analog;Bose;15253.66;Cocuk;48
4066;Corsair Yayincilik Seti;Oyun;Yayincilik;Corsair;410.77;Yetiskin;36
4067;Huawei Yazilim Bilgisayar;Teknoloji;Yazilim;Huawei;10152.90;Yasli;64
4068;Daler Rowney Resim Koleksiyonu;Hobi-Sanat;Resim;Daler Rowney;4388.56;Cocuk;28
4069;MSI Retro Koleksiyonu;Oyun;Retro;MSI;4998.04;Cocuk;19
4070;Pasabahce Konfor Nevresim Takımı;Ev-Yasam;Konfor;Pasabahce;1803.82;Genc;49
4071;North Face Fitness Koşu Ayakkabısı;Spor;Fitness;North Face;5575.73;Cocuk;63
4072;Xiaomi Yazilim Kulaklık;Teknoloji;Yazilim;Xiaomi;10617.46;Yetiskin;16
4073;Chanel Makyaj Cilt Serumu;Kozmetik;Makyaj;Chanel;1946.61;Yasli;3
4074;Sennheiser Studyo DJ Ekipmanı;Muzik;Studyo;Sennheiser;20487.00;Yasli;84
4075;Moleskine Kirtasiye Paketi;Hobi-Sanat;Kirtasiye;Moleskine;2360.45;Genc;82
4076;Wilson Fitness Eşofman Takımı;Spor;Fitness;Wilson;929.90;Yasli;24
4077;Corsair E-Spor Koleksiyonu;Oyun;E-Spor;Corsair;3989.97;Yasli;37
4078;Karaca Mutfak Robot Süpürge;Ev-Yasam;Mutfak;Karaca;8926.22;Yetiskin;61
4079;Ithaki Kisisel Gelisim Romanı/Kitabı;Kitap;Kisisel Gelisim;Ithaki;66.42;Genc;58
4080;Dogan Kitap Edebiyat Romanı/Kitabı;Kitap;Edebiyat;Dogan Kitap;228.77;Genc;90
4081;Gibson Sahne Pikap;Muzik;Sahne;Gibson;6248.11;Cocuk;59
4082;English Home Dekorasyon Nevresim Takımı;Ev-Yasam;Dekorasyon;English Home;8593.00;Yasli;52
4083;Canson El Sanatlari Koleksiyonu;Hobi-Sanat;El Sanatlari;Canson;337.24;Cocuk;7
4084;HyperX Retro Seti;Oyun;Retro;HyperX;2758.73;Yasli;3
4085;Hasbro Klasik Seti;Oyuncak;Klasik;Hasbro;3503.68;Yasli;96
4086;Canson Resim Paketi;Hobi-Sanat;Resim;Canson;4118.04;Yetiskin;47
4087;Bose Sahne Enstrüman;Muzik;Sahne;Bose;1799.74;Yasli;68
4088;Levi's Klasik Parfüm;Moda;Klasik;Levi's;2750.28;Yetiskin;61
4089;Derwent Kirtasiye Seti;Hobi-Sanat;Kirtasiye;Derwent;1761.72;Yetiskin;69
4090;North Face Fitness Spor Çantası;Spor;Fitness;North Face;6207.06;Yetiskin;80
4091;Liquitex Resim Koleksiyonu;Hobi-Sanat;Resim;Liquitex;2468.16;Cocuk;91
4092;Faber-Castell El Sanatlari Paketi;Hobi-Sanat;El Sanatlari;Faber-Castell;4628.28;Cocuk;62
4093;HP Ev Ofis Tablet;Teknoloji;Ev Ofis;HP;20926.52;Genc;8
4094;JBL Analog Pikap;Muzik;Analog;JBL;17842.82;Yetiskin;3
4095;Columbia Ekipman Antrenman Ekipmanı;Spor;Ekipman;Columbia;6098.25;Yetiskin;14
4096;Bosch Mutfak Kahve Makinesi;Ev-Yasam;Mutfak;Bosch;6092.74;Cocuk;64
4097;Clinique Bakim Ruj;Kozmetik;Bakim;Clinique;1645.10;Genc;100
4098;MAC Parfum Cilt Serumu;Kozmetik;Parfum;MAC;1554.39;Cocuk;4
4099;Daler Rowney Kirtasiye Koleksiyonu;Hobi-Sanat;Kirtasiye;Daler Rowney;1077.43;Genc;88
4100;Zowie E-Spor Koleksiyonu;Oyun;E-Spor;Zowie;3950.82;Yetiskin;78
4101;Huawei Ev Ofis Bilgisayar;Teknoloji;Ev Ofis;Huawei;16964.69;Yetiskin;29
4102;Roland Studyo Amfi;Muzik;Studyo;Roland;17874.13;Genc;92
4103;Puma Sokak Stili Parfüm;Moda;Sokak Stili;Puma;1732.90;Yetiskin;33
4104;MAC Bakim Ruj;Kozmetik;Bakim;MAC;353.96;Yetiskin;64
4105;Michelin Arac Bakimi Aksesuarı;Otomobil-Aksesuar;Arac Bakimi;Michelin;1435.13;Yasli;24
4106;Marshall Studyo Pikap;Muzik;Studyo;Marshall;2313.72;Genc;99
4107;Estee Lauder Bakim Göz Kalemi;Kozmetik;Bakim;Estee Lauder;1514.68;Cocuk;18
4108;Faber-Castell Kirtasiye Seti;Hobi-Sanat;Kirtasiye;Faber-Castell;3727.39;Cocuk;8
4109;Zara Aksesuar Gözlük;Moda;Aksesuar;Zara;4318.00;Cocuk;40
4110;Karaca Dekorasyon Robot Süpürge;Ev-Yasam;Dekorasyon;Karaca;3023.52;Genc;42
4111;Lancome Bakim Nemlendirici;Kozmetik;Bakim;Lancome;1289.52;Genc;90
4112;Salomon Ekipman Koşu Ayakkabısı;Spor;Ekipman;Salomon;654.63;Cocuk;21
4113;Pebeo Kirtasiye Koleksiyonu;Hobi-Sanat;Kirtasiye;Pebeo;2501.29;Genc;36
4114;Bosch Konfor Kahve Makinesi;Ev-Yasam;Konfor;Bosch;5907.28;Genc;100
4115;Bridgestone Guvenlik Aksesuarı;Otomobil-Aksesuar;Guvenlik;Bridgestone;14860.25;Yasli;89
4116;Casio Sahne Pikap;Muzik;Sahne;Casio;19161.51;Yetiskin;43
4117;Columbia Fitness Koşu Ayakkabısı;Spor;Fitness;Columbia;2135.70;Cocuk;57
4118;Metis Edebiyat Romanı/Kitabı;Kitap;Edebiyat;Metis;336.99;Yasli;81
4119;Sony Mobil Yasam Kulaklık;Teknoloji;Mobil Yasam;Sony;12914.15;Yasli;15
4120;Nivea Parfum Göz Kalemi;Kozmetik;Parfum;Nivea;1937.74;Cocuk;80
4121;Sennheiser Sahne Pikap;Muzik;Sahne;Sennheiser;24395.60;Yetiskin;36
4122;Meguiars Konfor Aksesuarı;Otomobil-Aksesuar;Konfor;Meguiars;4661.05;Yetiskin;89
4123;Prismacolor El Sanatlari Seti;Hobi-Sanat;El Sanatlari;Prismacolor;3887.81;Yasli;92
4124;Playmobil Egitici Koleksiyonu;Oyuncak;Egitici;Playmobil;1280.58;Yasli;57
4125;Tefal Mutfak Dekoratif Lamba;Ev-Yasam;Mutfak;Tefal;7445.17;Yasli;100
4126;Gigabyte Retro Paketi;Oyun;Retro;Gigabyte;701.56;Cocuk;66
4127;Reeves El Sanatlari Koleksiyonu;Hobi-Sanat;El Sanatlari;Reeves;1823.09;Yasli;45
4128;Bosch Mutfak Robot Süpürge;Ev-Yasam;Mutfak;Bosch;7297.82;Cocuk;38
4129;Reebok Outdoor Koşu Ayakkabısı;Spor;Outdoor;Reebok;2639.81;Yetiskin;69
4130;Corsair E-Spor Koleksiyonu;Oyun;E-Spor;Corsair;871.14;Yetiskin;50
4131;Tefal Dekorasyon Kahve Makinesi;Ev-Yasam;Dekorasyon;Tefal;10991.19;Cocuk;75
4132;LOreal Makyaj Nemlendirici;Kozmetik;Makyaj;LOreal;1470.58;Genc;78
4133;Fender Analog Enstrüman;Muzik;Analog;Fender;2502.03;Yasli;49
4134;Huawei Mobil Yasam Bilgisayar;Teknoloji;Mobil Yasam;Huawei;25576.04;Yasli;49
4135;Bosch Konfor Dekoratif Lamba;Ev-Yasam;Konfor;Bosch;6027.77;Cocuk;78
4136;Winsor Newton Kirtasiye Paketi;Hobi-Sanat;Kirtasiye;Winsor Newton;3497.56;Cocuk;63
4137;Moleskine El Sanatlari Seti;Hobi-Sanat;El Sanatlari;Moleskine;2748.71;Cocuk;19
4138;Karaca Mutfak Kahve Makinesi;Ev-Yasam;Mutfak;Karaca;10742.36;Yasli;13
4139;Columbia Fitness Koşu Ayakkabısı;Spor;Fitness;Columbia;6494.14;Cocuk;13
4140;Reebok Outdoor Eşofman Takımı;Spor;Outdoor;Reebok;5061.44;Yasli;37
4141;Pebeo Kirtasiye Paketi;Hobi-Sanat;Kirtasiye;Pebeo;3250.87;Cocuk;45
4142;Liquitex El Sanatlari Koleksiyonu;Hobi-Sanat;El Sanatlari;Liquitex;4034.72;Genc;91
4143;Razer Retro Paketi;Oyun;Retro;Razer;1065.51;Genc;13
4144;Decathlon Fitness Spor Çantası;Spor;Fitness;Decathlon;3631.91;Yetiskin;10
4145;Spalding Outdoor Koşu Ayakkabısı;Spor;Outdoor;Spalding;1805.44;Cocuk;24
4146;Yapi Kredi Edebiyat Romanı/Kitabı;Kitap;Edebiyat;Yapi Kredi;481.13;Yetiskin;33
4147;Melissa Doug Klasik Koleksiyonu;Oyuncak;Klasik;Melissa Doug;4942.60;Yasli;95
4148;Maybelline Makyaj Ruj;Kozmetik;Makyaj;Maybelline;1986.15;Genc;81
4149;Nivea Bakim Ruj;Kozmetik;Bakim;Nivea;1491.71;Yasli;80
4150;Levi's Aksesuar Parfüm;Moda;Aksesuar;Levi's;3659.28;Yasli;85
4151;Gigabyte Retro Paketi;Oyun;Retro;Gigabyte;3895.07;Yetiskin;40
4152;Alfa Yayinlari Tarih Romanı/Kitabı;Kitap;Tarih;Alfa Yayinlari;202.50;Yasli;54
4153;Huawei Yazilim Tablet;Teknoloji;Yazilim;Huawei;8396.91;Yetiskin;16
4154;SteelSeries E-Spor Seti;Oyun;E-Spor;SteelSeries;4515.30;Cocuk;14
4155;Reeves El Sanatlari Seti;Hobi-Sanat;El Sanatlari;Reeves;1287.28;Genc;26
4156;Everest Edebiyat Romanı/Kitabı;Kitap;Edebiyat;Everest;158.58;Genc;18
4157;Karaca Dekorasyon Robot Süpürge;Ev-Yasam;Dekorasyon;Karaca;10092.69;Cocuk;6
4158;Burberry Klasik Ceket;Moda;Klasik;Burberry;2746.47;Cocuk;57
4159;Levi's Sokak Stili Saat;Moda;Sokak Stili;Levi's;485.80;Genc;17
4160;Spin Master Aksiyon Koleksiyonu;Oyuncak;Aksiyon;Spin Master;1665.32;Yetiskin;17
4161;Sony Mobil Yasam Akıllı Saat;Teknoloji;Mobil Yasam;Sony;25150.40;Genc;14
4162;Melissa Doug Egitici Paketi;Oyuncak;Egitici;Melissa Doug;286.78;Genc;89
4163;Castelli Fitness Koşu Ayakkabısı;Spor;Fitness;Castelli;2350.46;Yasli;95
4164;Decathlon Ekipman Antrenman Ekipmanı;Spor;Ekipman;Decathlon;7654.46;Yasli;31
4165;Pasabahce Dekorasyon Dekoratif Lamba;Ev-Yasam;Dekorasyon;Pasabahce;9514.40;Cocuk;11
4166;LOreal Bakim Ruj;Kozmetik;Bakim;LOreal;1688.92;Yasli;43
4167;Sephora Parfum Ruj;Kozmetik;Parfum;Sephora;1054.68;Yasli;44
4168;Madame Coco Dekorasyon Dekoratif Lamba;Ev-Yasam;Dekorasyon;Madame Coco;8714.44;Yetiskin;66
4169;Karaca Dekorasyon Nevresim Takımı;Ev-Yasam;Dekorasyon;Karaca;1186.72;Cocuk;62
4170;Ikea Mutfak Nevresim Takımı;Ev-Yasam;Mutfak;Ikea;992.02;Yetiskin;15
4171;Tefal Mutfak Nevresim Takımı;Ev-Yasam;Mutfak;Tefal;7506.14;Yasli;32
4172;Sony Yazilim Akıllı Saat;Teknoloji;Yazilim;Sony;35540.12;Cocuk;92
4173;Karaca Konfor Dekoratif Lamba;Ev-Yasam;Konfor;Karaca;9717.86;Genc;61
4174;MSI Retro Seti;Oyun;Retro;MSI;2300.91;Yasli;85
4175;Estee Lauder Parfum Göz Kalemi;Kozmetik;Parfum;Estee Lauder;995.22;Cocuk;27
4176;H&M Aksesuar Saat;Moda;Aksesuar;H&M;3418.32;Yetiskin;39
4177;Spalding Outdoor Eşofman Takımı;Spor;Outdoor;Spalding;6437.70;Cocuk;25
4178;JBL Studyo Pikap;Muzik;Studyo;JBL;15346.99;Genc;41
4179;Gibson Studyo Enstrüman;Muzik;Studyo;Gibson;1875.92;Cocuk;78
4180;Mizuno Ekipman Spor Çantası;Spor;Ekipman;Mizuno;6176.10;Cocuk;85
4181;Levi's Sokak Stili Çanta;Moda;Sokak Stili;Levi's;1805.44;Genc;10
4182;Meguiars Guvenlik Aksesuarı;Otomobil-Aksesuar;Guvenlik;Meguiars;8501.90;Yetiskin;5
4183;Decathlon Outdoor Koşu Ayakkabısı;Spor;Outdoor;Decathlon;5754.84;Cocuk;2
4184;MAC Makyaj Nemlendirici;Kozmetik;Makyaj;MAC;1181.25;Genc;71
4185;Continental Konfor Aksesuarı;Otomobil-Aksesuar;Konfor;Continental;5751.58;Cocuk;28
4186;Nivea Bakim Ruj;Kozmetik;Bakim;Nivea;751.03;Yasli;33
4187;Arzum Konfor Dekoratif Lamba;Ev-Yasam;Konfor;Arzum;2072.63;Cocuk;74
4188;Fender Studyo Amfi;Muzik;Studyo;Fender;19397.15;Genc;25
4189;Castelli Outdoor Eşofman Takımı;Spor;Outdoor;Castelli;7224.57;Yasli;28
4190;Huawei Ev Ofis Kulaklık;Teknoloji;Ev Ofis;Huawei;2737.25;Yetiskin;32
4191;Is Bankasi Yayinlari Tarih Romanı/Kitabı;Kitap;Tarih;Is Bankasi Yayinlari;406.75;Yetiskin;22
4192;H&M Klasik Ceket;Moda;Klasik;H&M;776.32;Yasli;63
4193;Dior Bakim Ruj;Kozmetik;Bakim;Dior;1285.91;Cocuk;27
4194;Clinique Parfum Ruj;Kozmetik;Parfum;Clinique;1570.03;Yetiskin;83
4195;Zara Klasik Ceket;Moda;Klasik;Zara;4218.94;Yasli;21
4196;Maybelline Makyaj Cilt Serumu;Kozmetik;Makyaj;Maybelline;1885.85;Cocuk;24
4197;Metis Kisisel Gelisim Romanı/Kitabı;Kitap;Kisisel Gelisim;Metis;177.11;Yetiskin;43
4198;Logitech E-Spor Paketi;Oyun;E-Spor;Logitech;2758.41;Yasli;93
4199;Pioneer Konfor Aksesuarı;Otomobil-Aksesuar;Konfor;Pioneer;11936.98;Yetiskin;76
4200;Salomon Outdoor Eşofman Takımı;Spor;Outdoor;Salomon;7486.44;Genc;93
4201;3M Konfor Aksesuarı;Otomobil-Aksesuar;Konfor;3M;6160.68;Yasli;40
4202;Bose Sahne DJ Ekipmanı;Muzik;Sahne;Bose;1575.43;Genc;79
4203;LEGO Klasik Paketi;Oyuncak;Klasik;LEGO;4671.29;Genc;40
4204;Karaca Dekorasyon Kahve Makinesi;Ev-Yasam;Dekorasyon;Karaca;11771.35;Yetiskin;43
4205;Razer E-Spor Seti;Oyun;E-Spor;Razer;2540.87;Yetiskin;21
4206;Sony Yazilim Akıllı Telefon;Teknoloji;Yazilim;Sony;32872.88;Genc;91
4207;LG Mobil Yasam Tablet;Teknoloji;Mobil Yasam;LG;13409.56;Yasli;19
4208;Marshall Analog Amfi;Muzik;Analog;Marshall;24158.18;Cocuk;40
4209;Marshall Studyo Amfi;Muzik;Studyo;Marshall;24719.42;Cocuk;69
4210;Nintendo E-Spor Seti;Oyun;E-Spor;Nintendo;2331.38;Cocuk;23
4211;Mattel Klasik Seti;Oyuncak;Klasik;Mattel;4808.69;Genc;34
4212;Nintendo Yayincilik Koleksiyonu;Oyun;Yayincilik;Nintendo;784.03;Cocuk;19
4213;Estee Lauder Parfum Nemlendirici;Kozmetik;Parfum;Estee Lauder;713.57;Yetiskin;45
4214;Bosch Dekorasyon Robot Süpürge;Ev-Yasam;Dekorasyon;Bosch;5055.50;Yetiskin;55
4215;Liquitex Kirtasiye Seti;Hobi-Sanat;Kirtasiye;Liquitex;4998.28;Yetiskin;51
4216;Melissa Doug Egitici Koleksiyonu;Oyuncak;Egitici;Melissa Doug;4110.38;Cocuk;29
4217;Ithaki Tarih Romanı/Kitabı;Kitap;Tarih;Ithaki;105.72;Cocuk;65
4218;Reeves El Sanatlari Paketi;Hobi-Sanat;El Sanatlari;Reeves;2339.78;Cocuk;79
4219;Estee Lauder Bakim Cilt Serumu;Kozmetik;Bakim;Estee Lauder;633.93;Genc;65
4220;Mattel Egitici Paketi;Oyuncak;Egitici;Mattel;989.31;Yetiskin;93
4221;Moleskine Resim Seti;Hobi-Sanat;Resim;Moleskine;141.64;Genc;39
4222;Casio Studyo Pikap;Muzik;Studyo;Casio;23941.63;Yasli;94
4223;Ikea Konfor Dekoratif Lamba;Ev-Yasam;Konfor;Ikea;3546.68;Genc;74
4224;Mizuno Ekipman Koşu Ayakkabısı;Spor;Ekipman;Mizuno;7076.76;Cocuk;93
4225;Under Armour Outdoor Antrenman Ekipmanı;Spor;Outdoor;Under Armour;4704.14;Yasli;36
4226;Prada Sokak Stili Saat;Moda;Sokak Stili;Prada;3024.11;Cocuk;73
4227;Nintendo Retro Paketi;Oyun;Retro;Nintendo;1933.22;Genc;96
4228;VTech Klasik Koleksiyonu;Oyuncak;Klasik;VTech;4917.27;Cocuk;39
4229;Sennheiser Studyo DJ Ekipmanı;Muzik;Studyo;Sennheiser;13521.17;Cocuk;100
4230;Playmobil Klasik Koleksiyonu;Oyuncak;Klasik;Playmobil;392.48;Cocuk;60
4231;Castrol Arac Bakimi Aksesuarı;Otomobil-Aksesuar;Arac Bakimi;Castrol;11542.82;Yetiskin;55
4232;Puma Aksesuar Parfüm;Moda;Aksesuar;Puma;3148.13;Yasli;86
4233;HyperX Yayincilik Koleksiyonu;Oyun;Yayincilik;HyperX;2772.01;Yasli;38
4234;Pioneer Arac Bakimi Aksesuarı;Otomobil-Aksesuar;Arac Bakimi;Pioneer;6649.14;Yasli;48
4235;MSI Yayincilik Seti;Oyun;Yayincilik;MSI;4552.15;Yetiskin;65
4236;Castrol Guvenlik Aksesuarı;Otomobil-Aksesuar;Guvenlik;Castrol;2839.73;Yasli;21
4237;3M Konfor Aksesuarı;Otomobil-Aksesuar;Konfor;3M;10191.03;Yetiskin;32
4238;Xiaomi Mobil Yasam Akıllı Telefon;Teknoloji;Mobil Yasam;Xiaomi;37687.95;Genc;79
4239;Columbia Fitness Eşofman Takımı;Spor;Fitness;Columbia;5122.95;Yasli;56
4240;Pebeo Kirtasiye Seti;Hobi-Sanat;Kirtasiye;Pebeo;681.63;Yasli;34
4241;Fisher-Price Klasik Paketi;Oyuncak;Klasik;Fisher-Price;4488.99;Yetiskin;15
4242;Lancome Bakim Ruj;Kozmetik;Bakim;Lancome;1980.63;Yasli;84
4243;Fisher-Price Egitici Seti;Oyuncak;Egitici;Fisher-Price;4877.18;Genc;61
4244;3M Arac Bakimi Aksesuarı;Otomobil-Aksesuar;Arac Bakimi;3M;10135.23;Yasli;49
4245;Mattel Egitici Koleksiyonu;Oyuncak;Egitici;Mattel;4221.45;Cocuk;75
4246;JBL Sahne Amfi;Muzik;Sahne;JBL;8834.38;Genc;20
4247;Marshall Analog Amfi;Muzik;Analog;Marshall;20317.27;Yetiskin;4
4248;Sephora Parfum Nemlendirici;Kozmetik;Parfum;Sephora;1303.50;Cocuk;78
4249;Hot Wheels Aksiyon Paketi;Oyuncak;Aksiyon;Hot Wheels;3840.29;Yetiskin;79
4250;Marshall Analog Amfi;Muzik;Analog;Marshall;4803.64;Genc;61
4251;Asus Mobil Yasam Kulaklık;Teknoloji;Mobil Yasam;Asus;16701.39;Cocuk;45
4252;Lenovo Yazilim Akıllı Telefon;Teknoloji;Yazilim;Lenovo;43956.31;Genc;45
4253;Pioneer Arac Bakimi Aksesuarı;Otomobil-Aksesuar;Arac Bakimi;Pioneer;6201.19;Cocuk;84
4254;Can Yayinlari Edebiyat Romanı/Kitabı;Kitap;Edebiyat;Can Yayinlari;61.49;Cocuk;25
4255;Bridgestone Arac Bakimi Aksesuarı;Otomobil-Aksesuar;Arac Bakimi;Bridgestone;2052.31;Yasli;39
4256;MSI E-Spor Paketi;Oyun;E-Spor;MSI;4694.31;Yetiskin;65
4257;Mattel Egitici Koleksiyonu;Oyuncak;Egitici;Mattel;2659.26;Yetiskin;20
4258;Bosch Konfor Aksesuarı;Otomobil-Aksesuar;Konfor;Bosch;5323.95;Genc;32
4259;Lacoste Klasik Çanta;Moda;Klasik;Lacoste;2408.37;Genc;81
4260;LOreal Parfum Ruj;Kozmetik;Parfum;LOreal;587.39;Genc;85
4261;Corsair Retro Seti;Oyun;Retro;Corsair;2159.80;Yetiskin;98
4262;Mizuno Fitness Spor Çantası;Spor;Fitness;Mizuno;1308.14;Cocuk;31
4263;Pioneer Arac Bakimi Aksesuarı;Otomobil-Aksesuar;Arac Bakimi;Pioneer;12275.89;Yetiskin;38
4264;Prismacolor El Sanatlari Paketi;Hobi-Sanat;El Sanatlari;Prismacolor;1565.42;Cocuk;72
4265;Decathlon Fitness Spor Çantası;Spor;Fitness;Decathlon;6272.18;Genc;55
4266;Bosch Guvenlik Aksesuarı;Otomobil-Aksesuar;Guvenlik;Bosch;2620.56;Yetiskin;91
4267;Reebok Fitness Eşofman Takımı;Spor;Fitness;Reebok;6212.29;Yetiskin;12
4268;Arzum Dekorasyon Nevresim Takımı;Ev-Yasam;Dekorasyon;Arzum;4663.46;Cocuk;70
4269;Bosch Dekorasyon Dekoratif Lamba;Ev-Yasam;Dekorasyon;Bosch;9882.82;Cocuk;50
4270;Yapi Kredi Kisisel Gelisim Romanı/Kitabı;Kitap;Kisisel Gelisim;Yapi Kredi;169.90;Cocuk;17
4271;Castrol Arac Bakimi Aksesuarı;Otomobil-Aksesuar;Arac Bakimi;Castrol;5113.76;Genc;10
4272;Xiaomi Ev Ofis Akıllı Telefon;Teknoloji;Ev Ofis;Xiaomi;2169.21;Yasli;100
4273;LG Yazilim Tablet;Teknoloji;Yazilim;LG;29228.44;Yetiskin;85
4274;Bridgestone Arac Bakimi Aksesuarı;Otomobil-Aksesuar;Arac Bakimi;Bridgestone;12411.27;Genc;98
4275;Spin Master Egitici Seti;Oyuncak;Egitici;Spin Master;2318.40;Yasli;16
4276;Can Yayinlari Kisisel Gelisim Romanı/Kitabı;Kitap;Kisisel Gelisim;Can Yayinlari;141.67;Genc;73
4277;Roland Sahne Amfi;Muzik;Sahne;Roland;17657.14;Yetiskin;3
4278;Pebeo Resim Seti;Hobi-Sanat;Resim;Pebeo;4597.34;Yasli;48
4279;Beko Mutfak Robot Süpürge;Ev-Yasam;Mutfak;Beko;5097.77;Cocuk;92
4280;Corsair Retro Paketi;Oyun;Retro;Corsair;4653.92;Yasli;77
4281;H&M Sokak Stili Saat;Moda;Sokak Stili;H&M;5970.06;Genc;68
4282;LEGO Aksiyon Koleksiyonu;Oyuncak;Aksiyon;LEGO;4362.01;Genc;58
4283;Mattel Aksiyon Koleksiyonu;Oyuncak;Aksiyon;Mattel;3895.78;Genc;44
4284;Dogan Kitap Tarih Romanı/Kitabı;Kitap;Tarih;Dogan Kitap;323.31;Genc;10
4285;Prismacolor Kirtasiye Seti;Hobi-Sanat;Kirtasiye;Prismacolor;3937.97;Genc;36
4286;Spalding Ekipman Koşu Ayakkabısı;Spor;Ekipman;Spalding;5561.00;Yasli;31
4287;Apple Yazilim Akıllı Telefon;Teknoloji;Yazilim;Apple;43803.16;Yasli;89
4288;Lenovo Ev Ofis Akıllı Saat;Teknoloji;Ev Ofis;Lenovo;35766.91;Genc;3
4289;Zara Aksesuar Parfüm;Moda;Aksesuar;Zara;711.27;Genc;31
4290;Ithaki Kisisel Gelisim Romanı/Kitabı;Kitap;Kisisel Gelisim;Ithaki;309.36;Yasli;14
4291;Gucci Aksesuar Saat;Moda;Aksesuar;Gucci;2395.44;Yasli;46
4292;Goodyear Arac Bakimi Aksesuarı;Otomobil-Aksesuar;Arac Bakimi;Goodyear;14312.16;Genc;68
4293;Derwent Resim Koleksiyonu;Hobi-Sanat;Resim;Derwent;3506.10;Yetiskin;32
4294;Tefal Mutfak Dekoratif Lamba;Ev-Yasam;Mutfak;Tefal;8033.41;Yasli;20
4295;Karaca Konfor Kahve Makinesi;Ev-Yasam;Konfor;Karaca;9389.14;Genc;47
4296;H&M Aksesuar Parfüm;Moda;Aksesuar;H&M;688.47;Yasli;29
4297;Huawei Ev Ofis Akıllı Saat;Teknoloji;Ev Ofis;Huawei;27658.54;Yetiskin;76
4298;Zara Sokak Stili Saat;Moda;Sokak Stili;Zara;3860.51;Genc;99
4299;Yapi Kredi Tarih Romanı/Kitabı;Kitap;Tarih;Yapi Kredi;252.31;Cocuk;52
4300;Hasbro Aksiyon Seti;Oyuncak;Aksiyon;Hasbro;4908.21;Yasli;87
4301;Tefal Mutfak Nevresim Takımı;Ev-Yasam;Mutfak;Tefal;1294.76;Yetiskin;22
4302;Columbia Ekipman Eşofman Takımı;Spor;Ekipman;Columbia;3998.09;Genc;96
4303;Lancome Bakim Cilt Serumu;Kozmetik;Bakim;Lancome;816.89;Yasli;23
4304;SteelSeries Yayincilik Koleksiyonu;Oyun;Yayincilik;SteelSeries;1263.97;Genc;5
4305;LOreal Bakim Cilt Serumu;Kozmetik;Bakim;LOreal;417.52;Cocuk;76
4306;Hot Wheels Egitici Koleksiyonu;Oyuncak;Egitici;Hot Wheels;1882.32;Genc;74
4307;Sephora Bakim Nemlendirici;Kozmetik;Bakim;Sephora;1670.31;Yetiskin;57
4308;Nivea Parfum Cilt Serumu;Kozmetik;Parfum;Nivea;1881.98;Yetiskin;27
4309;Zara Aksesuar Parfüm;Moda;Aksesuar;Zara;4200.98;Yetiskin;62
4310;Gucci Sokak Stili Ceket;Moda;Sokak Stili;Gucci;3490.88;Yasli;61
4311;Columbia Ekipman Eşofman Takımı;Spor;Ekipman;Columbia;6017.72;Yasli;65
4312;HP Mobil Yasam Bilgisayar;Teknoloji;Mobil Yasam;HP;10391.52;Cocuk;64
4313;Bosch Guvenlik Aksesuarı;Otomobil-Aksesuar;Guvenlik;Bosch;14943.48;Genc;53
4314;LEGO Aksiyon Paketi;Oyuncak;Aksiyon;LEGO;1559.23;Yetiskin;55
4315;JBL Studyo Amfi;Muzik;Studyo;JBL;15541.67;Cocuk;62
4316;LG Mobil Yasam Bilgisayar;Teknoloji;Mobil Yasam;LG;27466.29;Yetiskin;41
4317;Liquitex Kirtasiye Paketi;Hobi-Sanat;Kirtasiye;Liquitex;2742.71;Genc;54
4318;Chanel Makyaj Nemlendirici;Kozmetik;Makyaj;Chanel;1413.95;Cocuk;99
4319;Ikea Dekorasyon Dekoratif Lamba;Ev-Yasam;Dekorasyon;Ikea;4481.62;Genc;3
4320;Canson Resim Koleksiyonu;Hobi-Sanat;Resim;Canson;2866.46;Yasli;67
4321;Chanel Parfum Nemlendirici;Kozmetik;Parfum;Chanel;1908.13;Yasli;66
4322;Corsair E-Spor Seti;Oyun;E-Spor;Corsair;4712.69;Yetiskin;19
4323;Pebeo El Sanatlari Koleksiyonu;Hobi-Sanat;El Sanatlari;Pebeo;1096.84;Cocuk;36
4324;Continental Guvenlik Aksesuarı;Otomobil-Aksesuar;Guvenlik;Continental;3517.21;Cocuk;92
4325;Dell Yazilim Tablet;Teknoloji;Yazilim;Dell;38998.52;Yasli;7
4326;Yamaha Studyo Amfi;Muzik;Studyo;Yamaha;5585.32;Yetiskin;38
4327;Chanel Bakim Nemlendirici;Kozmetik;Bakim;Chanel;931.27;Genc;35
4328;Marshall Analog Amfi;Muzik;Analog;Marshall;24239.54;Yetiskin;11
4329;Gibson Sahne DJ Ekipmanı;Muzik;Sahne;Gibson;12514.34;Cocuk;89
4330;Nvidia Yayincilik Koleksiyonu;Oyun;Yayincilik;Nvidia;4503.14;Genc;33
4331;Karaca Mutfak Kahve Makinesi;Ev-Yasam;Mutfak;Karaca;7748.23;Yasli;69
4332;LOreal Makyaj Nemlendirici;Kozmetik;Makyaj;LOreal;1953.85;Yetiskin;39
4333;Yamaha Analog Amfi;Muzik;Analog;Yamaha;11228.37;Yasli;76
4334;Maybelline Makyaj Cilt Serumu;Kozmetik;Makyaj;Maybelline;1460.52;Cocuk;42
4335;MAC Makyaj Ruj;Kozmetik;Makyaj;MAC;1676.10;Genc;19
4336;Pioneer Arac Bakimi Aksesuarı;Otomobil-Aksesuar;Arac Bakimi;Pioneer;14416.81;Genc;78
4337;Decathlon Ekipman Spor Çantası;Spor;Ekipman;Decathlon;1644.43;Genc;3
4338;Melissa Doug Aksiyon Seti;Oyuncak;Aksiyon;Melissa Doug;3285.08;Genc;40
4339;Dior Bakim Nemlendirici;Kozmetik;Bakim;Dior;1160.72;Yasli;19
4340;HP Yazilim Tablet;Teknoloji;Yazilim;HP;17146.57;Cocuk;10
4341;Everest Edebiyat Romanı/Kitabı;Kitap;Edebiyat;Everest;97.13;Genc;47
4342;Castrol Guvenlik Aksesuarı;Otomobil-Aksesuar;Guvenlik;Castrol;2392.88;Yasli;83
4343;LEGO Klasik Koleksiyonu;Oyuncak;Klasik;LEGO;481.56;Cocuk;94
4344;Fender Analog Enstrüman;Muzik;Analog;Fender;11616.70;Cocuk;49
4345;Hasbro Klasik Paketi;Oyuncak;Klasik;Hasbro;4684.43;Yetiskin;70
4346;Samsung Mobil Yasam Bilgisayar;Teknoloji;Mobil Yasam;Samsung;17437.20;Yasli;98
4347;Prada Aksesuar Çanta;Moda;Aksesuar;Prada;4754.40;Genc;91
4348;Gibson Analog Enstrüman;Muzik;Analog;Gibson;20693.72;Yasli;12
4349;Yapi Kredi Edebiyat Romanı/Kitabı;Kitap;Edebiyat;Yapi Kredi;247.50;Cocuk;31
4350;Xiaomi Ev Ofis Tablet;Teknoloji;Ev Ofis;Xiaomi;8378.71;Yetiskin;82
4351;Xiaomi Ev Ofis Akıllı Saat;Teknoloji;Ev Ofis;Xiaomi;8992.55;Yasli;43
4352;Under Armour Ekipman Eşofman Takımı;Spor;Ekipman;Under Armour;7628.66;Yasli;81
4353;Spin Master Klasik Paketi;Oyuncak;Klasik;Spin Master;197.41;Cocuk;96
4354;Is Bankasi Yayinlari Tarih Romanı/Kitabı;Kitap;Tarih;Is Bankasi Yayinlari;478.34;Yetiskin;74
4355;Apple Ev Ofis Tablet;Teknoloji;Ev Ofis;Apple;3685.80;Cocuk;27
4356;Ithaki Kisisel Gelisim Romanı/Kitabı;Kitap;Kisisel Gelisim;Ithaki;164.91;Cocuk;94
4357;Sennheiser Analog Enstrüman;Muzik;Analog;Sennheiser;6657.46;Yasli;79
4358;Decathlon Outdoor Koşu Ayakkabısı;Spor;Outdoor;Decathlon;562.79;Yasli;23
4359;Pegasus Kisisel Gelisim Romanı/Kitabı;Kitap;Kisisel Gelisim;Pegasus;354.18;Yasli;30
4360;Faber-Castell Resim Paketi;Hobi-Sanat;Resim;Faber-Castell;1313.11;Genc;70
4361;Derwent El Sanatlari Paketi;Hobi-Sanat;El Sanatlari;Derwent;1949.62;Yasli;86
4362;Is Bankasi Yayinlari Edebiyat Romanı/Kitabı;Kitap;Edebiyat;Is Bankasi Yayinlari;248.61;Genc;84
4363;Everest Edebiyat Romanı/Kitabı;Kitap;Edebiyat;Everest;79.94;Yasli;11
4364;Prada Aksesuar Ceket;Moda;Aksesuar;Prada;2289.92;Yetiskin;2
4365;LG Ev Ofis Bilgisayar;Teknoloji;Ev Ofis;LG;37811.68;Yetiskin;75
4366;Lancome Bakim Cilt Serumu;Kozmetik;Bakim;Lancome;1437.51;Yetiskin;82
4367;Huawei Mobil Yasam Kulaklık;Teknoloji;Mobil Yasam;Huawei;25013.87;Yetiskin;47
4368;Logitech E-Spor Paketi;Oyun;E-Spor;Logitech;186.40;Genc;2
4369;Nvidia E-Spor Paketi;Oyun;E-Spor;Nvidia;1916.72;Yasli;79
4370;Zowie Yayincilik Paketi;Oyun;Yayincilik;Zowie;3652.94;Cocuk;28
4371;Nvidia Retro Paketi;Oyun;Retro;Nvidia;2432.10;Yasli;59
4372;Prada Sokak Stili Parfüm;Moda;Sokak Stili;Prada;3956.01;Cocuk;63
4373;Derwent El Sanatlari Koleksiyonu;Hobi-Sanat;El Sanatlari;Derwent;3328.88;Yasli;20
4374;Zowie E-Spor Paketi;Oyun;E-Spor;Zowie;1007.90;Yasli;13
4375;Bosch Konfor Aksesuarı;Otomobil-Aksesuar;Konfor;Bosch;6428.84;Yasli;18
4376;Liquitex Kirtasiye Koleksiyonu;Hobi-Sanat;Kirtasiye;Liquitex;502.90;Yasli;65
4377;SteelSeries E-Spor Koleksiyonu;Oyun;E-Spor;SteelSeries;1641.21;Yasli;91
4378;Huawei Ev Ofis Bilgisayar;Teknoloji;Ev Ofis;Huawei;34349.97;Yasli;78
4379;Spin Master Klasik Paketi;Oyuncak;Klasik;Spin Master;2106.69;Cocuk;82
4380;Sennheiser Studyo Enstrüman;Muzik;Studyo;Sennheiser;21162.81;Genc;62
4381;Chanel Parfum Göz Kalemi;Kozmetik;Parfum;Chanel;280.04;Cocuk;21
4382;Meguiars Guvenlik Aksesuarı;Otomobil-Aksesuar;Guvenlik;Meguiars;3344.19;Yetiskin;72
4383;Burberry Klasik Parfüm;Moda;Klasik;Burberry;1432.14;Yasli;7
4384;Melissa Doug Egitici Koleksiyonu;Oyuncak;Egitici;Melissa Doug;1080.68;Yetiskin;89
4385;Casio Sahne Amfi;Muzik;Sahne;Casio;19870.31;Cocuk;41
4386;H&M Sokak Stili Gözlük;Moda;Sokak Stili;H&M;4904.95;Genc;23
4387;LOreal Makyaj Nemlendirici;Kozmetik;Makyaj;LOreal;790.80;Cocuk;59
4388;Huawei Ev Ofis Bilgisayar;Teknoloji;Ev Ofis;Huawei;29036.61;Cocuk;82
4389;Dogan Kitap Kisisel Gelisim Romanı/Kitabı;Kitap;Kisisel Gelisim;Dogan Kitap;193.08;Yetiskin;42
4390;Nvidia Yayincilik Koleksiyonu;Oyun;Yayincilik;Nvidia;1865.32;Yasli;47
4391;Spalding Ekipman Eşofman Takımı;Spor;Ekipman;Spalding;1869.69;Genc;11
4392;Logitech E-Spor Koleksiyonu;Oyun;E-Spor;Logitech;2819.73;Yasli;80
4393;Pioneer Konfor Aksesuarı;Otomobil-Aksesuar;Konfor;Pioneer;1628.60;Cocuk;54
4394;Decathlon Ekipman Eşofman Takımı;Spor;Ekipman;Decathlon;7185.89;Cocuk;46
4395;Metis Kisisel Gelisim Romanı/Kitabı;Kitap;Kisisel Gelisim;Metis;298.75;Cocuk;11
4396;Spalding Fitness Eşofman Takımı;Spor;Fitness;Spalding;683.99;Yasli;22
4397;HyperX Yayincilik Seti;Oyun;Yayincilik;HyperX;3743.30;Yetiskin;11
4398;H&M Aksesuar Gözlük;Moda;Aksesuar;H&M;2010.68;Cocuk;54
4399;Adidas Aksesuar Saat;Moda;Aksesuar;Adidas;1013.00;Cocuk;38
4400;Everest Edebiyat Romanı/Kitabı;Kitap;Edebiyat;Everest;242.29;Yetiskin;100
4401;Spalding Fitness Spor Çantası;Spor;Fitness;Spalding;1553.99;Cocuk;4
4402;Casio Studyo Enstrüman;Muzik;Studyo;Casio;21387.14;Yetiskin;21
4403;Salomon Ekipman Eşofman Takımı;Spor;Ekipman;Salomon;6588.63;Cocuk;51
4404;Asus Ev Ofis Tablet;Teknoloji;Ev Ofis;Asus;5371.98;Yetiskin;10
4405;Castrol Guvenlik Aksesuarı;Otomobil-Aksesuar;Guvenlik;Castrol;11993.15;Yasli;38
4406;Marshall Studyo DJ Ekipmanı;Muzik;Studyo;Marshall;21595.98;Cocuk;29
4407;MGA Entertainment Klasik Koleksiyonu;Oyuncak;Klasik;MGA Entertainment;4178.02;Yetiskin;30
4408;Derwent El Sanatlari Seti;Hobi-Sanat;El Sanatlari;Derwent;2813.22;Yetiskin;47
4409;Burberry Aksesuar Gözlük;Moda;Aksesuar;Burberry;4107.01;Yasli;55
4410;Columbia Fitness Koşu Ayakkabısı;Spor;Fitness;Columbia;7657.29;Yasli;7
4411;Is Bankasi Yayinlari Kisisel Gelisim Romanı/Kitabı;Kitap;Kisisel Gelisim;Is Bankasi Yayinlari;305.51;Yetiskin;13
4412;Mattel Egitici Seti;Oyuncak;Egitici;Mattel;2421.36;Yasli;17
4413;MGA Entertainment Klasik Koleksiyonu;Oyuncak;Klasik;MGA Entertainment;2238.22;Cocuk;62
4414;MGA Entertainment Aksiyon Paketi;Oyuncak;Aksiyon;MGA Entertainment;4950.49;Yasli;25
4415;Yamaha Sahne Pikap;Muzik;Sahne;Yamaha;16966.19;Yasli;8
4416;North Face Fitness Eşofman Takımı;Spor;Fitness;North Face;1340.64;Yetiskin;33
4417;Sennheiser Studyo DJ Ekipmanı;Muzik;Studyo;Sennheiser;14004.88;Yasli;2
4418;Meguiars Konfor Aksesuarı;Otomobil-Aksesuar;Konfor;Meguiars;9187.82;Genc;51
4419;Melissa Doug Egitici Koleksiyonu;Oyuncak;Egitici;Melissa Doug;3985.88;Cocuk;82
4420;Maybelline Bakim Nemlendirici;Kozmetik;Bakim;Maybelline;1831.18;Yetiskin;60
4421;Zara Aksesuar Saat;Moda;Aksesuar;Zara;899.82;Yetiskin;25
4422;Canson El Sanatlari Paketi;Hobi-Sanat;El Sanatlari;Canson;190.22;Yetiskin;66
4423;Pebeo El Sanatlari Paketi;Hobi-Sanat;El Sanatlari;Pebeo;887.72;Cocuk;9
4424;Ikea Dekorasyon Kahve Makinesi;Ev-Yasam;Dekorasyon;Ikea;5090.76;Yasli;86
4425;Daler Rowney Resim Seti;Hobi-Sanat;Resim;Daler Rowney;1922.68;Cocuk;19
4426;Fisher-Price Klasik Koleksiyonu;Oyuncak;Klasik;Fisher-Price;4876.33;Yasli;57
4427;Faber-Castell Kirtasiye Paketi;Hobi-Sanat;Kirtasiye;Faber-Castell;297.77;Yetiskin;23
4428;Castelli Fitness Spor Çantası;Spor;Fitness;Castelli;7695.00;Yasli;86
4429;Spin Master Aksiyon Koleksiyonu;Oyuncak;Aksiyon;Spin Master;2771.99;Yasli;83
4430;Maybelline Makyaj Göz Kalemi;Kozmetik;Makyaj;Maybelline;1725.70;Genc;54
4431;Moleskine Kirtasiye Koleksiyonu;Hobi-Sanat;Kirtasiye;Moleskine;2634.78;Yetiskin;30
4432;Spalding Outdoor Eşofman Takımı;Spor;Outdoor;Spalding;2918.24;Genc;58
4433;HyperX Retro Paketi;Oyun;Retro;HyperX;250.79;Yasli;62
4434;Daler Rowney Resim Paketi;Hobi-Sanat;Resim;Daler Rowney;1387.21;Yasli;67
4435;HyperX Retro Seti;Oyun;Retro;HyperX;597.89;Cocuk;74
4436;Razer Retro Seti;Oyun;Retro;Razer;1910.63;Yasli;64
4437;Apple Mobil Yasam Tablet;Teknoloji;Mobil Yasam;Apple;3058.79;Cocuk;87
4438;Michelin Konfor Aksesuarı;Otomobil-Aksesuar;Konfor;Michelin;4573.66;Yetiskin;72
4439;Castelli Outdoor Spor Çantası;Spor;Outdoor;Castelli;5685.97;Yasli;62
4440;Hasbro Egitici Koleksiyonu;Oyuncak;Egitici;Hasbro;3238.69;Yetiskin;67
4441;Asus Yazilim Kulaklık;Teknoloji;Yazilim;Asus;28158.80;Yetiskin;73
4442;Puma Aksesuar Saat;Moda;Aksesuar;Puma;4224.49;Cocuk;34
4443;Everest Tarih Romanı/Kitabı;Kitap;Tarih;Everest;458.69;Yetiskin;76
4444;Winsor Newton Kirtasiye Seti;Hobi-Sanat;Kirtasiye;Winsor Newton;2241.62;Cocuk;70
4445;Corsair Yayincilik Seti;Oyun;Yayincilik;Corsair;559.07;Cocuk;30
4446;Gibson Analog DJ Ekipmanı;Muzik;Analog;Gibson;23930.41;Yasli;55
4447;VTech Aksiyon Seti;Oyuncak;Aksiyon;VTech;3849.04;Cocuk;64
4448;MSI Yayincilik Seti;Oyun;Yayincilik;MSI;1482.25;Yasli;4
4449;HyperX Retro Seti;Oyun;Retro;HyperX;225.59;Cocuk;32
4450;Sparco Guvenlik Aksesuarı;Otomobil-Aksesuar;Guvenlik;Sparco;11295.76;Genc;95
4451;Apple Yazilim Akıllı Telefon;Teknoloji;Yazilim;Apple;35753.66;Yetiskin;78
4452;Pegasus Kisisel Gelisim Romanı/Kitabı;Kitap;Kisisel Gelisim;Pegasus;275.88;Genc;59
4453;LOreal Makyaj Ruj;Kozmetik;Makyaj;LOreal;1696.84;Genc;89
4454;Fender Analog Enstrüman;Muzik;Analog;Fender;5384.56;Yasli;12
4455;Mizuno Fitness Koşu Ayakkabısı;Spor;Fitness;Mizuno;2587.65;Yasli;28
4456;Nvidia Yayincilik Seti;Oyun;Yayincilik;Nvidia;4883.00;Yasli;13
4457;Nivea Makyaj Göz Kalemi;Kozmetik;Makyaj;Nivea;1427.20;Yetiskin;52
4458;Sennheiser Studyo Enstrüman;Muzik;Studyo;Sennheiser;4822.36;Genc;8
4459;Reebok Fitness Spor Çantası;Spor;Fitness;Reebok;5555.69;Genc;73
4460;Logitech Yayincilik Koleksiyonu;Oyun;Yayincilik;Logitech;3261.13;Cocuk;13
4461;Levi's Aksesuar Parfüm;Moda;Aksesuar;Levi's;5283.03;Yasli;13
4462;Fender Studyo Enstrüman;Muzik;Studyo;Fender;5482.87;Yasli;75
4463;Puma Aksesuar Parfüm;Moda;Aksesuar;Puma;1094.67;Yasli;3
4464;HP Mobil Yasam Akıllı Telefon;Teknoloji;Mobil Yasam;HP;17639.10;Yasli;13
4465;Michelin Guvenlik Aksesuarı;Otomobil-Aksesuar;Guvenlik;Michelin;14593.72;Yasli;62
4466;Philips Konfor Nevresim Takımı;Ev-Yasam;Konfor;Philips;4905.18;Genc;19
4467;Lenovo Ev Ofis Tablet;Teknoloji;Ev Ofis;Lenovo;6109.20;Yasli;2
4468;Ikea Dekorasyon Nevresim Takımı;Ev-Yasam;Dekorasyon;Ikea;11382.80;Genc;17
4469;Reebok Outdoor Antrenman Ekipmanı;Spor;Outdoor;Reebok;1274.56;Yetiskin;43
4470;Razer E-Spor Seti;Oyun;E-Spor;Razer;1848.32;Cocuk;73
4471;Casio Studyo Amfi;Muzik;Studyo;Casio;23146.31;Genc;22
4472;Nike Klasik Parfüm;Moda;Klasik;Nike;2278.35;Genc;97
4473;Zowie E-Spor Seti;Oyun;E-Spor;Zowie;2028.77;Cocuk;55
4474;Sony Mobil Yasam Tablet;Teknoloji;Mobil Yasam;Sony;41074.08;Yasli;36
4475;Dogan Kitap Edebiyat Romanı/Kitabı;Kitap;Edebiyat;Dogan Kitap;322.91;Cocuk;29
4476;Fisher-Price Egitici Paketi;Oyuncak;Egitici;Fisher-Price;458.62;Yetiskin;100
4477;Pasabahce Konfor Robot Süpürge;Ev-Yasam;Konfor;Pasabahce;5546.88;Genc;30
4478;Columbia Fitness Koşu Ayakkabısı;Spor;Fitness;Columbia;3738.45;Yetiskin;90
4479;Prismacolor Resim Seti;Hobi-Sanat;Resim;Prismacolor;4800.93;Cocuk;32
4480;Winsor Newton Kirtasiye Seti;Hobi-Sanat;Kirtasiye;Winsor Newton;2113.09;Genc;87
4481;Decathlon Ekipman Antrenman Ekipmanı;Spor;Ekipman;Decathlon;1540.25;Yasli;55
4482;LEGO Egitici Paketi;Oyuncak;Egitici;LEGO;4343.27;Genc;83
4483;Karaca Konfor Dekoratif Lamba;Ev-Yasam;Konfor;Karaca;3650.16;Cocuk;71
4484;Zowie Retro Koleksiyonu;Oyun;Retro;Zowie;1544.27;Yetiskin;59
4485;Pioneer Konfor Aksesuarı;Otomobil-Aksesuar;Konfor;Pioneer;14397.37;Cocuk;55
4486;Hasbro Aksiyon Paketi;Oyuncak;Aksiyon;Hasbro;1405.97;Genc;25
4487;Zara Aksesuar Saat;Moda;Aksesuar;Zara;3380.34;Genc;60
4488;Hasbro Egitici Koleksiyonu;Oyuncak;Egitici;Hasbro;3552.84;Cocuk;50
4489;Pegasus Edebiyat Romanı/Kitabı;Kitap;Edebiyat;Pegasus;255.38;Cocuk;62
4490;Mizuno Outdoor Eşofman Takımı;Spor;Outdoor;Mizuno;1643.68;Cocuk;17
4491;Can Yayinlari Edebiyat Romanı/Kitabı;Kitap;Edebiyat;Can Yayinlari;128.95;Genc;92
4492;Zara Sokak Stili Çanta;Moda;Sokak Stili;Zara;5539.84;Yetiskin;58
4493;Logitech Yayincilik Paketi;Oyun;Yayincilik;Logitech;620.41;Yetiskin;40
4494;Liquitex El Sanatlari Koleksiyonu;Hobi-Sanat;El Sanatlari;Liquitex;1227.07;Genc;35
4495;English Home Mutfak Dekoratif Lamba;Ev-Yasam;Mutfak;English Home;7911.83;Cocuk;53
4496;Nivea Makyaj Cilt Serumu;Kozmetik;Makyaj;Nivea;1349.19;Yasli;27
4497;Lacoste Klasik Parfüm;Moda;Klasik;Lacoste;2231.92;Yasli;22
4498;Decathlon Outdoor Eşofman Takımı;Spor;Outdoor;Decathlon;1201.17;Yetiskin;81
4499;Moleskine Resim Seti;Hobi-Sanat;Resim;Moleskine;204.14;Genc;82
4500;Reeves Resim Paketi;Hobi-Sanat;Resim;Reeves;228.06;Yasli;33
4501;Pegasus Tarih Romanı/Kitabı;Kitap;Tarih;Pegasus;399.41;Cocuk;96
4502;Continental Guvenlik Aksesuarı;Otomobil-Aksesuar;Guvenlik;Continental;5795.66;Yasli;17
4503;Casio Analog Amfi;Muzik;Analog;Casio;7156.20;Yetiskin;9
4504;Pioneer Guvenlik Aksesuarı;Otomobil-Aksesuar;Guvenlik;Pioneer;10252.90;Cocuk;25
4505;Clinique Parfum Ruj;Kozmetik;Parfum;Clinique;1668.80;Yasli;52
4506;MGA Entertainment Egitici Koleksiyonu;Oyuncak;Egitici;MGA Entertainment;1533.43;Yasli;6
4507;Goodyear Guvenlik Aksesuarı;Otomobil-Aksesuar;Guvenlik;Goodyear;7731.82;Genc;69
4508;Burberry Sokak Stili Çanta;Moda;Sokak Stili;Burberry;1794.76;Yasli;64
4509;Daler Rowney Kirtasiye Paketi;Hobi-Sanat;Kirtasiye;Daler Rowney;2122.79;Yasli;40
4510;MSI E-Spor Paketi;Oyun;E-Spor;MSI;2157.30;Yetiskin;67
4511;Bridgestone Konfor Aksesuarı;Otomobil-Aksesuar;Konfor;Bridgestone;12030.06;Yasli;56
4512;Xiaomi Ev Ofis Bilgisayar;Teknoloji;Ev Ofis;Xiaomi;18308.64;Yetiskin;78
4513;Nike Aksesuar Gözlük;Moda;Aksesuar;Nike;1364.94;Cocuk;67
4514;Nintendo Retro Koleksiyonu;Oyun;Retro;Nintendo;2148.09;Yetiskin;7
4515;Burberry Klasik Çanta;Moda;Klasik;Burberry;5791.57;Yetiskin;21
4516;Bosch Konfor Aksesuarı;Otomobil-Aksesuar;Konfor;Bosch;7913.57;Yetiskin;38
4517;North Face Ekipman Spor Çantası;Spor;Ekipman;North Face;7611.02;Cocuk;1
4518;LG Ev Ofis Bilgisayar;Teknoloji;Ev Ofis;LG;18163.48;Genc;19
4519;Prada Klasik Gözlük;Moda;Klasik;Prada;1278.26;Genc;90
4520;Bosch Arac Bakimi Aksesuarı;Otomobil-Aksesuar;Arac Bakimi;Bosch;3861.68;Genc;17
4521;Michelin Arac Bakimi Aksesuarı;Otomobil-Aksesuar;Arac Bakimi;Michelin;14689.96;Genc;26
4522;Roland Analog Pikap;Muzik;Analog;Roland;22846.40;Genc;89
4523;Fender Studyo Enstrüman;Muzik;Studyo;Fender;20225.20;Yasli;19
4524;Moleskine Resim Koleksiyonu;Hobi-Sanat;Resim;Moleskine;3156.05;Yasli;8
4525;Canson Resim Seti;Hobi-Sanat;Resim;Canson;3125.51;Yasli;2
4526;Arzum Konfor Robot Süpürge;Ev-Yasam;Konfor;Arzum;7278.81;Genc;2
4527;MSI Yayincilik Seti;Oyun;Yayincilik;MSI;3196.67;Yetiskin;25
4528;Clinique Parfum Nemlendirici;Kozmetik;Parfum;Clinique;889.24;Yetiskin;61
4529;HP Mobil Yasam Tablet;Teknoloji;Mobil Yasam;HP;35415.95;Yetiskin;39
4530;Gibson Analog DJ Ekipmanı;Muzik;Analog;Gibson;11000.22;Cocuk;100
4531;Playmobil Klasik Seti;Oyuncak;Klasik;Playmobil;700.76;Yetiskin;22
4532;Bosch Konfor Aksesuarı;Otomobil-Aksesuar;Konfor;Bosch;11660.03;Genc;11
4533;Dior Bakim Cilt Serumu;Kozmetik;Bakim;Dior;1700.63;Yetiskin;23
4534;Iletisim Tarih Romanı/Kitabı;Kitap;Tarih;Iletisim;340.30;Genc;8
4535;Metis Tarih Romanı/Kitabı;Kitap;Tarih;Metis;282.45;Genc;100
4536;Zowie Retro Paketi;Oyun;Retro;Zowie;207.75;Genc;19
4537;Bosch Mutfak Kahve Makinesi;Ev-Yasam;Mutfak;Bosch;8446.58;Yetiskin;11
4538;Chanel Parfum Nemlendirici;Kozmetik;Parfum;Chanel;1113.42;Genc;2
4539;Pebeo Kirtasiye Seti;Hobi-Sanat;Kirtasiye;Pebeo;4631.31;Yasli;23
4540;Chanel Bakim Ruj;Kozmetik;Bakim;Chanel;1709.90;Yetiskin;91
4541;Castrol Arac Bakimi Aksesuarı;Otomobil-Aksesuar;Arac Bakimi;Castrol;13191.53;Genc;46
4542;Sennheiser Analog DJ Ekipmanı;Muzik;Analog;Sennheiser;24649.04;Yasli;71
4543;Bosch Guvenlik Aksesuarı;Otomobil-Aksesuar;Guvenlik;Bosch;800.73;Genc;20
4544;MGA Entertainment Egitici Paketi;Oyuncak;Egitici;MGA Entertainment;4254.55;Yetiskin;20
4545;Dell Ev Ofis Akıllı Telefon;Teknoloji;Ev Ofis;Dell;23516.26;Yetiskin;86
4546;Madame Coco Konfor Robot Süpürge;Ev-Yasam;Konfor;Madame Coco;7797.69;Yasli;73
4547;Michelin Arac Bakimi Aksesuarı;Otomobil-Aksesuar;Arac Bakimi;Michelin;2384.03;Genc;88
4548;Levi's Klasik Gözlük;Moda;Klasik;Levi's;953.69;Yasli;95
4549;Sony Yazilim Akıllı Saat;Teknoloji;Yazilim;Sony;28343.79;Genc;90
4550;Logitech E-Spor Seti;Oyun;E-Spor;Logitech;1396.55;Cocuk;1
4551;Dell Ev Ofis Tablet;Teknoloji;Ev Ofis;Dell;24443.68;Cocuk;5
4552;Mattel Aksiyon Seti;Oyuncak;Aksiyon;Mattel;4898.63;Cocuk;12
4553;Michelin Arac Bakimi Aksesuarı;Otomobil-Aksesuar;Arac Bakimi;Michelin;8628.90;Yetiskin;72
4554;Canson El Sanatlari Paketi;Hobi-Sanat;El Sanatlari;Canson;2767.67;Yetiskin;45
4555;Melissa Doug Egitici Koleksiyonu;Oyuncak;Egitici;Melissa Doug;350.95;Cocuk;25
4556;Hasbro Klasik Koleksiyonu;Oyuncak;Klasik;Hasbro;2188.87;Cocuk;8
4557;Karaca Dekorasyon Dekoratif Lamba;Ev-Yasam;Dekorasyon;Karaca;795.00;Yasli;44
4558;Decathlon Fitness Antrenman Ekipmanı;Spor;Fitness;Decathlon;3564.00;Cocuk;33
4559;Bridgestone Guvenlik Aksesuarı;Otomobil-Aksesuar;Guvenlik;Bridgestone;8430.61;Genc;6
4560;MAC Parfum Nemlendirici;Kozmetik;Parfum;MAC;1426.51;Yetiskin;53
4561;Columbia Ekipman Eşofman Takımı;Spor;Ekipman;Columbia;1234.37;Cocuk;11
4562;Yamaha Analog Amfi;Muzik;Analog;Yamaha;22247.06;Yetiskin;4
4563;Pegasus Edebiyat Romanı/Kitabı;Kitap;Edebiyat;Pegasus;363.69;Genc;28
4564;SteelSeries Yayincilik Seti;Oyun;Yayincilik;SteelSeries;4574.72;Yetiskin;54
4565;Spin Master Aksiyon Koleksiyonu;Oyuncak;Aksiyon;Spin Master;441.53;Cocuk;14
4566;Zowie E-Spor Koleksiyonu;Oyun;E-Spor;Zowie;4636.46;Cocuk;31
4567;Marshall Studyo Amfi;Muzik;Studyo;Marshall;11228.40;Yasli;65
4568;Levi's Klasik Gözlük;Moda;Klasik;Levi's;854.70;Yetiskin;76
4569;Castelli Outdoor Koşu Ayakkabısı;Spor;Outdoor;Castelli;2443.68;Cocuk;16
4570;Alfa Yayinlari Kisisel Gelisim Romanı/Kitabı;Kitap;Kisisel Gelisim;Alfa Yayinlari;331.31;Genc;15
4571;Bridgestone Arac Bakimi Aksesuarı;Otomobil-Aksesuar;Arac Bakimi;Bridgestone;10483.68;Genc;3
4572;Pioneer Guvenlik Aksesuarı;Otomobil-Aksesuar;Guvenlik;Pioneer;1356.98;Yetiskin;3
4573;Corsair Retro Koleksiyonu;Oyun;Retro;Corsair;1200.55;Yetiskin;14
4574;LEGO Klasik Paketi;Oyuncak;Klasik;LEGO;3834.72;Genc;10
4575;Arzum Dekorasyon Dekoratif Lamba;Ev-Yasam;Dekorasyon;Arzum;4874.18;Genc;68
4576;Ikea Konfor Dekoratif Lamba;Ev-Yasam;Konfor;Ikea;9956.46;Yasli;53
4577;Gucci Aksesuar Ceket;Moda;Aksesuar;Gucci;466.13;Yasli;23
4578;Canson Kirtasiye Koleksiyonu;Hobi-Sanat;Kirtasiye;Canson;1255.34;Genc;68
4579;Huawei Ev Ofis Akıllı Saat;Teknoloji;Ev Ofis;Huawei;30404.50;Yetiskin;95
4580;Beko Dekorasyon Dekoratif Lamba;Ev-Yasam;Dekorasyon;Beko;1525.28;Yetiskin;43
4581;MGA Entertainment Egitici Koleksiyonu;Oyuncak;Egitici;MGA Entertainment;254.06;Yetiskin;69
4582;Estee Lauder Parfum Nemlendirici;Kozmetik;Parfum;Estee Lauder;514.15;Yetiskin;91
4583;Salomon Outdoor Eşofman Takımı;Spor;Outdoor;Salomon;5540.08;Yasli;46
4584;VTech Egitici Paketi;Oyuncak;Egitici;VTech;3690.13;Yetiskin;77
4585;Xiaomi Ev Ofis Akıllı Telefon;Teknoloji;Ev Ofis;Xiaomi;30629.84;Cocuk;56
4586;Clinique Makyaj Nemlendirici;Kozmetik;Makyaj;Clinique;1388.73;Yetiskin;1
4587;Levi's Sokak Stili Ceket;Moda;Sokak Stili;Levi's;4739.92;Yasli;51
4588;Huawei Ev Ofis Kulaklık;Teknoloji;Ev Ofis;Huawei;22642.87;Genc;55
4589;Nvidia E-Spor Seti;Oyun;E-Spor;Nvidia;1606.25;Yasli;20
4590;Zara Klasik Çanta;Moda;Klasik;Zara;1738.36;Yasli;80
4591;Iletisim Edebiyat Romanı/Kitabı;Kitap;Edebiyat;Iletisim;167.55;Yasli;37
4592;HP Mobil Yasam Kulaklık;Teknoloji;Mobil Yasam;HP;43794.46;Yasli;97
4593;Madame Coco Konfor Nevresim Takımı;Ev-Yasam;Konfor;Madame Coco;8454.93;Genc;98
4594;Continental Arac Bakimi Aksesuarı;Otomobil-Aksesuar;Arac Bakimi;Continental;400.20;Cocuk;50
4595;Nivea Makyaj Nemlendirici;Kozmetik;Makyaj;Nivea;1110.09;Genc;87
4596;Estee Lauder Makyaj Göz Kalemi;Kozmetik;Makyaj;Estee Lauder;1097.82;Genc;32
4597;HP Ev Ofis Kulaklık;Teknoloji;Ev Ofis;HP;23360.74;Cocuk;77
4598;Moleskine Resim Paketi;Hobi-Sanat;Resim;Moleskine;1883.57;Genc;78
4599;Zowie Retro Koleksiyonu;Oyun;Retro;Zowie;333.84;Yasli;21
4600;Xiaomi Mobil Yasam Kulaklık;Teknoloji;Mobil Yasam;Xiaomi;15270.50;Yetiskin;61
4601;Clinique Parfum Cilt Serumu;Kozmetik;Parfum;Clinique;1022.34;Cocuk;62
4602;Melissa Doug Klasik Seti;Oyuncak;Klasik;Melissa Doug;2065.75;Cocuk;76
4603;MSI Retro Koleksiyonu;Oyun;Retro;MSI;710.05;Cocuk;63
4604;Estee Lauder Bakim Cilt Serumu;Kozmetik;Bakim;Estee Lauder;680.39;Cocuk;21
4605;Bridgestone Konfor Aksesuarı;Otomobil-Aksesuar;Konfor;Bridgestone;2870.22;Yasli;50
4606;Hot Wheels Aksiyon Koleksiyonu;Oyuncak;Aksiyon;Hot Wheels;4326.89;Genc;62
4607;Under Armour Outdoor Antrenman Ekipmanı;Spor;Outdoor;Under Armour;5990.04;Cocuk;22
4608;MSI Yayincilik Koleksiyonu;Oyun;Yayincilik;MSI;1139.53;Yetiskin;5
4609;Pioneer Arac Bakimi Aksesuarı;Otomobil-Aksesuar;Arac Bakimi;Pioneer;12186.71;Yasli;90
4610;Hot Wheels Klasik Paketi;Oyuncak;Klasik;Hot Wheels;3176.66;Genc;62
4611;Sony Ev Ofis Kulaklık;Teknoloji;Ev Ofis;Sony;33353.47;Yasli;61
4612;Alfa Yayinlari Tarih Romanı/Kitabı;Kitap;Tarih;Alfa Yayinlari;444.99;Yasli;82
4613;Is Bankasi Yayinlari Edebiyat Romanı/Kitabı;Kitap;Edebiyat;Is Bankasi Yayinlari;174.92;Genc;4
4614;Reebok Fitness Eşofman Takımı;Spor;Fitness;Reebok;7773.54;Yasli;28
4615;Arzum Konfor Dekoratif Lamba;Ev-Yasam;Konfor;Arzum;2158.98;Cocuk;60
4616;Razer Yayincilik Koleksiyonu;Oyun;Yayincilik;Razer;4161.66;Cocuk;39
4617;English Home Dekorasyon Nevresim Takımı;Ev-Yasam;Dekorasyon;English Home;1988.77;Cocuk;75
4618;HyperX Retro Paketi;Oyun;Retro;HyperX;3974.93;Yetiskin;79
4619;Xiaomi Yazilim Kulaklık;Teknoloji;Yazilim;Xiaomi;5118.06;Cocuk;18
4620;LEGO Egitici Seti;Oyuncak;Egitici;LEGO;4813.74;Yasli;91
4621;Mizuno Fitness Koşu Ayakkabısı;Spor;Fitness;Mizuno;4239.23;Genc;84
4622;Logitech E-Spor Koleksiyonu;Oyun;E-Spor;Logitech;584.05;Genc;29
4623;Reebok Outdoor Koşu Ayakkabısı;Spor;Outdoor;Reebok;3121.47;Yasli;100
4624;Philips Dekorasyon Nevresim Takımı;Ev-Yasam;Dekorasyon;Philips;9051.65;Yasli;88
4625;Razer Retro Seti;Oyun;Retro;Razer;4751.62;Cocuk;96
4626;Liquitex El Sanatlari Koleksiyonu;Hobi-Sanat;El Sanatlari;Liquitex;2087.72;Genc;18
4627;Logitech Retro Seti;Oyun;Retro;Logitech;2935.77;Yetiskin;18
4628;Goodyear Guvenlik Aksesuarı;Otomobil-Aksesuar;Guvenlik;Goodyear;11751.24;Cocuk;45
4629;LG Yazilim Tablet;Teknoloji;Yazilim;LG;9346.24;Yetiskin;69
4630;Razer Retro Paketi;Oyun;Retro;Razer;2875.98;Genc;57
4631;MAC Bakim Nemlendirici;Kozmetik;Bakim;MAC;166.86;Yasli;89
4632;MGA Entertainment Aksiyon Koleksiyonu;Oyuncak;Aksiyon;MGA Entertainment;1707.23;Yetiskin;49
4633;Bose Sahne Amfi;Muzik;Sahne;Bose;22289.55;Yasli;97
4634;Playmobil Klasik Paketi;Oyuncak;Klasik;Playmobil;2887.40;Yetiskin;29
4635;Bose Sahne Amfi;Muzik;Sahne;Bose;1039.61;Cocuk;85
4636;Huawei Mobil Yasam Akıllı Saat;Teknoloji;Mobil Yasam;Huawei;7548.41;Genc;6
4637;Tefal Dekorasyon Robot Süpürge;Ev-Yasam;Dekorasyon;Tefal;1537.32;Genc;19
4638;Everest Tarih Romanı/Kitabı;Kitap;Tarih;Everest;160.56;Yasli;46
4639;Gucci Klasik Parfüm;Moda;Klasik;Gucci;3112.28;Yasli;49
4640;Pioneer Konfor Aksesuarı;Otomobil-Aksesuar;Konfor;Pioneer;8721.57;Yetiskin;88
4641;Alfa Yayinlari Edebiyat Romanı/Kitabı;Kitap;Edebiyat;Alfa Yayinlari;86.64;Genc;50
4642;HP Mobil Yasam Kulaklık;Teknoloji;Mobil Yasam;HP;7319.10;Yasli;25
4643;Bridgestone Guvenlik Aksesuarı;Otomobil-Aksesuar;Guvenlik;Bridgestone;5663.64;Genc;37
4644;Ithaki Tarih Romanı/Kitabı;Kitap;Tarih;Ithaki;340.61;Yetiskin;84
4645;Prada Sokak Stili Ceket;Moda;Sokak Stili;Prada;1014.18;Yetiskin;37
4646;Bridgestone Konfor Aksesuarı;Otomobil-Aksesuar;Konfor;Bridgestone;2102.47;Yasli;33
4647;MAC Makyaj Nemlendirici;Kozmetik;Makyaj;MAC;396.09;Cocuk;75
4648;Castrol Guvenlik Aksesuarı;Otomobil-Aksesuar;Guvenlik;Castrol;10476.88;Yetiskin;6
4649;Pebeo El Sanatlari Paketi;Hobi-Sanat;El Sanatlari;Pebeo;2292.40;Yetiskin;11
4650;Yamaha Studyo Amfi;Muzik;Studyo;Yamaha;6622.96;Yasli;78
4651;Beko Konfor Kahve Makinesi;Ev-Yasam;Konfor;Beko;650.93;Yasli;27
4652;Bose Studyo Enstrüman;Muzik;Studyo;Bose;14545.74;Yasli;53
4653;Chanel Makyaj Nemlendirici;Kozmetik;Makyaj;Chanel;830.86;Yasli;32
4654;Hot Wheels Aksiyon Seti;Oyuncak;Aksiyon;Hot Wheels;4443.27;Yasli;36
4655;Sephora Parfum Göz Kalemi;Kozmetik;Parfum;Sephora;1235.92;Yetiskin;47
4656;Can Yayinlari Edebiyat Romanı/Kitabı;Kitap;Edebiyat;Can Yayinlari;198.21;Yetiskin;19
4657;Can Yayinlari Tarih Romanı/Kitabı;Kitap;Tarih;Can Yayinlari;469.37;Yasli;36
4658;Arzum Konfor Kahve Makinesi;Ev-Yasam;Konfor;Arzum;5373.49;Genc;48
4659;HyperX Yayincilik Koleksiyonu;Oyun;Yayincilik;HyperX;500.62;Yasli;46
4660;Reeves El Sanatlari Paketi;Hobi-Sanat;El Sanatlari;Reeves;4004.49;Yetiskin;12
4661;Derwent Resim Seti;Hobi-Sanat;Resim;Derwent;2895.85;Yasli;98
4662;Faber-Castell Resim Seti;Hobi-Sanat;Resim;Faber-Castell;3443.64;Yasli;36
4663;Meguiars Arac Bakimi Aksesuarı;Otomobil-Aksesuar;Arac Bakimi;Meguiars;3920.97;Yetiskin;7
4664;Canson Resim Seti;Hobi-Sanat;Resim;Canson;148.99;Yetiskin;16
4665;Canson El Sanatlari Paketi;Hobi-Sanat;El Sanatlari;Canson;335.94;Cocuk;67
4666;Casio Studyo Pikap;Muzik;Studyo;Casio;8937.24;Yetiskin;80
4667;Prismacolor Kirtasiye Koleksiyonu;Hobi-Sanat;Kirtasiye;Prismacolor;3898.62;Genc;63
4668;Spalding Fitness Koşu Ayakkabısı;Spor;Fitness;Spalding;4510.09;Yasli;7
4669;Spin Master Klasik Seti;Oyuncak;Klasik;Spin Master;3535.75;Cocuk;16
4670;MGA Entertainment Aksiyon Koleksiyonu;Oyuncak;Aksiyon;MGA Entertainment;4142.31;Yetiskin;61
4671;Castrol Konfor Aksesuarı;Otomobil-Aksesuar;Konfor;Castrol;13618.13;Yasli;92
4672;Sephora Makyaj Göz Kalemi;Kozmetik;Makyaj;Sephora;1041.82;Yetiskin;75
4673;Pasabahce Konfor Nevresim Takımı;Ev-Yasam;Konfor;Pasabahce;9570.91;Cocuk;59
4674;Winsor Newton Kirtasiye Seti;Hobi-Sanat;Kirtasiye;Winsor Newton;3465.75;Yetiskin;38
4675;Xiaomi Ev Ofis Akıllı Saat;Teknoloji;Ev Ofis;Xiaomi;34769.90;Yasli;69
4676;Continental Arac Bakimi Aksesuarı;Otomobil-Aksesuar;Arac Bakimi;Continental;14437.63;Yasli;56
4677;HyperX Yayincilik Paketi;Oyun;Yayincilik;HyperX;2830.26;Yetiskin;85
4678;Gibson Analog Pikap;Muzik;Analog;Gibson;21561.49;Yasli;48
4679;Asus Yazilim Tablet;Teknoloji;Yazilim;Asus;21788.56;Yasli;75
4680;Lancome Makyaj Ruj;Kozmetik;Makyaj;Lancome;1693.75;Yasli;85
4681;Puma Klasik Ceket;Moda;Klasik;Puma;5156.71;Cocuk;17
4682;Audio-Technica Analog Pikap;Muzik;Analog;Audio-Technica;14930.50;Yasli;87
4683;Continental Arac Bakimi Aksesuarı;Otomobil-Aksesuar;Arac Bakimi;Continental;10803.37;Genc;10
4684;Can Yayinlari Edebiyat Romanı/Kitabı;Kitap;Edebiyat;Can Yayinlari;251.56;Yetiskin;64
4685;Castelli Outdoor Spor Çantası;Spor;Outdoor;Castelli;3024.17;Yasli;2
4686;Philips Konfor Dekoratif Lamba;Ev-Yasam;Konfor;Philips;5036.43;Genc;82
4687;MAC Parfum Göz Kalemi;Kozmetik;Parfum;MAC;1361.75;Cocuk;53
4688;Marshall Studyo Amfi;Muzik;Studyo;Marshall;20280.36;Cocuk;78
4689;Prismacolor Resim Seti;Hobi-Sanat;Resim;Prismacolor;1577.87;Genc;51
4690;SteelSeries Yayincilik Koleksiyonu;Oyun;Yayincilik;SteelSeries;3058.71;Yetiskin;68
4691;Yapi Kredi Kisisel Gelisim Romanı/Kitabı;Kitap;Kisisel Gelisim;Yapi Kredi;200.81;Yasli;49
4692;MSI E-Spor Koleksiyonu;Oyun;E-Spor;MSI;3398.31;Genc;46
4693;Iletisim Edebiyat Romanı/Kitabı;Kitap;Edebiyat;Iletisim;410.78;Genc;18
4694;Salomon Ekipman Spor Çantası;Spor;Ekipman;Salomon;5631.93;Yasli;27
4695;HP Ev Ofis Tablet;Teknoloji;Ev Ofis;HP;25046.59;Yasli;100
4696;Yapi Kredi Tarih Romanı/Kitabı;Kitap;Tarih;Yapi Kredi;484.06;Yasli;41
4697;Estee Lauder Bakim Ruj;Kozmetik;Bakim;Estee Lauder;461.85;Yetiskin;19
4698;Sennheiser Studyo Pikap;Muzik;Studyo;Sennheiser;7322.93;Cocuk;64
4699;Mizuno Ekipman Koşu Ayakkabısı;Spor;Ekipman;Mizuno;1418.78;Yetiskin;9
4700;Pegasus Kisisel Gelisim Romanı/Kitabı;Kitap;Kisisel Gelisim;Pegasus;350.84;Yetiskin;100
4701;MSI Yayincilik Koleksiyonu;Oyun;Yayincilik;MSI;1338.95;Cocuk;97
4702;Sennheiser Sahne DJ Ekipmanı;Muzik;Sahne;Sennheiser;18106.16;Yetiskin;15
4703;Pioneer Guvenlik Aksesuarı;Otomobil-Aksesuar;Guvenlik;Pioneer;9516.23;Yetiskin;60
4704;Prismacolor El Sanatlari Paketi;Hobi-Sanat;El Sanatlari;Prismacolor;807.44;Yasli;17
4705;Prismacolor Kirtasiye Seti;Hobi-Sanat;Kirtasiye;Prismacolor;827.69;Cocuk;22
4706;Madame Coco Mutfak Dekoratif Lamba;Ev-Yasam;Mutfak;Madame Coco;3196.64;Cocuk;58
4707;Puma Aksesuar Çanta;Moda;Aksesuar;Puma;2917.29;Cocuk;47
4708;Razer Yayincilik Koleksiyonu;Oyun;Yayincilik;Razer;2041.15;Genc;43
4709;Can Yayinlari Tarih Romanı/Kitabı;Kitap;Tarih;Can Yayinlari;83.31;Cocuk;61
4710;Derwent El Sanatlari Seti;Hobi-Sanat;El Sanatlari;Derwent;2191.20;Cocuk;61
4711;Under Armour Outdoor Antrenman Ekipmanı;Spor;Outdoor;Under Armour;5125.89;Genc;79
4712;Dior Bakim Cilt Serumu;Kozmetik;Bakim;Dior;484.60;Genc;52
4713;MGA Entertainment Egitici Seti;Oyuncak;Egitici;MGA Entertainment;4019.95;Yetiskin;13
4714;Meguiars Guvenlik Aksesuarı;Otomobil-Aksesuar;Guvenlik;Meguiars;3866.82;Genc;10
4715;Roland Studyo Pikap;Muzik;Studyo;Roland;16093.90;Yasli;73
4716;Karaca Mutfak Kahve Makinesi;Ev-Yasam;Mutfak;Karaca;5789.34;Cocuk;74
4717;Karaca Mutfak Nevresim Takımı;Ev-Yasam;Mutfak;Karaca;10250.59;Cocuk;4
4718;Salomon Ekipman Antrenman Ekipmanı;Spor;Ekipman;Salomon;5372.00;Genc;46
4719;Karaca Mutfak Dekoratif Lamba;Ev-Yasam;Mutfak;Karaca;729.24;Yetiskin;60
4720;Sephora Bakim Nemlendirici;Kozmetik;Bakim;Sephora;769.95;Genc;81
4721;North Face Outdoor Antrenman Ekipmanı;Spor;Outdoor;North Face;5200.27;Yasli;89
4722;Gucci Klasik Çanta;Moda;Klasik;Gucci;5667.12;Genc;34
4723;Daler Rowney Resim Koleksiyonu;Hobi-Sanat;Resim;Daler Rowney;3643.74;Cocuk;40
4724;Audio-Technica Analog Enstrüman;Muzik;Analog;Audio-Technica;12155.07;Yasli;71
4725;Fender Analog Amfi;Muzik;Analog;Fender;18542.85;Genc;9
4726;Arzum Mutfak Nevresim Takımı;Ev-Yasam;Mutfak;Arzum;2722.47;Yetiskin;38
4727;HP Ev Ofis Akıllı Saat;Teknoloji;Ev Ofis;HP;13549.72;Cocuk;30
4728;Iletisim Tarih Romanı/Kitabı;Kitap;Tarih;Iletisim;293.22;Yetiskin;60
4729;Asus Mobil Yasam Akıllı Telefon;Teknoloji;Mobil Yasam;Asus;16099.05;Yetiskin;80
4730;Clinique Bakim Ruj;Kozmetik;Bakim;Clinique;318.45;Yasli;95
4731;Lacoste Sokak Stili Parfüm;Moda;Sokak Stili;Lacoste;5084.99;Yetiskin;3
4732;Sparco Arac Bakimi Aksesuarı;Otomobil-Aksesuar;Arac Bakimi;Sparco;213.79;Genc;31
4733;LOreal Parfum Göz Kalemi;Kozmetik;Parfum;LOreal;1574.16;Yetiskin;12
4734;Michelin Guvenlik Aksesuarı;Otomobil-Aksesuar;Guvenlik;Michelin;1862.45;Yetiskin;69
4735;Winsor Newton Resim Koleksiyonu;Hobi-Sanat;Resim;Winsor Newton;1900.00;Yetiskin;96
4736;Bosch Guvenlik Aksesuarı;Otomobil-Aksesuar;Guvenlik;Bosch;3006.35;Yetiskin;3
4737;Mizuno Ekipman Antrenman Ekipmanı;Spor;Ekipman;Mizuno;876.83;Genc;14
4738;LG Ev Ofis Akıllı Telefon;Teknoloji;Ev Ofis;LG;35192.18;Yasli;41
4739;Faber-Castell El Sanatlari Paketi;Hobi-Sanat;El Sanatlari;Faber-Castell;2478.47;Genc;7
4740;Fisher-Price Klasik Seti;Oyuncak;Klasik;Fisher-Price;3048.22;Yetiskin;13
4741;Ithaki Tarih Romanı/Kitabı;Kitap;Tarih;Ithaki;110.61;Cocuk;71
4742;Melissa Doug Egitici Paketi;Oyuncak;Egitici;Melissa Doug;3843.10;Genc;46
4743;Michelin Arac Bakimi Aksesuarı;Otomobil-Aksesuar;Arac Bakimi;Michelin;1830.57;Yetiskin;75
4744;Yapi Kredi Kisisel Gelisim Romanı/Kitabı;Kitap;Kisisel Gelisim;Yapi Kredi;488.19;Yasli;59
4745;Goodyear Arac Bakimi Aksesuarı;Otomobil-Aksesuar;Arac Bakimi;Goodyear;6172.88;Yetiskin;63
4746;Wilson Fitness Antrenman Ekipmanı;Spor;Fitness;Wilson;5796.07;Genc;86
4747;Continental Konfor Aksesuarı;Otomobil-Aksesuar;Konfor;Continental;11619.50;Genc;11
4748;Nvidia Retro Seti;Oyun;Retro;Nvidia;2129.17;Yasli;17
4749;Yapi Kredi Edebiyat Romanı/Kitabı;Kitap;Edebiyat;Yapi Kredi;468.82;Yetiskin;11
4750;Madame Coco Konfor Nevresim Takımı;Ev-Yasam;Konfor;Madame Coco;6101.95;Yasli;44
4751;MSI Yayincilik Paketi;Oyun;Yayincilik;MSI;2987.62;Yasli;4
4752;Castelli Fitness Eşofman Takımı;Spor;Fitness;Castelli;7196.51;Yasli;79
4753;English Home Konfor Dekoratif Lamba;Ev-Yasam;Konfor;English Home;8884.72;Yasli;97
4754;Reebok Ekipman Antrenman Ekipmanı;Spor;Ekipman;Reebok;3048.03;Yetiskin;47
4755;Sennheiser Analog Pikap;Muzik;Analog;Sennheiser;21351.19;Yasli;7
4756;Nintendo E-Spor Koleksiyonu;Oyun;E-Spor;Nintendo;644.47;Yasli;97
4757;H&M Sokak Stili Çanta;Moda;Sokak Stili;H&M;3596.41;Cocuk;70
4758;Pioneer Konfor Aksesuarı;Otomobil-Aksesuar;Konfor;Pioneer;8765.76;Cocuk;76
4759;Lenovo Mobil Yasam Kulaklık;Teknoloji;Mobil Yasam;Lenovo;3244.14;Yetiskin;75
4760;Dell Yazilim Tablet;Teknoloji;Yazilim;Dell;32335.03;Genc;42
4761;Ithaki Tarih Romanı/Kitabı;Kitap;Tarih;Ithaki;397.62;Cocuk;48
4762;HyperX Yayincilik Paketi;Oyun;Yayincilik;HyperX;1115.43;Genc;77
4763;Canson Kirtasiye Paketi;Hobi-Sanat;Kirtasiye;Canson;2315.99;Yasli;41
4764;LOreal Parfum Cilt Serumu;Kozmetik;Parfum;LOreal;989.82;Genc;23
4765;English Home Dekorasyon Nevresim Takımı;Ev-Yasam;Dekorasyon;English Home;4988.33;Cocuk;42
4766;MAC Makyaj Cilt Serumu;Kozmetik;Makyaj;MAC;579.68;Cocuk;7
4767;3M Guvenlik Aksesuarı;Otomobil-Aksesuar;Guvenlik;3M;11124.63;Genc;86
4768;Apple Mobil Yasam Akıllı Telefon;Teknoloji;Mobil Yasam;Apple;13759.35;Yasli;93
4769;Wilson Outdoor Koşu Ayakkabısı;Spor;Outdoor;Wilson;7394.22;Yasli;51
4770;Metis Tarih Romanı/Kitabı;Kitap;Tarih;Metis;254.57;Yasli;52
4771;Corsair Yayincilik Paketi;Oyun;Yayincilik;Corsair;4836.61;Genc;66
4772;Beko Mutfak Dekoratif Lamba;Ev-Yasam;Mutfak;Beko;2002.57;Yetiskin;75
4773;Lenovo Ev Ofis Kulaklık;Teknoloji;Ev Ofis;Lenovo;2158.95;Yetiskin;76
4774;Salomon Fitness Koşu Ayakkabısı;Spor;Fitness;Salomon;6505.88;Cocuk;49
4775;Estee Lauder Parfum Nemlendirici;Kozmetik;Parfum;Estee Lauder;920.80;Yasli;81
4776;Can Yayinlari Edebiyat Romanı/Kitabı;Kitap;Edebiyat;Can Yayinlari;164.36;Yetiskin;1
4777;Zara Sokak Stili Ceket;Moda;Sokak Stili;Zara;2096.74;Cocuk;25
4778;Pegasus Edebiyat Romanı/Kitabı;Kitap;Edebiyat;Pegasus;233.81;Cocuk;23
4779;Nike Aksesuar Gözlük;Moda;Aksesuar;Nike;1065.31;Genc;8
4780;Fisher-Price Klasik Koleksiyonu;Oyuncak;Klasik;Fisher-Price;2678.64;Yetiskin;20
4781;Nvidia Retro Koleksiyonu;Oyun;Retro;Nvidia;2739.37;Genc;62
4782;Continental Guvenlik Aksesuarı;Otomobil-Aksesuar;Guvenlik;Continental;3006.30;Yasli;33
4783;Hot Wheels Egitici Koleksiyonu;Oyuncak;Egitici;Hot Wheels;852.80;Yasli;43
4784;English Home Dekorasyon Kahve Makinesi;Ev-Yasam;Dekorasyon;English Home;9919.19;Yasli;61
4785;Casio Studyo DJ Ekipmanı;Muzik;Studyo;Casio;15483.26;Yasli;2
4786;Casio Sahne Enstrüman;Muzik;Sahne;Casio;12377.28;Cocuk;12
4787;Logitech Yayincilik Paketi;Oyun;Yayincilik;Logitech;634.88;Cocuk;34
4788;Derwent El Sanatlari Koleksiyonu;Hobi-Sanat;El Sanatlari;Derwent;2689.92;Genc;58
4789;Wilson Outdoor Koşu Ayakkabısı;Spor;Outdoor;Wilson;720.44;Cocuk;96
4790;Decathlon Fitness Eşofman Takımı;Spor;Fitness;Decathlon;2928.05;Yetiskin;85
4791;Mattel Klasik Koleksiyonu;Oyuncak;Klasik;Mattel;4606.98;Yasli;9
4792;Ithaki Edebiyat Romanı/Kitabı;Kitap;Edebiyat;Ithaki;414.78;Yetiskin;96
4793;Is Bankasi Yayinlari Tarih Romanı/Kitabı;Kitap;Tarih;Is Bankasi Yayinlari;242.77;Cocuk;76
4794;Fisher-Price Aksiyon Paketi;Oyuncak;Aksiyon;Fisher-Price;4586.14;Yasli;80
4795;Ikea Dekorasyon Nevresim Takımı;Ev-Yasam;Dekorasyon;Ikea;8220.17;Yasli;3
4796;Sparco Guvenlik Aksesuarı;Otomobil-Aksesuar;Guvenlik;Sparco;7206.08;Cocuk;56
4797;Maybelline Makyaj Cilt Serumu;Kozmetik;Makyaj;Maybelline;677.39;Cocuk;72
4798;Burberry Klasik Parfüm;Moda;Klasik;Burberry;3865.12;Genc;61
4799;Salomon Ekipman Eşofman Takımı;Spor;Ekipman;Salomon;3540.76;Yasli;31
4800;MAC Makyaj Nemlendirici;Kozmetik;Makyaj;MAC;400.26;Yetiskin;37
4801;3M Arac Bakimi Aksesuarı;Otomobil-Aksesuar;Arac Bakimi;3M;4614.64;Yasli;75
4802;Chanel Bakim Nemlendirici;Kozmetik;Bakim;Chanel;696.09;Yasli;72
4803;Marshall Analog Enstrüman;Muzik;Analog;Marshall;20474.25;Cocuk;90
4804;Yamaha Analog Pikap;Muzik;Analog;Yamaha;17650.21;Yasli;19
4805;Liquitex El Sanatlari Paketi;Hobi-Sanat;El Sanatlari;Liquitex;4464.83;Cocuk;18
4806;Lancome Parfum Nemlendirici;Kozmetik;Parfum;Lancome;660.70;Yetiskin;41
4807;Spin Master Klasik Koleksiyonu;Oyuncak;Klasik;Spin Master;3031.48;Genc;86
4808;Bridgestone Konfor Aksesuarı;Otomobil-Aksesuar;Konfor;Bridgestone;10756.21;Yetiskin;79
4809;Asus Ev Ofis Akıllı Telefon;Teknoloji;Ev Ofis;Asus;32177.67;Yasli;18
4810;Bosch Mutfak Robot Süpürge;Ev-Yasam;Mutfak;Bosch;6931.73;Yetiskin;51
4811;Apple Yazilim Akıllı Telefon;Teknoloji;Yazilim;Apple;33458.50;Yetiskin;28
4812;Estee Lauder Bakim Ruj;Kozmetik;Bakim;Estee Lauder;1434.98;Genc;50
4813;Bridgestone Guvenlik Aksesuarı;Otomobil-Aksesuar;Guvenlik;Bridgestone;6907.01;Yasli;40
4814;Sony Ev Ofis Tablet;Teknoloji;Ev Ofis;Sony;11403.52;Yasli;41
4815;Meguiars Konfor Aksesuarı;Otomobil-Aksesuar;Konfor;Meguiars;12555.64;Yasli;76
4816;Asus Ev Ofis Tablet;Teknoloji;Ev Ofis;Asus;22781.54;Cocuk;7
4817;Liquitex El Sanatlari Koleksiyonu;Hobi-Sanat;El Sanatlari;Liquitex;3571.86;Cocuk;93
4818;Is Bankasi Yayinlari Tarih Romanı/Kitabı;Kitap;Tarih;Is Bankasi Yayinlari;405.75;Cocuk;56
4819;Moleskine El Sanatlari Seti;Hobi-Sanat;El Sanatlari;Moleskine;3592.19;Yasli;59
4820;Logitech Retro Paketi;Oyun;Retro;Logitech;1164.09;Yasli;45
4821;Nintendo Retro Koleksiyonu;Oyun;Retro;Nintendo;3626.84;Yasli;94
4822;Castelli Ekipman Eşofman Takımı;Spor;Ekipman;Castelli;4200.53;Cocuk;75
4823;Reeves Resim Seti;Hobi-Sanat;Resim;Reeves;4623.21;Cocuk;93
4824;Salomon Outdoor Spor Çantası;Spor;Outdoor;Salomon;7573.47;Cocuk;72
4825;Tefal Konfor Dekoratif Lamba;Ev-Yasam;Konfor;Tefal;7860.43;Yasli;17
4826;LOreal Makyaj Nemlendirici;Kozmetik;Makyaj;LOreal;568.97;Cocuk;28
4827;Faber-Castell Kirtasiye Seti;Hobi-Sanat;Kirtasiye;Faber-Castell;3682.91;Cocuk;78
4828;Zara Klasik Saat;Moda;Klasik;Zara;1346.34;Genc;8
4829;Corsair E-Spor Koleksiyonu;Oyun;E-Spor;Corsair;800.92;Genc;81
4830;Nike Klasik Ceket;Moda;Klasik;Nike;5544.55;Cocuk;99
4831;Dogan Kitap Kisisel Gelisim Romanı/Kitabı;Kitap;Kisisel Gelisim;Dogan Kitap;205.90;Cocuk;63
4832;Meguiars Arac Bakimi Aksesuarı;Otomobil-Aksesuar;Arac Bakimi;Meguiars;4864.47;Genc;20
4833;Ikea Mutfak Robot Süpürge;Ev-Yasam;Mutfak;Ikea;3913.25;Yetiskin;79
4834;Metis Tarih Romanı/Kitabı;Kitap;Tarih;Metis;93.97;Yasli;37
4835;3M Konfor Aksesuarı;Otomobil-Aksesuar;Konfor;3M;5750.35;Yetiskin;64
4836;Pasabahce Mutfak Nevresim Takımı;Ev-Yasam;Mutfak;Pasabahce;1370.95;Cocuk;68
4837;Huawei Yazilim Akıllı Saat;Teknoloji;Yazilim;Huawei;36333.14;Yasli;45
4838;Fisher-Price Klasik Seti;Oyuncak;Klasik;Fisher-Price;3198.30;Yasli;54
4839;Arzum Konfor Nevresim Takımı;Ev-Yasam;Konfor;Arzum;789.80;Yetiskin;65
4840;Clinique Parfum Ruj;Kozmetik;Parfum;Clinique;942.29;Yasli;76
4841;Faber-Castell Kirtasiye Koleksiyonu;Hobi-Sanat;Kirtasiye;Faber-Castell;4464.22;Yetiskin;94
4842;Castrol Konfor Aksesuarı;Otomobil-Aksesuar;Konfor;Castrol;1752.90;Yetiskin;39
4843;Ikea Mutfak Nevresim Takımı;Ev-Yasam;Mutfak;Ikea;9560.44;Genc;6
4844;Arzum Konfor Kahve Makinesi;Ev-Yasam;Konfor;Arzum;831.29;Cocuk;47
4845;Reebok Ekipman Eşofman Takımı;Spor;Ekipman;Reebok;6739.15;Yetiskin;47
4846;Can Yayinlari Tarih Romanı/Kitabı;Kitap;Tarih;Can Yayinlari;277.77;Genc;55
4847;Bridgestone Arac Bakimi Aksesuarı;Otomobil-Aksesuar;Arac Bakimi;Bridgestone;9690.86;Yetiskin;59
4848;Derwent Resim Paketi;Hobi-Sanat;Resim;Derwent;2706.41;Yetiskin;55
4849;Bosch Konfor Aksesuarı;Otomobil-Aksesuar;Konfor;Bosch;2620.54;Yasli;46
4850;Mattel Aksiyon Koleksiyonu;Oyuncak;Aksiyon;Mattel;2088.92;Yasli;26
4851;Audio-Technica Analog Enstrüman;Muzik;Analog;Audio-Technica;15485.71;Cocuk;17
4852;Can Yayinlari Tarih Romanı/Kitabı;Kitap;Tarih;Can Yayinlari;402.09;Yasli;20
4853;Michelin Konfor Aksesuarı;Otomobil-Aksesuar;Konfor;Michelin;5632.39;Yasli;49
4854;Gibson Analog Amfi;Muzik;Analog;Gibson;12466.47;Genc;89
4855;Yamaha Analog DJ Ekipmanı;Muzik;Analog;Yamaha;10221.58;Yasli;31
4856;Chanel Bakim Cilt Serumu;Kozmetik;Bakim;Chanel;1859.83;Cocuk;98
4857;Logitech Retro Paketi;Oyun;Retro;Logitech;4955.31;Genc;91
4858;HP Yazilim Bilgisayar;Teknoloji;Yazilim;HP;6462.60;Yetiskin;89
4859;MGA Entertainment Aksiyon Seti;Oyuncak;Aksiyon;MGA Entertainment;881.83;Cocuk;86
4860;Arzum Konfor Robot Süpürge;Ev-Yasam;Konfor;Arzum;11111.85;Yasli;28
4861;Razer E-Spor Koleksiyonu;Oyun;E-Spor;Razer;1231.82;Cocuk;92
4862;LEGO Aksiyon Paketi;Oyuncak;Aksiyon;LEGO;381.64;Genc;69
4863;JBL Sahne Pikap;Muzik;Sahne;JBL;14970.90;Cocuk;18
4864;Xiaomi Yazilim Kulaklık;Teknoloji;Yazilim;Xiaomi;7389.47;Genc;99
4865;Pegasus Edebiyat Romanı/Kitabı;Kitap;Edebiyat;Pegasus;195.91;Cocuk;22
4866;Bosch Konfor Kahve Makinesi;Ev-Yasam;Konfor;Bosch;1141.12;Yetiskin;56
4867;Pegasus Tarih Romanı/Kitabı;Kitap;Tarih;Pegasus;397.23;Cocuk;68
4868;Castrol Arac Bakimi Aksesuarı;Otomobil-Aksesuar;Arac Bakimi;Castrol;6724.56;Yasli;36
4869;Bose Studyo DJ Ekipmanı;Muzik;Studyo;Bose;6246.85;Yasli;54
4870;Fisher-Price Aksiyon Koleksiyonu;Oyuncak;Aksiyon;Fisher-Price;4544.61;Cocuk;43
4871;Canson El Sanatlari Seti;Hobi-Sanat;El Sanatlari;Canson;4805.87;Cocuk;33
4872;Continental Arac Bakimi Aksesuarı;Otomobil-Aksesuar;Arac Bakimi;Continental;6903.47;Yasli;84
4873;HP Yazilim Akıllı Saat;Teknoloji;Yazilim;HP;30621.93;Cocuk;78
4874;Fisher-Price Klasik Seti;Oyuncak;Klasik;Fisher-Price;3854.46;Genc;76
4875;MAC Bakim Cilt Serumu;Kozmetik;Bakim;MAC;842.14;Cocuk;46
4876;Yamaha Studyo Amfi;Muzik;Studyo;Yamaha;11424.99;Genc;83
4877;Mizuno Fitness Antrenman Ekipmanı;Spor;Fitness;Mizuno;5371.79;Genc;91
4878;Everest Tarih Romanı/Kitabı;Kitap;Tarih;Everest;75.28;Genc;50
4879;Maybelline Makyaj Ruj;Kozmetik;Makyaj;Maybelline;663.31;Yetiskin;65
4880;Hasbro Egitici Seti;Oyuncak;Egitici;Hasbro;4453.97;Cocuk;77
4881;Spin Master Klasik Paketi;Oyuncak;Klasik;Spin Master;4896.14;Cocuk;57
4882;Lenovo Yazilim Akıllı Telefon;Teknoloji;Yazilim;Lenovo;22280.17;Yasli;24
4883;Meguiars Arac Bakimi Aksesuarı;Otomobil-Aksesuar;Arac Bakimi;Meguiars;11204.84;Cocuk;93
4884;Xiaomi Ev Ofis Kulaklık;Teknoloji;Ev Ofis;Xiaomi;5972.35;Cocuk;27
4885;HyperX Retro Paketi;Oyun;Retro;HyperX;1283.31;Cocuk;40
4886;MSI E-Spor Seti;Oyun;E-Spor;MSI;2852.10;Yetiskin;96
4887;Yapi Kredi Tarih Romanı/Kitabı;Kitap;Tarih;Yapi Kredi;460.35;Cocuk;63
4888;Pasabahce Dekorasyon Dekoratif Lamba;Ev-Yasam;Dekorasyon;Pasabahce;3514.58;Genc;69
4889;Pebeo Kirtasiye Paketi;Hobi-Sanat;Kirtasiye;Pebeo;2100.94;Yasli;79
4890;Yapi Kredi Edebiyat Romanı/Kitabı;Kitap;Edebiyat;Yapi Kredi;349.45;Yasli;4
4891;Casio Sahne Pikap;Muzik;Sahne;Casio;1290.03;Yetiskin;17
4892;HP Ev Ofis Tablet;Teknoloji;Ev Ofis;HP;26833.85;Yasli;54
4893;Sephora Bakim Göz Kalemi;Kozmetik;Bakim;Sephora;1383.12;Cocuk;6
4894;Audio-Technica Analog Pikap;Muzik;Analog;Audio-Technica;3030.26;Yetiskin;99
4895;Wilson Ekipman Antrenman Ekipmanı;Spor;Ekipman;Wilson;2193.05;Yetiskin;55
4896;Nivea Parfum Cilt Serumu;Kozmetik;Parfum;Nivea;598.47;Genc;20
4897;Playmobil Aksiyon Koleksiyonu;Oyuncak;Aksiyon;Playmobil;3561.16;Cocuk;44
4898;Bosch Arac Bakimi Aksesuarı;Otomobil-Aksesuar;Arac Bakimi;Bosch;13112.19;Yetiskin;64
4899;3M Konfor Aksesuarı;Otomobil-Aksesuar;Konfor;3M;7004.45;Yasli;21
4900;Hasbro Egitici Seti;Oyuncak;Egitici;Hasbro;552.35;Genc;28
4901;Wilson Outdoor Spor Çantası;Spor;Outdoor;Wilson;1526.86;Genc;62
4902;Derwent Resim Koleksiyonu;Hobi-Sanat;Resim;Derwent;3120.25;Yetiskin;49
4903;LOreal Parfum Nemlendirici;Kozmetik;Parfum;LOreal;686.85;Yasli;51
4904;Burberry Sokak Stili Gözlük;Moda;Sokak Stili;Burberry;301.76;Yasli;96
4905;Bosch Konfor Aksesuarı;Otomobil-Aksesuar;Konfor;Bosch;6486.57;Cocuk;91
4906;Nivea Parfum Ruj;Kozmetik;Parfum;Nivea;1608.67;Yasli;28
4907;Nivea Parfum Cilt Serumu;Kozmetik;Parfum;Nivea;345.12;Cocuk;42
4908;Corsair E-Spor Paketi;Oyun;E-Spor;Corsair;4822.73;Yasli;58
4909;Sony Mobil Yasam Tablet;Teknoloji;Mobil Yasam;Sony;12195.40;Yetiskin;61
4910;Castrol Guvenlik Aksesuarı;Otomobil-Aksesuar;Guvenlik;Castrol;9773.86;Cocuk;24
4911;Maybelline Makyaj Nemlendirici;Kozmetik;Makyaj;Maybelline;943.43;Yetiskin;10
4912;Reebok Fitness Koşu Ayakkabısı;Spor;Fitness;Reebok;2238.64;Yetiskin;87
4913;SteelSeries E-Spor Paketi;Oyun;E-Spor;SteelSeries;491.49;Genc;28
4914;Fender Sahne Enstrüman;Muzik;Sahne;Fender;23184.28;Genc;70
4915;Iletisim Kisisel Gelisim Romanı/Kitabı;Kitap;Kisisel Gelisim;Iletisim;111.64;Cocuk;81
4916;Canson Kirtasiye Koleksiyonu;Hobi-Sanat;Kirtasiye;Canson;2229.66;Cocuk;2
4917;Bosch Guvenlik Aksesuarı;Otomobil-Aksesuar;Guvenlik;Bosch;12733.96;Cocuk;52
4918;Dogan Kitap Kisisel Gelisim Romanı/Kitabı;Kitap;Kisisel Gelisim;Dogan Kitap;356.08;Yetiskin;50
4919;Pasabahce Konfor Dekoratif Lamba;Ev-Yasam;Konfor;Pasabahce;6576.95;Yetiskin;87
4920;Hot Wheels Klasik Paketi;Oyuncak;Klasik;Hot Wheels;460.58;Yetiskin;76
4921;Dell Mobil Yasam Bilgisayar;Teknoloji;Mobil Yasam;Dell;10670.91;Cocuk;44
4922;Nintendo E-Spor Paketi;Oyun;E-Spor;Nintendo;2179.76;Cocuk;77
4923;Logitech Yayincilik Paketi;Oyun;Yayincilik;Logitech;1042.17;Yasli;7
4924;Goodyear Arac Bakimi Aksesuarı;Otomobil-Aksesuar;Arac Bakimi;Goodyear;13605.17;Genc;94
4925;Nivea Bakim Cilt Serumu;Kozmetik;Bakim;Nivea;984.41;Yetiskin;28
4926;SteelSeries E-Spor Koleksiyonu;Oyun;E-Spor;SteelSeries;2515.76;Yetiskin;43
4927;Lenovo Yazilim Akıllı Telefon;Teknoloji;Yazilim;Lenovo;16788.42;Yetiskin;4
4928;Pasabahce Dekorasyon Dekoratif Lamba;Ev-Yasam;Dekorasyon;Pasabahce;4331.00;Yetiskin;11
4929;Ithaki Kisisel Gelisim Romanı/Kitabı;Kitap;Kisisel Gelisim;Ithaki;476.32;Genc;25
4930;Canson Resim Seti;Hobi-Sanat;Resim;Canson;3549.46;Cocuk;18
4931;Moleskine El Sanatlari Paketi;Hobi-Sanat;El Sanatlari;Moleskine;2815.78;Genc;52
4932;Michelin Guvenlik Aksesuarı;Otomobil-Aksesuar;Guvenlik;Michelin;4504.67;Cocuk;89
4933;Lancome Makyaj Göz Kalemi;Kozmetik;Makyaj;Lancome;1166.55;Cocuk;70
4934;Chanel Bakim Nemlendirici;Kozmetik;Bakim;Chanel;1335.66;Genc;8
4935;Reeves Kirtasiye Paketi;Hobi-Sanat;Kirtasiye;Reeves;2741.59;Genc;93
4936;Logitech Yayincilik Seti;Oyun;Yayincilik;Logitech;2216.42;Cocuk;3
4937;Dogan Kitap Tarih Romanı/Kitabı;Kitap;Tarih;Dogan Kitap;308.20;Yasli;17
4938;Reebok Fitness Antrenman Ekipmanı;Spor;Fitness;Reebok;4944.32;Genc;74
4939;Faber-Castell El Sanatlari Seti;Hobi-Sanat;El Sanatlari;Faber-Castell;1699.29;Yasli;80
4940;Estee Lauder Bakim Ruj;Kozmetik;Bakim;Estee Lauder;1052.32;Yetiskin;56
4941;Nvidia Retro Seti;Oyun;Retro;Nvidia;4398.68;Cocuk;77
4942;Reeves Kirtasiye Paketi;Hobi-Sanat;Kirtasiye;Reeves;886.52;Cocuk;26
4943;Madame Coco Mutfak Nevresim Takımı;Ev-Yasam;Mutfak;Madame Coco;3809.02;Yetiskin;28
4944;Pasabahce Dekorasyon Robot Süpürge;Ev-Yasam;Dekorasyon;Pasabahce;8824.78;Yetiskin;67
4945;Logitech Retro Koleksiyonu;Oyun;Retro;Logitech;2545.87;Cocuk;54
4946;Reebok Ekipman Eşofman Takımı;Spor;Ekipman;Reebok;664.00;Genc;22
4947;Yamaha Studyo Pikap;Muzik;Studyo;Yamaha;15595.23;Genc;97
4948;Roland Sahne DJ Ekipmanı;Muzik;Sahne;Roland;20818.76;Yasli;16
4949;Ithaki Kisisel Gelisim Romanı/Kitabı;Kitap;Kisisel Gelisim;Ithaki;428.05;Cocuk;10
4950;H&M Klasik Ceket;Moda;Klasik;H&M;4738.70;Genc;24
4951;Hot Wheels Klasik Koleksiyonu;Oyuncak;Klasik;Hot Wheels;2619.81;Genc;62
4952;Hot Wheels Aksiyon Koleksiyonu;Oyuncak;Aksiyon;Hot Wheels;2473.75;Yetiskin;29
4953;Reeves El Sanatlari Paketi;Hobi-Sanat;El Sanatlari;Reeves;836.42;Cocuk;97
4954;Dogan Kitap Edebiyat Romanı/Kitabı;Kitap;Edebiyat;Dogan Kitap;307.73;Yasli;27
4955;Philips Konfor Kahve Makinesi;Ev-Yasam;Konfor;Philips;11901.05;Cocuk;48
4956;Castelli Outdoor Eşofman Takımı;Spor;Outdoor;Castelli;5419.76;Cocuk;95
4957;H&M Klasik Ceket;Moda;Klasik;H&M;3439.86;Yasli;83
4958;Metis Kisisel Gelisim Romanı/Kitabı;Kitap;Kisisel Gelisim;Metis;341.73;Cocuk;88
4959;MAC Parfum Nemlendirici;Kozmetik;Parfum;MAC;1975.94;Genc;47
4960;Dior Bakim Göz Kalemi;Kozmetik;Bakim;Dior;889.48;Yetiskin;72
4961;Pegasus Tarih Romanı/Kitabı;Kitap;Tarih;Pegasus;156.91;Yetiskin;84
4962;Nintendo Yayincilik Paketi;Oyun;Yayincilik;Nintendo;3193.78;Yetiskin;26
4963;Mizuno Fitness Spor Çantası;Spor;Fitness;Mizuno;967.01;Yasli;11
4964;SteelSeries E-Spor Seti;Oyun;E-Spor;SteelSeries;1255.45;Yasli;85
4965;Continental Konfor Aksesuarı;Otomobil-Aksesuar;Konfor;Continental;13264.94;Genc;96
4966;Under Armour Fitness Spor Çantası;Spor;Fitness;Under Armour;1558.65;Yasli;6
4967;Mattel Aksiyon Koleksiyonu;Oyuncak;Aksiyon;Mattel;1034.70;Yetiskin;48
4968;Ikea Dekorasyon Robot Süpürge;Ev-Yasam;Dekorasyon;Ikea;8631.12;Genc;99
4969;Yamaha Studyo Amfi;Muzik;Studyo;Yamaha;22911.05;Yetiskin;98
4970;3M Konfor Aksesuarı;Otomobil-Aksesuar;Konfor;3M;13302.62;Yasli;67
4971;Iletisim Tarih Romanı/Kitabı;Kitap;Tarih;Iletisim;184.13;Genc;70
4972;Mattel Klasik Koleksiyonu;Oyuncak;Klasik;Mattel;3399.96;Cocuk;8
4973;Winsor Newton El Sanatlari Koleksiyonu;Hobi-Sanat;El Sanatlari;Winsor Newton;3486.56;Yasli;51
4974;Hot Wheels Klasik Koleksiyonu;Oyuncak;Klasik;Hot Wheels;2391.86;Cocuk;57
4975;Adidas Sokak Stili Ceket;Moda;Sokak Stili;Adidas;992.11;Cocuk;42
4976;Pegasus Tarih Romanı/Kitabı;Kitap;Tarih;Pegasus;373.47;Cocuk;15
4977;Sennheiser Studyo DJ Ekipmanı;Muzik;Studyo;Sennheiser;18199.53;Cocuk;53
4978;Under Armour Fitness Koşu Ayakkabısı;Spor;Fitness;Under Armour;2188.24;Yasli;92
4979;Bosch Mutfak Kahve Makinesi;Ev-Yasam;Mutfak;Bosch;6187.20;Yetiskin;94
4980;Apple Ev Ofis Tablet;Teknoloji;Ev Ofis;Apple;4884.12;Cocuk;65
4981;Reebok Fitness Eşofman Takımı;Spor;Fitness;Reebok;2232.45;Yetiskin;71
4982;Pebeo El Sanatlari Paketi;Hobi-Sanat;El Sanatlari;Pebeo;443.20;Yasli;94
4983;Hot Wheels Aksiyon Koleksiyonu;Oyuncak;Aksiyon;Hot Wheels;1636.04;Genc;62
4984;Playmobil Aksiyon Paketi;Oyuncak;Aksiyon;Playmobil;1920.92;Yetiskin;24
4985;Zara Sokak Stili Saat;Moda;Sokak Stili;Zara;2638.56;Yasli;95
4986;Asus Mobil Yasam Bilgisayar;Teknoloji;Mobil Yasam;Asus;27776.73;Yetiskin;98
4987;Asus Ev Ofis Tablet;Teknoloji;Ev Ofis;Asus;26539.43;Genc;71
4988;Ikea Dekorasyon Dekoratif Lamba;Ev-Yasam;Dekorasyon;Ikea;8250.54;Yetiskin;55
4989;Corsair Yayincilik Seti;Oyun;Yayincilik;Corsair;4333.00;Yetiskin;44
4990;Daler Rowney Resim Paketi;Hobi-Sanat;Resim;Daler Rowney;4204.01;Yasli;69
4991;Mattel Egitici Seti;Oyuncak;Egitici;Mattel;3691.34;Yasli;94
4992;Dogan Kitap Edebiyat Romanı/Kitabı;Kitap;Edebiyat;Dogan Kitap;204.34;Yasli;7
4993;Samsung Yazilim Bilgisayar;Teknoloji;Yazilim;Samsung;23089.93;Genc;75
4994;Chanel Parfum Göz Kalemi;Kozmetik;Parfum;Chanel;501.21;Yasli;70
4995;3M Konfor Aksesuarı;Otomobil-Aksesuar;Konfor;3M;5984.59;Cocuk;37
4996;Gibson Studyo Enstrüman;Muzik;Studyo;Gibson;16665.17;Cocuk;36
4997;Bosch Arac Bakimi Aksesuarı;Otomobil-Aksesuar;Arac Bakimi;Bosch;8560.00;Cocuk;82
4998;Clinique Makyaj Nemlendirici;Kozmetik;Makyaj;Clinique;1545.24;Genc;83
4999;LOreal Parfum Ruj;Kozmetik;Parfum;LOreal;444.88;Genc;32
5000;Arzum Konfor Dekoratif Lamba;Ev-Yasam;Konfor;Arzum;5988.75;Yetiskin;51
5001;Liquitex El Sanatlari Seti;Hobi-Sanat;El Sanatlari;Liquitex;4502.44;Cocuk;63
5002;Adidas Aksesuar Ceket;Moda;Aksesuar;Adidas;979.07;Genc;66
5003;JBL Studyo Amfi;Muzik;Studyo;JBL;2397.68;Genc;12
5004;Winsor Newton El Sanatlari Koleksiyonu;Hobi-Sanat;El Sanatlari;Winsor Newton;3074.21;Yetiskin;74
5005;Gibson Studyo Amfi;Muzik;Studyo;Gibson;15983.00;Cocuk;4
5006;Can Yayinlari Edebiyat Romanı/Kitabı;Kitap;Edebiyat;Can Yayinlari;150.63;Genc;72
5007;Bosch Guvenlik Aksesuarı;Otomobil-Aksesuar;Guvenlik;Bosch;13103.80;Yasli;6
5008;Nivea Bakim Nemlendirici;Kozmetik;Bakim;Nivea;1479.40;Yasli;79
5009;Pioneer Guvenlik Aksesuarı;Otomobil-Aksesuar;Guvenlik;Pioneer;5327.72;Yasli;4
5010;Castelli Fitness Antrenman Ekipmanı;Spor;Fitness;Castelli;4926.12;Yetiskin;51
5011;Castrol Konfor Aksesuarı;Otomobil-Aksesuar;Konfor;Castrol;8999.85;Yetiskin;23
5012;VTech Aksiyon Paketi;Oyuncak;Aksiyon;VTech;1911.09;Yetiskin;43
5013;VTech Klasik Seti;Oyuncak;Klasik;VTech;4376.69;Genc;18
5014;Can Yayinlari Tarih Romanı/Kitabı;Kitap;Tarih;Can Yayinlari;242.06;Yasli;100
5015;Razer E-Spor Seti;Oyun;E-Spor;Razer;3254.27;Yasli;99
5016;Lacoste Aksesuar Ceket;Moda;Aksesuar;Lacoste;2102.27;Yetiskin;82
5017;Dior Makyaj Cilt Serumu;Kozmetik;Makyaj;Dior;726.90;Genc;7
5018;Wilson Ekipman Antrenman Ekipmanı;Spor;Ekipman;Wilson;2999.39;Yasli;13
5019;Dior Bakim Nemlendirici;Kozmetik;Bakim;Dior;1327.06;Genc;52
5020;Wilson Outdoor Spor Çantası;Spor;Outdoor;Wilson;564.39;Yasli;95
5021;Prada Klasik Çanta;Moda;Klasik;Prada;352.27;Yetiskin;48
5022;Madame Coco Dekorasyon Robot Süpürge;Ev-Yasam;Dekorasyon;Madame Coco;8331.48;Yasli;51
5023;Bosch Mutfak Nevresim Takımı;Ev-Yasam;Mutfak;Bosch;10203.37;Yetiskin;65
5024;Tefal Konfor Nevresim Takımı;Ev-Yasam;Konfor;Tefal;6597.21;Yetiskin;8
5025;Lacoste Klasik Parfüm;Moda;Klasik;Lacoste;2940.10;Yetiskin;73
5026;Karaca Dekorasyon Kahve Makinesi;Ev-Yasam;Dekorasyon;Karaca;1346.28;Cocuk;40
5027;Burberry Sokak Stili Ceket;Moda;Sokak Stili;Burberry;2611.99;Genc;47
5028;Nivea Parfum Ruj;Kozmetik;Parfum;Nivea;1817.64;Genc;45
5029;H&M Sokak Stili Saat;Moda;Sokak Stili;H&M;3291.64;Genc;83
5030;Sony Ev Ofis Kulaklık;Teknoloji;Ev Ofis;Sony;22852.19;Yetiskin;54
5031;Pasabahce Mutfak Kahve Makinesi;Ev-Yasam;Mutfak;Pasabahce;5281.98;Genc;97
5032;Apple Ev Ofis Kulaklık;Teknoloji;Ev Ofis;Apple;21788.39;Cocuk;93
5033;Beko Dekorasyon Dekoratif Lamba;Ev-Yasam;Dekorasyon;Beko;1107.27;Genc;41
5034;Continental Konfor Aksesuarı;Otomobil-Aksesuar;Konfor;Continental;2403.34;Genc;94
5035;HP Ev Ofis Akıllı Saat;Teknoloji;Ev Ofis;HP;33496.08;Yasli;77
5036;Pegasus Edebiyat Romanı/Kitabı;Kitap;Edebiyat;Pegasus;269.04;Yasli;61
5037;Audio-Technica Analog Enstrüman;Muzik;Analog;Audio-Technica;2371.58;Yasli;85
5038;Continental Arac Bakimi Aksesuarı;Otomobil-Aksesuar;Arac Bakimi;Continental;5610.24;Yetiskin;8
5039;Roland Sahne Enstrüman;Muzik;Sahne;Roland;18399.28;Yasli;100
5040;Tefal Konfor Kahve Makinesi;Ev-Yasam;Konfor;Tefal;5278.94;Genc;71
5041;Derwent El Sanatlari Seti;Hobi-Sanat;El Sanatlari;Derwent;3826.36;Genc;14
5042;North Face Ekipman Koşu Ayakkabısı;Spor;Ekipman;North Face;1542.09;Genc;41
5043;Sephora Makyaj Göz Kalemi;Kozmetik;Makyaj;Sephora;1430.06;Yetiskin;98
5044;HP Ev Ofis Akıllı Saat;Teknoloji;Ev Ofis;HP;4953.99;Yasli;15
5045;Samsung Ev Ofis Tablet;Teknoloji;Ev Ofis;Samsung;24855.80;Cocuk;24
5046;Metis Kisisel Gelisim Romanı/Kitabı;Kitap;Kisisel Gelisim;Metis;70.77;Cocuk;47
5047;Lacoste Sokak Stili Ceket;Moda;Sokak Stili;Lacoste;2722.81;Yetiskin;17
5048;Arzum Konfor Kahve Makinesi;Ev-Yasam;Konfor;Arzum;2017.47;Genc;95
5049;North Face Fitness Antrenman Ekipmanı;Spor;Fitness;North Face;7197.93;Genc;59
5050;Winsor Newton Resim Seti;Hobi-Sanat;Resim;Winsor Newton;4080.78;Yetiskin;5
5051;Tefal Konfor Kahve Makinesi;Ev-Yasam;Konfor;Tefal;9336.14;Genc;19
5052;North Face Ekipman Antrenman Ekipmanı;Spor;Ekipman;North Face;963.52;Cocuk;16
5053;Moleskine Resim Seti;Hobi-Sanat;Resim;Moleskine;3962.65;Cocuk;83
5054;Maybelline Parfum Nemlendirici;Kozmetik;Parfum;Maybelline;1207.35;Yetiskin;71
5055;3M Arac Bakimi Aksesuarı;Otomobil-Aksesuar;Arac Bakimi;3M;10316.99;Yasli;96
5056;Xiaomi Mobil Yasam Kulaklık;Teknoloji;Mobil Yasam;Xiaomi;16983.84;Yasli;80
5057;Bridgestone Arac Bakimi Aksesuarı;Otomobil-Aksesuar;Arac Bakimi;Bridgestone;13002.42;Yetiskin;12
5058;Sony Ev Ofis Bilgisayar;Teknoloji;Ev Ofis;Sony;23774.16;Yasli;20
5059;Under Armour Fitness Koşu Ayakkabısı;Spor;Fitness;Under Armour;5561.67;Yasli;25
5060;Columbia Ekipman Eşofman Takımı;Spor;Ekipman;Columbia;1957.66;Genc;99
5061;Playmobil Aksiyon Paketi;Oyuncak;Aksiyon;Playmobil;3907.96;Yetiskin;95
5062;Gucci Sokak Stili Çanta;Moda;Sokak Stili;Gucci;4170.62;Cocuk;28
5063;Faber-Castell Kirtasiye Koleksiyonu;Hobi-Sanat;Kirtasiye;Faber-Castell;3885.37;Genc;75
5064;SteelSeries Yayincilik Seti;Oyun;Yayincilik;SteelSeries;2517.13;Yasli;13
5065;LOreal Parfum Nemlendirici;Kozmetik;Parfum;LOreal;779.04;Yetiskin;98
5066;Pebeo El Sanatlari Koleksiyonu;Hobi-Sanat;El Sanatlari;Pebeo;3704.60;Yetiskin;57
5067;Liquitex El Sanatlari Seti;Hobi-Sanat;El Sanatlari;Liquitex;568.10;Yetiskin;4
5068;Nvidia Retro Paketi;Oyun;Retro;Nvidia;4462.23;Yasli;46
5069;Sephora Makyaj Göz Kalemi;Kozmetik;Makyaj;Sephora;776.50;Cocuk;1
5070;SteelSeries E-Spor Koleksiyonu;Oyun;E-Spor;SteelSeries;700.94;Cocuk;43
5071;Pasabahce Konfor Dekoratif Lamba;Ev-Yasam;Konfor;Pasabahce;2438.00;Yasli;14
5072;Dell Ev Ofis Kulaklık;Teknoloji;Ev Ofis;Dell;9074.48;Cocuk;94
5073;Bosch Dekorasyon Dekoratif Lamba;Ev-Yasam;Dekorasyon;Bosch;9184.55;Cocuk;23
5074;Philips Mutfak Nevresim Takımı;Ev-Yasam;Mutfak;Philips;2153.90;Cocuk;82
5075;Corsair E-Spor Koleksiyonu;Oyun;E-Spor;Corsair;3132.23;Cocuk;70
5076;Yapi Kredi Tarih Romanı/Kitabı;Kitap;Tarih;Yapi Kredi;397.16;Cocuk;98
5077;Apple Ev Ofis Kulaklık;Teknoloji;Ev Ofis;Apple;33383.09;Genc;3
5078;Faber-Castell El Sanatlari Paketi;Hobi-Sanat;El Sanatlari;Faber-Castell;2617.56;Yasli;21
5079;Nike Klasik Çanta;Moda;Klasik;Nike;4170.42;Yetiskin;62
5080;Decathlon Ekipman Koşu Ayakkabısı;Spor;Ekipman;Decathlon;4068.00;Yasli;53
5081;Burberry Aksesuar Çanta;Moda;Aksesuar;Burberry;3471.39;Yetiskin;85
5082;Nintendo E-Spor Seti;Oyun;E-Spor;Nintendo;637.76;Cocuk;29
5083;Faber-Castell El Sanatlari Paketi;Hobi-Sanat;El Sanatlari;Faber-Castell;585.15;Cocuk;3
5084;Is Bankasi Yayinlari Edebiyat Romanı/Kitabı;Kitap;Edebiyat;Is Bankasi Yayinlari;379.98;Yetiskin;55
5085;Clinique Parfum Ruj;Kozmetik;Parfum;Clinique;1880.21;Yasli;30
5086;Estee Lauder Makyaj Ruj;Kozmetik;Makyaj;Estee Lauder;1524.20;Genc;60
5087;Metis Edebiyat Romanı/Kitabı;Kitap;Edebiyat;Metis;163.84;Yasli;82
5088;Sony Yazilim Bilgisayar;Teknoloji;Yazilim;Sony;43719.88;Yetiskin;86
5089;Dior Bakim Cilt Serumu;Kozmetik;Bakim;Dior;363.73;Cocuk;73
5090;Gigabyte Retro Koleksiyonu;Oyun;Retro;Gigabyte;468.01;Yetiskin;84
5091;JBL Studyo DJ Ekipmanı;Muzik;Studyo;JBL;23059.46;Genc;52
5092;Zowie E-Spor Paketi;Oyun;E-Spor;Zowie;2468.51;Yasli;30
5093;Daler Rowney Kirtasiye Seti;Hobi-Sanat;Kirtasiye;Daler Rowney;3385.76;Yasli;80
5094;Wilson Outdoor Antrenman Ekipmanı;Spor;Outdoor;Wilson;874.86;Cocuk;57
5095;Logitech E-Spor Koleksiyonu;Oyun;E-Spor;Logitech;3189.06;Cocuk;33
5096;Mizuno Outdoor Spor Çantası;Spor;Outdoor;Mizuno;6213.36;Genc;30
5097;Spin Master Aksiyon Paketi;Oyuncak;Aksiyon;Spin Master;2453.84;Genc;76
5098;3M Arac Bakimi Aksesuarı;Otomobil-Aksesuar;Arac Bakimi;3M;1670.30;Yetiskin;6
5099;Reebok Ekipman Antrenman Ekipmanı;Spor;Ekipman;Reebok;3731.95;Yetiskin;7
5100;Gigabyte Yayincilik Paketi;Oyun;Yayincilik;Gigabyte;3185.34;Cocuk;43
5101;Ithaki Tarih Romanı/Kitabı;Kitap;Tarih;Ithaki;370.87;Yasli;22
5102;Fisher-Price Aksiyon Seti;Oyuncak;Aksiyon;Fisher-Price;1203.13;Cocuk;47
5103;Huawei Mobil Yasam Bilgisayar;Teknoloji;Mobil Yasam;Huawei;14578.34;Cocuk;38
5104;Yamaha Studyo DJ Ekipmanı;Muzik;Studyo;Yamaha;2615.97;Cocuk;52
5105;MSI Retro Koleksiyonu;Oyun;Retro;MSI;4822.07;Yetiskin;65
5106;LEGO Aksiyon Seti;Oyuncak;Aksiyon;LEGO;4771.67;Yasli;46
5107;Beko Konfor Dekoratif Lamba;Ev-Yasam;Konfor;Beko;2818.56;Yasli;51
5108;Spalding Ekipman Antrenman Ekipmanı;Spor;Ekipman;Spalding;1930.02;Genc;42
5109;Spalding Outdoor Eşofman Takımı;Spor;Outdoor;Spalding;1318.52;Yasli;74
5110;Samsung Yazilim Akıllı Telefon;Teknoloji;Yazilim;Samsung;24394.20;Yetiskin;100
5111;Lenovo Ev Ofis Akıllı Telefon;Teknoloji;Ev Ofis;Lenovo;33410.20;Yasli;53
5112;Castrol Arac Bakimi Aksesuarı;Otomobil-Aksesuar;Arac Bakimi;Castrol;11205.60;Genc;62
5113;MSI Yayincilik Seti;Oyun;Yayincilik;MSI;3786.70;Yasli;55
5114;Bose Sahne Amfi;Muzik;Sahne;Bose;15209.36;Yasli;26
5115;Philips Mutfak Nevresim Takımı;Ev-Yasam;Mutfak;Philips;7345.35;Yasli;18
5116;Everest Kisisel Gelisim Romanı/Kitabı;Kitap;Kisisel Gelisim;Everest;278.78;Genc;71
5117;Spin Master Egitici Koleksiyonu;Oyuncak;Egitici;Spin Master;1232.07;Genc;54
5118;Nintendo E-Spor Paketi;Oyun;E-Spor;Nintendo;674.40;Genc;33
5119;Adidas Aksesuar Çanta;Moda;Aksesuar;Adidas;5492.84;Yasli;23
5120;Bosch Arac Bakimi Aksesuarı;Otomobil-Aksesuar;Arac Bakimi;Bosch;9897.06;Genc;3
5121;Decathlon Ekipman Eşofman Takımı;Spor;Ekipman;Decathlon;5058.67;Cocuk;68
5122;Gibson Analog Enstrüman;Muzik;Analog;Gibson;21468.92;Yasli;2
5123;English Home Mutfak Nevresim Takımı;Ev-Yasam;Mutfak;English Home;8797.48;Yetiskin;59
5124;MGA Entertainment Egitici Koleksiyonu;Oyuncak;Egitici;MGA Entertainment;4683.02;Yasli;62
5125;Zowie Yayincilik Paketi;Oyun;Yayincilik;Zowie;1534.55;Cocuk;6
5126;Lacoste Sokak Stili Gözlük;Moda;Sokak Stili;Lacoste;2159.91;Genc;59
5127;Castrol Konfor Aksesuarı;Otomobil-Aksesuar;Konfor;Castrol;10782.29;Cocuk;80
5128;Clinique Bakim Ruj;Kozmetik;Bakim;Clinique;612.91;Yasli;97
5129;Melissa Doug Egitici Paketi;Oyuncak;Egitici;Melissa Doug;2334.97;Cocuk;98
5130;Lenovo Ev Ofis Bilgisayar;Teknoloji;Ev Ofis;Lenovo;6632.42;Yasli;81
5131;Asus Mobil Yasam Akıllı Telefon;Teknoloji;Mobil Yasam;Asus;29070.61;Genc;79
5132;Hot Wheels Klasik Koleksiyonu;Oyuncak;Klasik;Hot Wheels;1422.01;Genc;28
5133;Adidas Aksesuar Parfüm;Moda;Aksesuar;Adidas;4020.65;Cocuk;53
5134;Chanel Parfum Göz Kalemi;Kozmetik;Parfum;Chanel;1447.27;Genc;40
5135;Logitech Yayincilik Paketi;Oyun;Yayincilik;Logitech;4582.28;Cocuk;37
5136;Bridgestone Konfor Aksesuarı;Otomobil-Aksesuar;Konfor;Bridgestone;10822.69;Yasli;79
5137;Maybelline Bakim Ruj;Kozmetik;Bakim;Maybelline;1963.67;Yetiskin;94
5138;Mizuno Outdoor Antrenman Ekipmanı;Spor;Outdoor;Mizuno;3633.87;Cocuk;89
5139;Tefal Mutfak Dekoratif Lamba;Ev-Yasam;Mutfak;Tefal;2594.33;Cocuk;33
5140;Lenovo Mobil Yasam Akıllı Saat;Teknoloji;Mobil Yasam;Lenovo;28279.55;Yetiskin;54
5141;Goodyear Arac Bakimi Aksesuarı;Otomobil-Aksesuar;Arac Bakimi;Goodyear;739.33;Yasli;34
5142;Asus Ev Ofis Akıllı Telefon;Teknoloji;Ev Ofis;Asus;39971.50;Yasli;63
5143;Bosch Konfor Aksesuarı;Otomobil-Aksesuar;Konfor;Bosch;9507.96;Yetiskin;56
5144;Winsor Newton El Sanatlari Koleksiyonu;Hobi-Sanat;El Sanatlari;Winsor Newton;3703.60;Yetiskin;17
5145;JBL Studyo DJ Ekipmanı;Muzik;Studyo;JBL;7801.92;Yasli;5
5146;Nvidia Yayincilik Seti;Oyun;Yayincilik;Nvidia;309.84;Genc;79
5147;Beko Mutfak Robot Süpürge;Ev-Yasam;Mutfak;Beko;9122.51;Yasli;29
5148;Canson Resim Koleksiyonu;Hobi-Sanat;Resim;Canson;3356.42;Genc;32
5149;Daler Rowney Resim Koleksiyonu;Hobi-Sanat;Resim;Daler Rowney;485.54;Yetiskin;7
5150;North Face Fitness Antrenman Ekipmanı;Spor;Fitness;North Face;2547.57;Yetiskin;29
5151;Wilson Ekipman Antrenman Ekipmanı;Spor;Ekipman;Wilson;7664.26;Genc;33
5152;Pasabahce Mutfak Kahve Makinesi;Ev-Yasam;Mutfak;Pasabahce;5132.97;Yetiskin;83
5153;Everest Kisisel Gelisim Romanı/Kitabı;Kitap;Kisisel Gelisim;Everest;162.60;Yasli;23
5154;Bosch Konfor Aksesuarı;Otomobil-Aksesuar;Konfor;Bosch;3553.20;Yetiskin;33
5155;MSI Yayincilik Seti;Oyun;Yayincilik;MSI;3839.59;Yetiskin;33
5156;Nivea Bakim Ruj;Kozmetik;Bakim;Nivea;1827.26;Cocuk;79
5157;Wilson Ekipman Eşofman Takımı;Spor;Ekipman;Wilson;7000.69;Genc;66
5158;Lancome Bakim Ruj;Kozmetik;Bakim;Lancome;222.94;Cocuk;76
5159;Lancome Makyaj Cilt Serumu;Kozmetik;Makyaj;Lancome;1193.97;Yasli;45
5160;Marshall Analog DJ Ekipmanı;Muzik;Analog;Marshall;18645.14;Yetiskin;75
5161;Salomon Fitness Antrenman Ekipmanı;Spor;Fitness;Salomon;7977.44;Genc;88
5162;Nivea Makyaj Cilt Serumu;Kozmetik;Makyaj;Nivea;313.09;Cocuk;17
5163;Fender Analog Pikap;Muzik;Analog;Fender;21880.57;Yetiskin;7
5164;Zara Aksesuar Çanta;Moda;Aksesuar;Zara;3267.60;Genc;97
5165;Everest Tarih Romanı/Kitabı;Kitap;Tarih;Everest;185.41;Yetiskin;18
5166;Goodyear Guvenlik Aksesuarı;Otomobil-Aksesuar;Guvenlik;Goodyear;5178.27;Yetiskin;3
5167;Nike Sokak Stili Gözlük;Moda;Sokak Stili;Nike;3552.19;Yetiskin;26
5168;Yamaha Sahne DJ Ekipmanı;Muzik;Sahne;Yamaha;7318.65;Genc;99
5169;MAC Bakim Cilt Serumu;Kozmetik;Bakim;MAC;1588.12;Genc;98
5170;Nvidia Retro Koleksiyonu;Oyun;Retro;Nvidia;3316.90;Genc;48
5171;Daler Rowney El Sanatlari Paketi;Hobi-Sanat;El Sanatlari;Daler Rowney;3025.24;Cocuk;10
5172;Karaca Konfor Kahve Makinesi;Ev-Yasam;Konfor;Karaca;9985.46;Cocuk;11
5173;Levi's Sokak Stili Parfüm;Moda;Sokak Stili;Levi's;3816.33;Yetiskin;32
5174;Faber-Castell El Sanatlari Paketi;Hobi-Sanat;El Sanatlari;Faber-Castell;4287.65;Yasli;29
5175;Reebok Fitness Antrenman Ekipmanı;Spor;Fitness;Reebok;5614.27;Cocuk;19
5176;Everest Kisisel Gelisim Romanı/Kitabı;Kitap;Kisisel Gelisim;Everest;281.51;Genc;47
5177;Zara Aksesuar Ceket;Moda;Aksesuar;Zara;5451.45;Genc;88
5178;Estee Lauder Bakim Ruj;Kozmetik;Bakim;Estee Lauder;1306.32;Yasli;53
5179;Xiaomi Yazilim Akıllı Telefon;Teknoloji;Yazilim;Xiaomi;20987.52;Genc;1
5180;Tefal Konfor Robot Süpürge;Ev-Yasam;Konfor;Tefal;3669.01;Yetiskin;72
5181;Playmobil Aksiyon Seti;Oyuncak;Aksiyon;Playmobil;933.89;Yasli;62
5182;Bosch Konfor Aksesuarı;Otomobil-Aksesuar;Konfor;Bosch;4690.20;Genc;10
5183;Lacoste Aksesuar Gözlük;Moda;Aksesuar;Lacoste;939.94;Yetiskin;28
5184;Is Bankasi Yayinlari Edebiyat Romanı/Kitabı;Kitap;Edebiyat;Is Bankasi Yayinlari;439.20;Genc;75
5185;Marshall Sahne Amfi;Muzik;Sahne;Marshall;12423.12;Yetiskin;94
5186;SteelSeries Retro Paketi;Oyun;Retro;SteelSeries;1597.25;Yetiskin;12
5187;Meguiars Guvenlik Aksesuarı;Otomobil-Aksesuar;Guvenlik;Meguiars;14199.26;Genc;70
5188;VTech Klasik Koleksiyonu;Oyuncak;Klasik;VTech;2577.69;Cocuk;60
5189;Dior Parfum Göz Kalemi;Kozmetik;Parfum;Dior;1356.43;Yetiskin;60
5190;Derwent Kirtasiye Seti;Hobi-Sanat;Kirtasiye;Derwent;1498.23;Genc;19
5191;Reebok Fitness Koşu Ayakkabısı;Spor;Fitness;Reebok;5041.68;Genc;31
5192;Prismacolor Kirtasiye Paketi;Hobi-Sanat;Kirtasiye;Prismacolor;1670.02;Yetiskin;4
5193;Daler Rowney El Sanatlari Paketi;Hobi-Sanat;El Sanatlari;Daler Rowney;4136.91;Yasli;69
5194;Iletisim Edebiyat Romanı/Kitabı;Kitap;Edebiyat;Iletisim;92.76;Yetiskin;96
5195;Philips Mutfak Kahve Makinesi;Ev-Yasam;Mutfak;Philips;8811.05;Yetiskin;3
5196;LOreal Makyaj Cilt Serumu;Kozmetik;Makyaj;LOreal;1369.26;Cocuk;60
5197;Wilson Fitness Eşofman Takımı;Spor;Fitness;Wilson;7549.86;Yasli;83
5198;Mizuno Ekipman Spor Çantası;Spor;Ekipman;Mizuno;903.86;Genc;41
5199;Reeves Resim Paketi;Hobi-Sanat;Resim;Reeves;347.77;Cocuk;85
5200;Apple Ev Ofis Akıllı Telefon;Teknoloji;Ev Ofis;Apple;32458.63;Genc;13
5201;Asus Ev Ofis Bilgisayar;Teknoloji;Ev Ofis;Asus;25551.99;Yetiskin;70
5202;Salomon Outdoor Eşofman Takımı;Spor;Outdoor;Salomon;1748.59;Yasli;27
5203;Sparco Arac Bakimi Aksesuarı;Otomobil-Aksesuar;Arac Bakimi;Sparco;9840.68;Cocuk;54
5204;Spalding Fitness Koşu Ayakkabısı;Spor;Fitness;Spalding;5993.39;Yetiskin;13
5205;Goodyear Guvenlik Aksesuarı;Otomobil-Aksesuar;Guvenlik;Goodyear;4669.96;Yasli;87
5206;Sony Yazilim Akıllı Saat;Teknoloji;Yazilim;Sony;37086.14;Cocuk;82
5207;Sony Ev Ofis Akıllı Telefon;Teknoloji;Ev Ofis;Sony;42317.79;Yetiskin;44
5208;Dell Ev Ofis Tablet;Teknoloji;Ev Ofis;Dell;11036.39;Yasli;29
5209;Burberry Klasik Ceket;Moda;Klasik;Burberry;1239.34;Yasli;81
5210;Goodyear Arac Bakimi Aksesuarı;Otomobil-Aksesuar;Arac Bakimi;Goodyear;2836.53;Genc;4
5211;Lancome Parfum Göz Kalemi;Kozmetik;Parfum;Lancome;1078.98;Cocuk;45
5212;Columbia Outdoor Antrenman Ekipmanı;Spor;Outdoor;Columbia;7048.63;Yetiskin;87
5213;Adidas Sokak Stili Parfüm;Moda;Sokak Stili;Adidas;1886.75;Yetiskin;67
5214;Xiaomi Ev Ofis Akıllı Saat;Teknoloji;Ev Ofis;Xiaomi;44775.18;Yasli;97
5215;Corsair Yayincilik Seti;Oyun;Yayincilik;Corsair;4480.56;Yetiskin;3
5216;Ikea Mutfak Nevresim Takımı;Ev-Yasam;Mutfak;Ikea;2819.27;Genc;58
5217;Logitech Retro Paketi;Oyun;Retro;Logitech;605.89;Yetiskin;18
5218;Marshall Studyo Enstrüman;Muzik;Studyo;Marshall;14368.22;Yetiskin;20
5219;Bosch Mutfak Dekoratif Lamba;Ev-Yasam;Mutfak;Bosch;1886.32;Cocuk;23
5220;Canson Kirtasiye Koleksiyonu;Hobi-Sanat;Kirtasiye;Canson;829.25;Cocuk;78
5221;Karaca Mutfak Robot Süpürge;Ev-Yasam;Mutfak;Karaca;9396.32;Yasli;78
5222;MGA Entertainment Klasik Seti;Oyuncak;Klasik;MGA Entertainment;625.55;Cocuk;49
5223;Melissa Doug Egitici Paketi;Oyuncak;Egitici;Melissa Doug;1454.32;Yasli;59
5224;Yapi Kredi Kisisel Gelisim Romanı/Kitabı;Kitap;Kisisel Gelisim;Yapi Kredi;486.13;Cocuk;49
5225;Estee Lauder Makyaj Ruj;Kozmetik;Makyaj;Estee Lauder;898.44;Genc;39
5226;Daler Rowney El Sanatlari Paketi;Hobi-Sanat;El Sanatlari;Daler Rowney;264.11;Yasli;20
5227;JBL Sahne Enstrüman;Muzik;Sahne;JBL;2777.20;Yetiskin;36
5228;Philips Konfor Robot Süpürge;Ev-Yasam;Konfor;Philips;9449.72;Yasli;82
5229;Philips Mutfak Robot Süpürge;Ev-Yasam;Mutfak;Philips;10424.37;Genc;14
5230;LOreal Parfum Cilt Serumu;Kozmetik;Parfum;LOreal;158.53;Cocuk;12
5231;Nike Aksesuar Ceket;Moda;Aksesuar;Nike;4932.85;Yetiskin;79
5232;Bosch Guvenlik Aksesuarı;Otomobil-Aksesuar;Guvenlik;Bosch;626.94;Cocuk;5
5233;Puma Aksesuar Saat;Moda;Aksesuar;Puma;2192.60;Genc;62
5234;Lacoste Sokak Stili Çanta;Moda;Sokak Stili;Lacoste;3008.01;Yasli;46
5235;Bosch Konfor Dekoratif Lamba;Ev-Yasam;Konfor;Bosch;8403.74;Yetiskin;21
5236;Is Bankasi Yayinlari Kisisel Gelisim Romanı/Kitabı;Kitap;Kisisel Gelisim;Is Bankasi Yayinlari;182.53;Yetiskin;77
5237;Winsor Newton El Sanatlari Paketi;Hobi-Sanat;El Sanatlari;Winsor Newton;2253.75;Cocuk;71
5238;Ithaki Tarih Romanı/Kitabı;Kitap;Tarih;Ithaki;315.73;Yasli;69
5239;HP Ev Ofis Akıllı Saat;Teknoloji;Ev Ofis;HP;33580.74;Yasli;70
5240;Yapi Kredi Edebiyat Romanı/Kitabı;Kitap;Edebiyat;Yapi Kredi;116.72;Genc;35
5241;Yapi Kredi Tarih Romanı/Kitabı;Kitap;Tarih;Yapi Kredi;347.90;Yasli;74
5242;Hasbro Klasik Seti;Oyuncak;Klasik;Hasbro;103.75;Cocuk;59
5243;Liquitex Resim Seti;Hobi-Sanat;Resim;Liquitex;4437.87;Genc;9
5244;Can Yayinlari Kisisel Gelisim Romanı/Kitabı;Kitap;Kisisel Gelisim;Can Yayinlari;134.28;Yasli;100
5245;Nintendo E-Spor Seti;Oyun;E-Spor;Nintendo;469.85;Cocuk;64
5246;Maybelline Makyaj Göz Kalemi;Kozmetik;Makyaj;Maybelline;1348.13;Genc;74
5247;Reeves Resim Koleksiyonu;Hobi-Sanat;Resim;Reeves;1603.51;Cocuk;16
5248;Goodyear Guvenlik Aksesuarı;Otomobil-Aksesuar;Guvenlik;Goodyear;12413.09;Cocuk;45
5249;Playmobil Klasik Seti;Oyuncak;Klasik;Playmobil;3480.44;Yetiskin;63
5250;Spin Master Aksiyon Paketi;Oyuncak;Aksiyon;Spin Master;888.49;Yasli;96
5251;Mattel Klasik Seti;Oyuncak;Klasik;Mattel;4503.34;Cocuk;96
5252;Razer Yayincilik Koleksiyonu;Oyun;Yayincilik;Razer;4663.85;Genc;73
5253;Metis Kisisel Gelisim Romanı/Kitabı;Kitap;Kisisel Gelisim;Metis;268.96;Genc;19
5254;Faber-Castell El Sanatlari Seti;Hobi-Sanat;El Sanatlari;Faber-Castell;904.46;Yasli;46
5255;Playmobil Egitici Paketi;Oyuncak;Egitici;Playmobil;2137.19;Yetiskin;76
5256;Tefal Dekorasyon Robot Süpürge;Ev-Yasam;Dekorasyon;Tefal;5916.85;Cocuk;96
5257;Yapi Kredi Tarih Romanı/Kitabı;Kitap;Tarih;Yapi Kredi;73.90;Cocuk;46
5258;Chanel Bakim Cilt Serumu;Kozmetik;Bakim;Chanel;1943.97;Yetiskin;62
5259;Michelin Arac Bakimi Aksesuarı;Otomobil-Aksesuar;Arac Bakimi;Michelin;9994.02;Yasli;1
5260;Can Yayinlari Kisisel Gelisim Romanı/Kitabı;Kitap;Kisisel Gelisim;Can Yayinlari;75.09;Genc;20
5261;HyperX E-Spor Seti;Oyun;E-Spor;HyperX;2030.19;Genc;94
5262;Gibson Studyo DJ Ekipmanı;Muzik;Studyo;Gibson;14666.24;Yasli;52
5263;MAC Parfum Ruj;Kozmetik;Parfum;MAC;1474.33;Genc;66
5264;Tefal Mutfak Nevresim Takımı;Ev-Yasam;Mutfak;Tefal;6599.62;Yetiskin;50
5265;Hot Wheels Egitici Koleksiyonu;Oyuncak;Egitici;Hot Wheels;3249.26;Cocuk;24
5266;Pebeo Resim Seti;Hobi-Sanat;Resim;Pebeo;302.55;Cocuk;11
5267;Asus Mobil Yasam Kulaklık;Teknoloji;Mobil Yasam;Asus;42117.73;Genc;4
5268;Razer Retro Paketi;Oyun;Retro;Razer;664.22;Cocuk;68
5269;Maybelline Makyaj Göz Kalemi;Kozmetik;Makyaj;Maybelline;1196.46;Yasli;91
5270;Continental Guvenlik Aksesuarı;Otomobil-Aksesuar;Guvenlik;Continental;5231.97;Yetiskin;26
5271;Castrol Guvenlik Aksesuarı;Otomobil-Aksesuar;Guvenlik;Castrol;11840.52;Yetiskin;33
5272;Pasabahce Dekorasyon Robot Süpürge;Ev-Yasam;Dekorasyon;Pasabahce;9630.84;Cocuk;75
5273;Huawei Mobil Yasam Kulaklık;Teknoloji;Mobil Yasam;Huawei;5534.69;Yetiskin;81
5274;Chanel Makyaj Nemlendirici;Kozmetik;Makyaj;Chanel;1051.93;Yetiskin;31
5275;Nintendo Yayincilik Koleksiyonu;Oyun;Yayincilik;Nintendo;4482.18;Yetiskin;97
5276;Everest Kisisel Gelisim Romanı/Kitabı;Kitap;Kisisel Gelisim;Everest;80.69;Yasli;88
5277;VTech Aksiyon Seti;Oyuncak;Aksiyon;VTech;2389.32;Cocuk;43
5278;H&M Klasik Ceket;Moda;Klasik;H&M;1464.09;Yetiskin;74
5279;Moleskine El Sanatlari Paketi;Hobi-Sanat;El Sanatlari;Moleskine;404.59;Yasli;32
5280;Nvidia E-Spor Paketi;Oyun;E-Spor;Nvidia;579.90;Yasli;50
5281;Sephora Parfum Cilt Serumu;Kozmetik;Parfum;Sephora;775.25;Yasli;83
5282;Nivea Parfum Nemlendirici;Kozmetik;Parfum;Nivea;861.40;Genc;27
5283;Faber-Castell Resim Paketi;Hobi-Sanat;Resim;Faber-Castell;4348.01;Yetiskin;56
5284;Prada Sokak Stili Parfüm;Moda;Sokak Stili;Prada;4488.04;Yetiskin;7
5285;Metis Edebiyat Romanı/Kitabı;Kitap;Edebiyat;Metis;477.46;Genc;20
5286;LOreal Makyaj Ruj;Kozmetik;Makyaj;LOreal;1774.19;Yasli;63
5287;Madame Coco Dekorasyon Nevresim Takımı;Ev-Yasam;Dekorasyon;Madame Coco;9337.40;Genc;65
5288;H&M Sokak Stili Saat;Moda;Sokak Stili;H&M;5949.84;Genc;82
5289;Everest Edebiyat Romanı/Kitabı;Kitap;Edebiyat;Everest;449.76;Genc;43
5290;Spalding Fitness Spor Çantası;Spor;Fitness;Spalding;1455.30;Cocuk;14
5291;Decathlon Outdoor Spor Çantası;Spor;Outdoor;Decathlon;677.10;Yetiskin;4
5292;Alfa Yayinlari Kisisel Gelisim Romanı/Kitabı;Kitap;Kisisel Gelisim;Alfa Yayinlari;157.85;Genc;96
5293;Mattel Aksiyon Paketi;Oyuncak;Aksiyon;Mattel;3818.17;Genc;21
5294;Iletisim Edebiyat Romanı/Kitabı;Kitap;Edebiyat;Iletisim;56.67;Cocuk;36
5295;Ithaki Tarih Romanı/Kitabı;Kitap;Tarih;Ithaki;463.79;Yetiskin;42
5296;Clinique Bakim Nemlendirici;Kozmetik;Bakim;Clinique;691.30;Cocuk;65
5297;HP Mobil Yasam Akıllı Saat;Teknoloji;Mobil Yasam;HP;31490.65;Cocuk;21
5298;Dior Bakim Cilt Serumu;Kozmetik;Bakim;Dior;1399.06;Cocuk;85
5299;Dogan Kitap Edebiyat Romanı/Kitabı;Kitap;Edebiyat;Dogan Kitap;433.05;Yasli;78
5300;Sony Mobil Yasam Akıllı Telefon;Teknoloji;Mobil Yasam;Sony;42145.75;Yasli;31
5301;Can Yayinlari Kisisel Gelisim Romanı/Kitabı;Kitap;Kisisel Gelisim;Can Yayinlari;413.81;Genc;86
5302;Asus Ev Ofis Akıllı Telefon;Teknoloji;Ev Ofis;Asus;24099.76;Cocuk;7
5303;Lenovo Yazilim Kulaklık;Teknoloji;Yazilim;Lenovo;37134.99;Genc;56
5304;Ikea Konfor Robot Süpürge;Ev-Yasam;Konfor;Ikea;10363.98;Genc;20
5305;Apple Mobil Yasam Bilgisayar;Teknoloji;Mobil Yasam;Apple;26421.78;Yasli;50
5306;Huawei Ev Ofis Akıllı Telefon;Teknoloji;Ev Ofis;Huawei;40037.18;Yetiskin;76
5307;SteelSeries E-Spor Koleksiyonu;Oyun;E-Spor;SteelSeries;630.59;Yasli;34
5308;Decathlon Ekipman Eşofman Takımı;Spor;Ekipman;Decathlon;4318.57;Yasli;62
5309;VTech Aksiyon Koleksiyonu;Oyuncak;Aksiyon;VTech;2633.50;Yetiskin;62
5310;MAC Bakim Göz Kalemi;Kozmetik;Bakim;MAC;381.91;Yetiskin;18
5311;Pegasus Tarih Romanı/Kitabı;Kitap;Tarih;Pegasus;207.51;Cocuk;18
5312;Is Bankasi Yayinlari Edebiyat Romanı/Kitabı;Kitap;Edebiyat;Is Bankasi Yayinlari;168.34;Yetiskin;36
5313;Daler Rowney El Sanatlari Paketi;Hobi-Sanat;El Sanatlari;Daler Rowney;649.78;Yasli;66
5314;Zara Klasik Ceket;Moda;Klasik;Zara;3138.82;Genc;75
5315;Lacoste Klasik Saat;Moda;Klasik;Lacoste;4432.33;Yasli;22
5316;Sony Mobil Yasam Kulaklık;Teknoloji;Mobil Yasam;Sony;12427.99;Cocuk;57
5317;3M Konfor Aksesuarı;Otomobil-Aksesuar;Konfor;3M;9502.32;Cocuk;53
5318;Dogan Kitap Tarih Romanı/Kitabı;Kitap;Tarih;Dogan Kitap;379.79;Yetiskin;98
5319;Faber-Castell Kirtasiye Paketi;Hobi-Sanat;Kirtasiye;Faber-Castell;3558.98;Cocuk;15
5320;Daler Rowney Resim Seti;Hobi-Sanat;Resim;Daler Rowney;4890.17;Yetiskin;70
5321;VTech Klasik Koleksiyonu;Oyuncak;Klasik;VTech;3422.19;Cocuk;94
5322;Zara Sokak Stili Gözlük;Moda;Sokak Stili;Zara;5677.93;Genc;96
5323;Pebeo Kirtasiye Paketi;Hobi-Sanat;Kirtasiye;Pebeo;4389.73;Yetiskin;35
5324;Clinique Bakim Göz Kalemi;Kozmetik;Bakim;Clinique;200.71;Cocuk;79
5325;Gigabyte Yayincilik Seti;Oyun;Yayincilik;Gigabyte;3257.24;Yetiskin;43
5326;Winsor Newton Kirtasiye Seti;Hobi-Sanat;Kirtasiye;Winsor Newton;4999.28;Cocuk;69
5327;Nvidia Yayincilik Koleksiyonu;Oyun;Yayincilik;Nvidia;4782.57;Yetiskin;34
5328;Can Yayinlari Edebiyat Romanı/Kitabı;Kitap;Edebiyat;Can Yayinlari;305.93;Yasli;42
5329;Reebok Fitness Eşofman Takımı;Spor;Fitness;Reebok;6854.96;Yetiskin;16
5330;Maybelline Makyaj Nemlendirici;Kozmetik;Makyaj;Maybelline;1916.54;Yetiskin;3
5331;Reebok Ekipman Antrenman Ekipmanı;Spor;Ekipman;Reebok;5077.86;Cocuk;1
5332;Gibson Studyo Pikap;Muzik;Studyo;Gibson;17445.65;Genc;36
5333;Razer E-Spor Seti;Oyun;E-Spor;Razer;4235.01;Yasli;56
5334;Roland Sahne DJ Ekipmanı;Muzik;Sahne;Roland;14163.16;Cocuk;16
5335;Hot Wheels Aksiyon Paketi;Oyuncak;Aksiyon;Hot Wheels;4850.28;Cocuk;51
5336;VTech Klasik Koleksiyonu;Oyuncak;Klasik;VTech;1253.56;Genc;12
5337;SteelSeries Yayincilik Seti;Oyun;Yayincilik;SteelSeries;3179.56;Yetiskin;38
5338;Nintendo Yayincilik Paketi;Oyun;Yayincilik;Nintendo;3948.42;Genc;85
5339;Mizuno Fitness Spor Çantası;Spor;Fitness;Mizuno;5751.99;Yasli;75
5340;Logitech Yayincilik Koleksiyonu;Oyun;Yayincilik;Logitech;1771.18;Cocuk;99
5341;Sephora Makyaj Göz Kalemi;Kozmetik;Makyaj;Sephora;1981.51;Yetiskin;80
5342;Derwent Kirtasiye Koleksiyonu;Hobi-Sanat;Kirtasiye;Derwent;4986.38;Yetiskin;27
5343;Sephora Makyaj Nemlendirici;Kozmetik;Makyaj;Sephora;1069.58;Cocuk;36
5344;Daler Rowney Kirtasiye Seti;Hobi-Sanat;Kirtasiye;Daler Rowney;3914.79;Yetiskin;44
5345;Adidas Aksesuar Gözlük;Moda;Aksesuar;Adidas;2713.92;Yasli;98
5346;Prada Klasik Çanta;Moda;Klasik;Prada;478.51;Genc;80
5347;Bose Sahne Enstrüman;Muzik;Sahne;Bose;8990.17;Genc;22
5348;Daler Rowney Resim Paketi;Hobi-Sanat;Resim;Daler Rowney;3847.15;Yasli;63
5349;Wilson Outdoor Koşu Ayakkabısı;Spor;Outdoor;Wilson;1401.50;Yasli;70
5350;Zara Aksesuar Çanta;Moda;Aksesuar;Zara;4439.61;Yetiskin;26
5351;JBL Sahne Amfi;Muzik;Sahne;JBL;17840.34;Yetiskin;54
5352;Daler Rowney El Sanatlari Seti;Hobi-Sanat;El Sanatlari;Daler Rowney;1309.74;Yasli;25
5353;Corsair Yayincilik Paketi;Oyun;Yayincilik;Corsair;2973.84;Yetiskin;34
5354;Columbia Ekipman Antrenman Ekipmanı;Spor;Ekipman;Columbia;1557.84;Genc;24
5355;Zowie E-Spor Koleksiyonu;Oyun;E-Spor;Zowie;3720.53;Genc;19
5356;Sephora Makyaj Göz Kalemi;Kozmetik;Makyaj;Sephora;513.21;Yetiskin;9
5357;Burberry Aksesuar Çanta;Moda;Aksesuar;Burberry;2532.86;Yasli;13
5358;Nike Klasik Parfüm;Moda;Klasik;Nike;518.88;Yasli;11
5359;Salomon Ekipman Antrenman Ekipmanı;Spor;Ekipman;Salomon;5911.57;Yasli;61
5360;Castrol Konfor Aksesuarı;Otomobil-Aksesuar;Konfor;Castrol;2122.80;Yasli;63
5361;Clinique Makyaj Ruj;Kozmetik;Makyaj;Clinique;1747.20;Genc;54
5362;Asus Mobil Yasam Akıllı Telefon;Teknoloji;Mobil Yasam;Asus;9589.16;Cocuk;57
5363;Hot Wheels Aksiyon Seti;Oyuncak;Aksiyon;Hot Wheels;219.09;Yasli;57
5364;Salomon Fitness Koşu Ayakkabısı;Spor;Fitness;Salomon;5455.71;Cocuk;100
5365;North Face Outdoor Eşofman Takımı;Spor;Outdoor;North Face;3543.19;Yetiskin;62
5366;HP Yazilim Tablet;Teknoloji;Yazilim;HP;16486.95;Yasli;25
5367;JBL Sahne DJ Ekipmanı;Muzik;Sahne;JBL;24831.79;Cocuk;6
5368;Pioneer Konfor Aksesuarı;Otomobil-Aksesuar;Konfor;Pioneer;2582.47;Cocuk;47
5369;Faber-Castell Kirtasiye Koleksiyonu;Hobi-Sanat;Kirtasiye;Faber-Castell;2599.80;Genc;33
5370;SteelSeries Retro Paketi;Oyun;Retro;SteelSeries;2989.82;Yetiskin;96
5371;English Home Mutfak Nevresim Takımı;Ev-Yasam;Mutfak;English Home;9262.12;Cocuk;36
5372;English Home Mutfak Dekoratif Lamba;Ev-Yasam;Mutfak;English Home;8057.44;Genc;43
5373;Lancome Parfum Ruj;Kozmetik;Parfum;Lancome;758.39;Yasli;68
5374;HyperX Retro Paketi;Oyun;Retro;HyperX;2721.99;Yasli;85
5375;Lancome Makyaj Cilt Serumu;Kozmetik;Makyaj;Lancome;1905.09;Genc;42
5376;Playmobil Aksiyon Seti;Oyuncak;Aksiyon;Playmobil;4909.10;Yetiskin;43
5377;Under Armour Outdoor Spor Çantası;Spor;Outdoor;Under Armour;694.00;Yasli;8
5378;Gigabyte Yayincilik Paketi;Oyun;Yayincilik;Gigabyte;4466.72;Yasli;52
5379;Michelin Konfor Aksesuarı;Otomobil-Aksesuar;Konfor;Michelin;7039.26;Yasli;32
5380;English Home Mutfak Kahve Makinesi;Ev-Yasam;Mutfak;English Home;10849.41;Yasli;96
5381;MGA Entertainment Aksiyon Koleksiyonu;Oyuncak;Aksiyon;MGA Entertainment;1963.80;Cocuk;21
5382;Wilson Ekipman Antrenman Ekipmanı;Spor;Ekipman;Wilson;3554.39;Yasli;57
5383;MGA Entertainment Egitici Seti;Oyuncak;Egitici;MGA Entertainment;3784.74;Yasli;27
5384;Bose Studyo DJ Ekipmanı;Muzik;Studyo;Bose;17469.07;Yasli;18
5385;Fisher-Price Klasik Seti;Oyuncak;Klasik;Fisher-Price;2015.74;Cocuk;10
5386;Logitech E-Spor Seti;Oyun;E-Spor;Logitech;4391.15;Yetiskin;100
5387;Gibson Studyo DJ Ekipmanı;Muzik;Studyo;Gibson;23751.00;Cocuk;19
5388;JBL Sahne Enstrüman;Muzik;Sahne;JBL;4096.25;Genc;91
5389;Pebeo Kirtasiye Koleksiyonu;Hobi-Sanat;Kirtasiye;Pebeo;4636.43;Yetiskin;14
5390;Estee Lauder Makyaj Göz Kalemi;Kozmetik;Makyaj;Estee Lauder;1140.60;Yetiskin;27
5391;Nivea Bakim Ruj;Kozmetik;Bakim;Nivea;1789.60;Yetiskin;45
5392;Ithaki Edebiyat Romanı/Kitabı;Kitap;Edebiyat;Ithaki;476.97;Genc;7
5393;Decathlon Ekipman Spor Çantası;Spor;Ekipman;Decathlon;4550.10;Yasli;49
5394;Alfa Yayinlari Tarih Romanı/Kitabı;Kitap;Tarih;Alfa Yayinlari;327.73;Yetiskin;79
5395;Bosch Konfor Aksesuarı;Otomobil-Aksesuar;Konfor;Bosch;3928.88;Genc;61
5396;Zowie Retro Seti;Oyun;Retro;Zowie;2347.65;Genc;1
5397;LG Yazilim Akıllı Telefon;Teknoloji;Yazilim;LG;41712.12;Genc;86
5398;Chanel Bakim Cilt Serumu;Kozmetik;Bakim;Chanel;1577.28;Yasli;2
5399;Sony Yazilim Bilgisayar;Teknoloji;Yazilim;Sony;3693.81;Cocuk;18
5400;Dell Mobil Yasam Kulaklık;Teknoloji;Mobil Yasam;Dell;18948.38;Cocuk;96
5401;Michelin Arac Bakimi Aksesuarı;Otomobil-Aksesuar;Arac Bakimi;Michelin;12075.77;Cocuk;22
5402;Bosch Guvenlik Aksesuarı;Otomobil-Aksesuar;Guvenlik;Bosch;7589.41;Cocuk;55
5403;Dior Makyaj Göz Kalemi;Kozmetik;Makyaj;Dior;1133.54;Genc;29
5404;Prismacolor Kirtasiye Koleksiyonu;Hobi-Sanat;Kirtasiye;Prismacolor;4535.70;Yasli;62
5405;Mizuno Ekipman Koşu Ayakkabısı;Spor;Ekipman;Mizuno;6659.27;Cocuk;85
5406;Metis Tarih Romanı/Kitabı;Kitap;Tarih;Metis;414.88;Yetiskin;91
5407;Bosch Konfor Robot Süpürge;Ev-Yasam;Konfor;Bosch;9825.80;Cocuk;21
5408;Logitech Yayincilik Paketi;Oyun;Yayincilik;Logitech;1302.03;Genc;89
5409;Pegasus Edebiyat Romanı/Kitabı;Kitap;Edebiyat;Pegasus;140.57;Cocuk;90
5410;Dell Ev Ofis Akıllı Telefon;Teknoloji;Ev Ofis;Dell;43636.48;Yetiskin;95
5411;Pebeo Resim Seti;Hobi-Sanat;Resim;Pebeo;2817.27;Genc;91
5412;Pebeo El Sanatlari Paketi;Hobi-Sanat;El Sanatlari;Pebeo;1976.00;Yetiskin;48
5413;Clinique Bakim Ruj;Kozmetik;Bakim;Clinique;1930.40;Cocuk;89
5414;Philips Konfor Nevresim Takımı;Ev-Yasam;Konfor;Philips;2446.15;Yetiskin;23
5415;Melissa Doug Klasik Seti;Oyuncak;Klasik;Melissa Doug;3501.43;Genc;35
5416;Spin Master Klasik Koleksiyonu;Oyuncak;Klasik;Spin Master;3787.55;Cocuk;5
5417;Fisher-Price Egitici Seti;Oyuncak;Egitici;Fisher-Price;3924.30;Yetiskin;74
5418;Marshall Sahne Enstrüman;Muzik;Sahne;Marshall;15355.88;Genc;87
5419;Bridgestone Konfor Aksesuarı;Otomobil-Aksesuar;Konfor;Bridgestone;12189.42;Cocuk;33
5420;Salomon Outdoor Koşu Ayakkabısı;Spor;Outdoor;Salomon;4914.74;Cocuk;78
5421;Bose Sahne Amfi;Muzik;Sahne;Bose;17180.39;Yasli;49
5422;Pegasus Edebiyat Romanı/Kitabı;Kitap;Edebiyat;Pegasus;134.93;Cocuk;61
5423;Fisher-Price Egitici Paketi;Oyuncak;Egitici;Fisher-Price;1563.31;Yetiskin;2
5424;Tefal Mutfak Robot Süpürge;Ev-Yasam;Mutfak;Tefal;6613.13;Yetiskin;100
5425;LEGO Egitici Paketi;Oyuncak;Egitici;LEGO;505.46;Yasli;58
5426;Huawei Mobil Yasam Kulaklık;Teknoloji;Mobil Yasam;Huawei;24013.72;Genc;9
5427;Hot Wheels Klasik Seti;Oyuncak;Klasik;Hot Wheels;861.25;Yasli;56
5428;Metis Edebiyat Romanı/Kitabı;Kitap;Edebiyat;Metis;76.24;Yasli;66
5429;Wilson Ekipman Antrenman Ekipmanı;Spor;Ekipman;Wilson;5936.60;Cocuk;40
5430;Estee Lauder Bakim Ruj;Kozmetik;Bakim;Estee Lauder;1384.57;Genc;3
5431;Nintendo E-Spor Koleksiyonu;Oyun;E-Spor;Nintendo;3750.46;Yasli;9
5432;North Face Ekipman Spor Çantası;Spor;Ekipman;North Face;1516.61;Yetiskin;74
5433;Prismacolor El Sanatlari Koleksiyonu;Hobi-Sanat;El Sanatlari;Prismacolor;384.51;Cocuk;22
5434;Bridgestone Arac Bakimi Aksesuarı;Otomobil-Aksesuar;Arac Bakimi;Bridgestone;10772.12;Yetiskin;32
5435;Xiaomi Mobil Yasam Bilgisayar;Teknoloji;Mobil Yasam;Xiaomi;3355.87;Genc;83
5436;Sparco Guvenlik Aksesuarı;Otomobil-Aksesuar;Guvenlik;Sparco;11527.66;Cocuk;15
5437;Philips Konfor Robot Süpürge;Ev-Yasam;Konfor;Philips;2874.31;Cocuk;97
5438;Karaca Mutfak Robot Süpürge;Ev-Yasam;Mutfak;Karaca;8398.80;Cocuk;61
5439;JBL Studyo Enstrüman;Muzik;Studyo;JBL;12073.30;Yetiskin;23
5440;Faber-Castell Kirtasiye Seti;Hobi-Sanat;Kirtasiye;Faber-Castell;2527.23;Yetiskin;22
5441;Reebok Fitness Spor Çantası;Spor;Fitness;Reebok;1054.64;Yetiskin;3
5442;Yapi Kredi Tarih Romanı/Kitabı;Kitap;Tarih;Yapi Kredi;225.98;Yetiskin;5
5443;Castelli Fitness Spor Çantası;Spor;Fitness;Castelli;3458.58;Yetiskin;95
5444;Michelin Arac Bakimi Aksesuarı;Otomobil-Aksesuar;Arac Bakimi;Michelin;10513.82;Yasli;93
5445;Nivea Makyaj Nemlendirici;Kozmetik;Makyaj;Nivea;692.39;Yetiskin;68
5446;Spin Master Egitici Koleksiyonu;Oyuncak;Egitici;Spin Master;3824.90;Yasli;82
5447;Mizuno Fitness Antrenman Ekipmanı;Spor;Fitness;Mizuno;2192.51;Cocuk;40
5448;MGA Entertainment Egitici Paketi;Oyuncak;Egitici;MGA Entertainment;3868.63;Cocuk;5
5449;Dell Yazilim Kulaklık;Teknoloji;Yazilim;Dell;30482.51;Genc;1
5450;Castelli Ekipman Antrenman Ekipmanı;Spor;Ekipman;Castelli;6443.87;Cocuk;58
5451;Sephora Makyaj Cilt Serumu;Kozmetik;Makyaj;Sephora;619.21;Yetiskin;4
5452;MSI Retro Seti;Oyun;Retro;MSI;1126.98;Yasli;49
5453;Puma Klasik Saat;Moda;Klasik;Puma;4001.36;Cocuk;23
5454;Sennheiser Analog Pikap;Muzik;Analog;Sennheiser;15009.47;Yetiskin;8
5455;Clinique Parfum Cilt Serumu;Kozmetik;Parfum;Clinique;1195.59;Yetiskin;78
5456;Reeves Kirtasiye Seti;Hobi-Sanat;Kirtasiye;Reeves;844.78;Genc;26
5457;Under Armour Ekipman Koşu Ayakkabısı;Spor;Ekipman;Under Armour;1121.92;Yetiskin;63
5458;English Home Konfor Dekoratif Lamba;Ev-Yasam;Konfor;English Home;5978.06;Genc;36
5459;Apple Ev Ofis Akıllı Saat;Teknoloji;Ev Ofis;Apple;17555.05;Cocuk;24
5460;Pioneer Guvenlik Aksesuarı;Otomobil-Aksesuar;Guvenlik;Pioneer;3096.51;Cocuk;11
5461;Wilson Ekipman Spor Çantası;Spor;Ekipman;Wilson;4751.41;Yetiskin;95
5462;Winsor Newton Kirtasiye Seti;Hobi-Sanat;Kirtasiye;Winsor Newton;3284.73;Cocuk;84
5463;Derwent El Sanatlari Seti;Hobi-Sanat;El Sanatlari;Derwent;3330.56;Yasli;77
5464;Goodyear Konfor Aksesuarı;Otomobil-Aksesuar;Konfor;Goodyear;2922.71;Yasli;18
5465;JBL Studyo Enstrüman;Muzik;Studyo;JBL;24527.12;Yetiskin;69
5466;Liquitex Kirtasiye Koleksiyonu;Hobi-Sanat;Kirtasiye;Liquitex;4400.04;Genc;3
5467;Bosch Konfor Aksesuarı;Otomobil-Aksesuar;Konfor;Bosch;8983.31;Yetiskin;13
5468;Sparco Arac Bakimi Aksesuarı;Otomobil-Aksesuar;Arac Bakimi;Sparco;11470.81;Genc;34
5469;MGA Entertainment Klasik Seti;Oyuncak;Klasik;MGA Entertainment;323.79;Yasli;26
5470;Sparco Konfor Aksesuarı;Otomobil-Aksesuar;Konfor;Sparco;10076.26;Yasli;74
5471;LOreal Makyaj Göz Kalemi;Kozmetik;Makyaj;LOreal;1478.21;Cocuk;69
5472;Yapi Kredi Edebiyat Romanı/Kitabı;Kitap;Edebiyat;Yapi Kredi;499.50;Genc;12
5473;Fisher-Price Aksiyon Seti;Oyuncak;Aksiyon;Fisher-Price;1301.86;Cocuk;23
5474;Corsair Yayincilik Seti;Oyun;Yayincilik;Corsair;4924.86;Genc;75
5475;Nivea Makyaj Cilt Serumu;Kozmetik;Makyaj;Nivea;1008.56;Cocuk;65
5476;Ithaki Kisisel Gelisim Romanı/Kitabı;Kitap;Kisisel Gelisim;Ithaki;388.29;Genc;85
5477;MGA Entertainment Klasik Paketi;Oyuncak;Klasik;MGA Entertainment;2043.83;Genc;42
5478;Pioneer Arac Bakimi Aksesuarı;Otomobil-Aksesuar;Arac Bakimi;Pioneer;1667.58;Genc;48
5479;Hasbro Aksiyon Koleksiyonu;Oyuncak;Aksiyon;Hasbro;2368.23;Yasli;62
5480;Ikea Dekorasyon Nevresim Takımı;Ev-Yasam;Dekorasyon;Ikea;8663.66;Cocuk;10
5481;Bosch Konfor Aksesuarı;Otomobil-Aksesuar;Konfor;Bosch;12421.30;Yasli;97
5482;Tefal Konfor Kahve Makinesi;Ev-Yasam;Konfor;Tefal;5070.98;Genc;21
5483;Liquitex El Sanatlari Seti;Hobi-Sanat;El Sanatlari;Liquitex;4702.95;Yetiskin;49
5484;Ikea Konfor Kahve Makinesi;Ev-Yasam;Konfor;Ikea;4255.90;Cocuk;23
5485;Castrol Guvenlik Aksesuarı;Otomobil-Aksesuar;Guvenlik;Castrol;11463.91;Yasli;54
5486;Zara Aksesuar Çanta;Moda;Aksesuar;Zara;929.45;Genc;69
5487;Mizuno Fitness Antrenman Ekipmanı;Spor;Fitness;Mizuno;7317.54;Yasli;23
5488;Continental Guvenlik Aksesuarı;Otomobil-Aksesuar;Guvenlik;Continental;9863.14;Yetiskin;1
5489;Nintendo Retro Koleksiyonu;Oyun;Retro;Nintendo;4166.94;Cocuk;36
5490;Tefal Mutfak Kahve Makinesi;Ev-Yasam;Mutfak;Tefal;7988.04;Cocuk;91
5491;Maybelline Parfum Nemlendirici;Kozmetik;Parfum;Maybelline;844.81;Genc;87
5492;Samsung Yazilim Tablet;Teknoloji;Yazilim;Samsung;25739.49;Yasli;71
5493;Salomon Fitness Spor Çantası;Spor;Fitness;Salomon;3815.23;Yetiskin;11
5494;Goodyear Arac Bakimi Aksesuarı;Otomobil-Aksesuar;Arac Bakimi;Goodyear;5758.01;Cocuk;70
5495;Bose Analog DJ Ekipmanı;Muzik;Analog;Bose;19156.08;Yasli;25
5496;Ithaki Edebiyat Romanı/Kitabı;Kitap;Edebiyat;Ithaki;121.83;Cocuk;3
5497;Zowie E-Spor Paketi;Oyun;E-Spor;Zowie;638.89;Yasli;18
5498;Dell Yazilim Tablet;Teknoloji;Yazilim;Dell;7539.06;Genc;97
5499;Clinique Parfum Cilt Serumu;Kozmetik;Parfum;Clinique;425.57;Yetiskin;43
5500;Ikea Konfor Dekoratif Lamba;Ev-Yasam;Konfor;Ikea;7877.15;Yasli;7
5501;Dior Bakim Göz Kalemi;Kozmetik;Bakim;Dior;796.56;Cocuk;98
5502;HP Mobil Yasam Bilgisayar;Teknoloji;Mobil Yasam;HP;26235.34;Yetiskin;13
5503;Metis Kisisel Gelisim Romanı/Kitabı;Kitap;Kisisel Gelisim;Metis;487.78;Genc;3
5504;Liquitex El Sanatlari Koleksiyonu;Hobi-Sanat;El Sanatlari;Liquitex;545.27;Cocuk;72
5505;LOreal Makyaj Göz Kalemi;Kozmetik;Makyaj;LOreal;742.56;Genc;78
5506;Bose Studyo DJ Ekipmanı;Muzik;Studyo;Bose;20584.34;Yetiskin;30
5507;LOreal Bakim Cilt Serumu;Kozmetik;Bakim;LOreal;1320.75;Genc;88
5508;Adidas Aksesuar Gözlük;Moda;Aksesuar;Adidas;5228.44;Yetiskin;14
5509;Bosch Arac Bakimi Aksesuarı;Otomobil-Aksesuar;Arac Bakimi;Bosch;1313.72;Cocuk;76
5510;Adidas Klasik Parfüm;Moda;Klasik;Adidas;2334.26;Yetiskin;57
5511;Logitech Retro Paketi;Oyun;Retro;Logitech;731.97;Cocuk;99
5512;Marshall Studyo DJ Ekipmanı;Muzik;Studyo;Marshall;14920.47;Genc;30
5513;North Face Fitness Spor Çantası;Spor;Fitness;North Face;1989.75;Yasli;16
5514;Bridgestone Guvenlik Aksesuarı;Otomobil-Aksesuar;Guvenlik;Bridgestone;9024.83;Genc;58
5515;Under Armour Outdoor Koşu Ayakkabısı;Spor;Outdoor;Under Armour;6542.74;Yasli;89
5516;Gibson Analog Amfi;Muzik;Analog;Gibson;20212.01;Genc;70
5517;Dior Parfum Ruj;Kozmetik;Parfum;Dior;358.75;Yasli;76
5518;Iletisim Tarih Romanı/Kitabı;Kitap;Tarih;Iletisim;165.87;Genc;68
5519;Bosch Arac Bakimi Aksesuarı;Otomobil-Aksesuar;Arac Bakimi;Bosch;8964.71;Genc;34
5520;Audio-Technica Sahne Amfi;Muzik;Sahne;Audio-Technica;17029.12;Yetiskin;79
5521;Madame Coco Mutfak Dekoratif Lamba;Ev-Yasam;Mutfak;Madame Coco;7780.93;Yetiskin;59
5522;Spin Master Aksiyon Koleksiyonu;Oyuncak;Aksiyon;Spin Master;959.96;Yetiskin;5
5523;Faber-Castell Resim Koleksiyonu;Hobi-Sanat;Resim;Faber-Castell;4325.96;Cocuk;24
5524;Daler Rowney Resim Seti;Hobi-Sanat;Resim;Daler Rowney;2083.45;Yetiskin;7
5525;LOreal Bakim Ruj;Kozmetik;Bakim;LOreal;1556.34;Yetiskin;56
5526;Spalding Ekipman Koşu Ayakkabısı;Spor;Ekipman;Spalding;1128.79;Genc;73
5527;LEGO Klasik Paketi;Oyuncak;Klasik;LEGO;4488.94;Genc;4
5528;Sephora Makyaj Cilt Serumu;Kozmetik;Makyaj;Sephora;1010.33;Yetiskin;36
5529;Zowie E-Spor Koleksiyonu;Oyun;E-Spor;Zowie;946.38;Genc;31
5530;Prada Aksesuar Gözlük;Moda;Aksesuar;Prada;3324.79;Cocuk;66
5531;Samsung Mobil Yasam Akıllı Telefon;Teknoloji;Mobil Yasam;Samsung;28350.48;Cocuk;20
5532;Gigabyte Retro Koleksiyonu;Oyun;Retro;Gigabyte;4430.92;Yetiskin;36
5533;Spin Master Aksiyon Paketi;Oyuncak;Aksiyon;Spin Master;4016.79;Cocuk;54
5534;Moleskine Resim Paketi;Hobi-Sanat;Resim;Moleskine;563.16;Genc;70
5535;Burberry Klasik Gözlük;Moda;Klasik;Burberry;2467.20;Cocuk;38
5536;Dior Bakim Nemlendirici;Kozmetik;Bakim;Dior;1111.26;Genc;27
5537;Hot Wheels Aksiyon Koleksiyonu;Oyuncak;Aksiyon;Hot Wheels;1438.40;Genc;16
5538;Spalding Ekipman Antrenman Ekipmanı;Spor;Ekipman;Spalding;7005.16;Yasli;51
5539;Castelli Fitness Spor Çantası;Spor;Fitness;Castelli;4015.29;Genc;49
5540;Dogan Kitap Edebiyat Romanı/Kitabı;Kitap;Edebiyat;Dogan Kitap;412.70;Yasli;11
5541;Dior Parfum Cilt Serumu;Kozmetik;Parfum;Dior;834.82;Yetiskin;50
5542;Beko Mutfak Robot Süpürge;Ev-Yasam;Mutfak;Beko;10614.58;Genc;60
5543;Meguiars Arac Bakimi Aksesuarı;Otomobil-Aksesuar;Arac Bakimi;Meguiars;6979.56;Yasli;24
5544;Fender Studyo Pikap;Muzik;Studyo;Fender;18087.00;Yetiskin;39
5545;MGA Entertainment Klasik Koleksiyonu;Oyuncak;Klasik;MGA Entertainment;4047.61;Yetiskin;51
5546;Asus Yazilim Kulaklık;Teknoloji;Yazilim;Asus;33302.21;Yetiskin;34
5547;Canson Kirtasiye Koleksiyonu;Hobi-Sanat;Kirtasiye;Canson;1388.63;Cocuk;77
5548;Razer Retro Seti;Oyun;Retro;Razer;246.36;Yetiskin;35
5549;Can Yayinlari Kisisel Gelisim Romanı/Kitabı;Kitap;Kisisel Gelisim;Can Yayinlari;334.24;Genc;83
5550;Wilson Fitness Spor Çantası;Spor;Fitness;Wilson;1182.31;Genc;13
5551;MGA Entertainment Aksiyon Seti;Oyuncak;Aksiyon;MGA Entertainment;1999.82;Cocuk;20
5552;Spalding Ekipman Antrenman Ekipmanı;Spor;Ekipman;Spalding;4851.66;Yasli;99
5553;Sony Ev Ofis Tablet;Teknoloji;Ev Ofis;Sony;22131.27;Yetiskin;49
5554;Canson Resim Seti;Hobi-Sanat;Resim;Canson;1116.77;Cocuk;23
5555;Iletisim Edebiyat Romanı/Kitabı;Kitap;Edebiyat;Iletisim;84.58;Yetiskin;5
5556;Castelli Outdoor Eşofman Takımı;Spor;Outdoor;Castelli;1368.59;Yasli;59
5557;Hasbro Klasik Seti;Oyuncak;Klasik;Hasbro;3019.00;Genc;67
5558;Fisher-Price Egitici Seti;Oyuncak;Egitici;Fisher-Price;306.97;Yasli;13
5559;Bosch Konfor Aksesuarı;Otomobil-Aksesuar;Konfor;Bosch;9189.26;Cocuk;82
5560;Winsor Newton Resim Paketi;Hobi-Sanat;Resim;Winsor Newton;4983.95;Yasli;6
5561;Gucci Sokak Stili Parfüm;Moda;Sokak Stili;Gucci;3126.99;Yasli;70
5562;Lacoste Klasik Ceket;Moda;Klasik;Lacoste;2709.81;Cocuk;93
5563;Derwent El Sanatlari Paketi;Hobi-Sanat;El Sanatlari;Derwent;4979.42;Cocuk;26
5564;Melissa Doug Klasik Koleksiyonu;Oyuncak;Klasik;Melissa Doug;783.54;Genc;48
5565;Pioneer Arac Bakimi Aksesuarı;Otomobil-Aksesuar;Arac Bakimi;Pioneer;12748.25;Genc;58
5566;Mattel Aksiyon Paketi;Oyuncak;Aksiyon;Mattel;4886.61;Genc;87
5567;Lenovo Mobil Yasam Kulaklık;Teknoloji;Mobil Yasam;Lenovo;29017.17;Yetiskin;26
5568;HP Yazilim Bilgisayar;Teknoloji;Yazilim;HP;20210.59;Yetiskin;16
5569;Nintendo Retro Koleksiyonu;Oyun;Retro;Nintendo;275.99;Cocuk;44
5570;Bosch Guvenlik Aksesuarı;Otomobil-Aksesuar;Guvenlik;Bosch;7191.87;Yasli;33
5571;Castrol Konfor Aksesuarı;Otomobil-Aksesuar;Konfor;Castrol;5586.49;Yetiskin;35
5572;Karaca Dekorasyon Nevresim Takımı;Ev-Yasam;Dekorasyon;Karaca;9574.67;Yetiskin;38
5573;LG Ev Ofis Kulaklık;Teknoloji;Ev Ofis;LG;27596.47;Yetiskin;71
5574;Nike Aksesuar Saat;Moda;Aksesuar;Nike;2458.93;Yetiskin;42
5575;Madame Coco Dekorasyon Robot Süpürge;Ev-Yasam;Dekorasyon;Madame Coco;11995.89;Genc;49
5576;Gucci Aksesuar Parfüm;Moda;Aksesuar;Gucci;949.71;Yetiskin;3
5577;Logitech Yayincilik Seti;Oyun;Yayincilik;Logitech;2570.39;Genc;19
5578;Nike Sokak Stili Parfüm;Moda;Sokak Stili;Nike;2091.73;Yetiskin;4
5579;Prada Klasik Ceket;Moda;Klasik;Prada;4470.06;Yasli;75
5580;Ikea Mutfak Robot Süpürge;Ev-Yasam;Mutfak;Ikea;3028.89;Yetiskin;70
5581;Iletisim Tarih Romanı/Kitabı;Kitap;Tarih;Iletisim;456.50;Yetiskin;44
5582;3M Konfor Aksesuarı;Otomobil-Aksesuar;Konfor;3M;8151.45;Yasli;72
5583;LEGO Klasik Koleksiyonu;Oyuncak;Klasik;LEGO;1158.51;Cocuk;43
5584;LOreal Bakim Göz Kalemi;Kozmetik;Bakim;LOreal;644.55;Cocuk;78
5585;Bose Analog Enstrüman;Muzik;Analog;Bose;20803.32;Yetiskin;42
5586;Michelin Konfor Aksesuarı;Otomobil-Aksesuar;Konfor;Michelin;1035.32;Genc;45
5587;Clinique Makyaj Nemlendirici;Kozmetik;Makyaj;Clinique;667.30;Cocuk;3
5588;MAC Parfum Cilt Serumu;Kozmetik;Parfum;MAC;1773.78;Yasli;77
5589;Castrol Arac Bakimi Aksesuarı;Otomobil-Aksesuar;Arac Bakimi;Castrol;7533.62;Genc;69
5590;Castrol Guvenlik Aksesuarı;Otomobil-Aksesuar;Guvenlik;Castrol;3148.45;Cocuk;63
5591;Reeves El Sanatlari Seti;Hobi-Sanat;El Sanatlari;Reeves;3799.93;Genc;39
5592;Goodyear Konfor Aksesuarı;Otomobil-Aksesuar;Konfor;Goodyear;8052.59;Yasli;4
5593;Estee Lauder Parfum Ruj;Kozmetik;Parfum;Estee Lauder;318.51;Cocuk;41
5594;Hot Wheels Egitici Paketi;Oyuncak;Egitici;Hot Wheels;309.15;Yetiskin;82
5595;LEGO Klasik Seti;Oyuncak;Klasik;LEGO;3895.95;Yetiskin;37
5596;Razer E-Spor Seti;Oyun;E-Spor;Razer;4874.81;Yasli;63
5597;LG Mobil Yasam Tablet;Teknoloji;Mobil Yasam;LG;30320.80;Yetiskin;93
5598;Meguiars Konfor Aksesuarı;Otomobil-Aksesuar;Konfor;Meguiars;9337.67;Yetiskin;7
5599;Canson Kirtasiye Koleksiyonu;Hobi-Sanat;Kirtasiye;Canson;1665.76;Cocuk;10
5600;Fender Sahne Amfi;Muzik;Sahne;Fender;12636.82;Yetiskin;9
5601;Alfa Yayinlari Tarih Romanı/Kitabı;Kitap;Tarih;Alfa Yayinlari;312.95;Yetiskin;55
5602;Winsor Newton Kirtasiye Koleksiyonu;Hobi-Sanat;Kirtasiye;Winsor Newton;3011.03;Yetiskin;19
5603;Ikea Konfor Kahve Makinesi;Ev-Yasam;Konfor;Ikea;6900.27;Cocuk;26
5604;Liquitex El Sanatlari Seti;Hobi-Sanat;El Sanatlari;Liquitex;1435.40;Cocuk;8
5605;Bose Sahne Pikap;Muzik;Sahne;Bose;15056.94;Cocuk;1
5606;Michelin Arac Bakimi Aksesuarı;Otomobil-Aksesuar;Arac Bakimi;Michelin;9333.40;Yasli;45
5607;Asus Ev Ofis Akıllı Saat;Teknoloji;Ev Ofis;Asus;11417.34;Genc;69
5608;Bridgestone Arac Bakimi Aksesuarı;Otomobil-Aksesuar;Arac Bakimi;Bridgestone;1310.30;Yasli;82
5609;Metis Kisisel Gelisim Romanı/Kitabı;Kitap;Kisisel Gelisim;Metis;432.41;Yetiskin;33
5610;Lacoste Aksesuar Ceket;Moda;Aksesuar;Lacoste;5333.38;Cocuk;31
5611;Castrol Guvenlik Aksesuarı;Otomobil-Aksesuar;Guvenlik;Castrol;7730.21;Yasli;90
5612;Derwent Resim Koleksiyonu;Hobi-Sanat;Resim;Derwent;3162.26;Genc;83
5613;Marshall Sahne DJ Ekipmanı;Muzik;Sahne;Marshall;15769.47;Yetiskin;42
5614;Casio Studyo Pikap;Muzik;Studyo;Casio;12255.37;Yetiskin;23
5615;Marshall Sahne DJ Ekipmanı;Muzik;Sahne;Marshall;18175.51;Yasli;82
5616;Huawei Ev Ofis Kulaklık;Teknoloji;Ev Ofis;Huawei;34213.70;Genc;62
5617;Pasabahce Konfor Kahve Makinesi;Ev-Yasam;Konfor;Pasabahce;762.49;Yetiskin;43
5618;Nvidia Retro Seti;Oyun;Retro;Nvidia;3932.20;Genc;66
5619;Clinique Bakim Nemlendirici;Kozmetik;Bakim;Clinique;1206.39;Yetiskin;34
5620;Castelli Outdoor Antrenman Ekipmanı;Spor;Outdoor;Castelli;5659.22;Yetiskin;7
5621;3M Arac Bakimi Aksesuarı;Otomobil-Aksesuar;Arac Bakimi;3M;6718.07;Yasli;87
5622;Puma Aksesuar Ceket;Moda;Aksesuar;Puma;1942.18;Yetiskin;38
5623;North Face Outdoor Antrenman Ekipmanı;Spor;Outdoor;North Face;6958.66;Yetiskin;93
5624;Razer Yayincilik Seti;Oyun;Yayincilik;Razer;1477.79;Yetiskin;81
5625;Fisher-Price Aksiyon Paketi;Oyuncak;Aksiyon;Fisher-Price;4731.86;Yetiskin;56
5626;Castrol Guvenlik Aksesuarı;Otomobil-Aksesuar;Guvenlik;Castrol;11280.50;Yetiskin;54
5627;Decathlon Outdoor Antrenman Ekipmanı;Spor;Outdoor;Decathlon;1748.68;Cocuk;83
5628;Puma Sokak Stili Çanta;Moda;Sokak Stili;Puma;5799.78;Genc;23
5629;Arzum Dekorasyon Robot Süpürge;Ev-Yasam;Dekorasyon;Arzum;2998.69;Cocuk;89
5630;Casio Sahne DJ Ekipmanı;Muzik;Sahne;Casio;7783.95;Yetiskin;65
5631;Spalding Ekipman Koşu Ayakkabısı;Spor;Ekipman;Spalding;2750.25;Genc;21
5632;Decathlon Outdoor Eşofman Takımı;Spor;Outdoor;Decathlon;1747.42;Yetiskin;29
5633;Faber-Castell Resim Paketi;Hobi-Sanat;Resim;Faber-Castell;3639.60;Yasli;27
5634;Nike Aksesuar Gözlük;Moda;Aksesuar;Nike;1838.80;Yasli;61
5635;Zara Sokak Stili Ceket;Moda;Sokak Stili;Zara;4751.27;Cocuk;76
5636;Pioneer Arac Bakimi Aksesuarı;Otomobil-Aksesuar;Arac Bakimi;Pioneer;6996.22;Cocuk;56
5637;English Home Dekorasyon Dekoratif Lamba;Ev-Yasam;Dekorasyon;English Home;8639.55;Cocuk;49
5638;LG Yazilim Akıllı Saat;Teknoloji;Yazilim;LG;7656.42;Yasli;86
5639;Reebok Outdoor Koşu Ayakkabısı;Spor;Outdoor;Reebok;1789.65;Cocuk;51
5640;Bose Sahne Amfi;Muzik;Sahne;Bose;15816.92;Genc;62
5641;MAC Parfum Cilt Serumu;Kozmetik;Parfum;MAC;289.67;Yasli;98
5642;Beko Konfor Nevresim Takımı;Ev-Yasam;Konfor;Beko;6578.85;Genc;43
5643;Meguiars Arac Bakimi Aksesuarı;Otomobil-Aksesuar;Arac Bakimi;Meguiars;14174.56;Yasli;8
5644;Sparco Guvenlik Aksesuarı;Otomobil-Aksesuar;Guvenlik;Sparco;10928.87;Yetiskin;14
5645;English Home Dekorasyon Kahve Makinesi;Ev-Yasam;Dekorasyon;English Home;10269.56;Yetiskin;86
5646;SteelSeries E-Spor Seti;Oyun;E-Spor;SteelSeries;4962.91;Genc;72
5647;Ikea Konfor Nevresim Takımı;Ev-Yasam;Konfor;Ikea;11596.72;Yasli;11
5648;Clinique Makyaj Nemlendirici;Kozmetik;Makyaj;Clinique;733.10;Genc;21
5649;Dior Parfum Göz Kalemi;Kozmetik;Parfum;Dior;999.38;Yasli;84
5650;Logitech E-Spor Paketi;Oyun;E-Spor;Logitech;4539.05;Yasli;86
5651;Xiaomi Ev Ofis Akıllı Telefon;Teknoloji;Ev Ofis;Xiaomi;10031.93;Cocuk;53
5652;Salomon Outdoor Spor Çantası;Spor;Outdoor;Salomon;5411.02;Yetiskin;23
5653;Gigabyte E-Spor Paketi;Oyun;E-Spor;Gigabyte;3177.02;Cocuk;38
5654;Chanel Makyaj Nemlendirici;Kozmetik;Makyaj;Chanel;971.60;Yetiskin;8
5655;Castrol Arac Bakimi Aksesuarı;Otomobil-Aksesuar;Arac Bakimi;Castrol;11267.53;Yasli;24
5656;Estee Lauder Bakim Göz Kalemi;Kozmetik;Bakim;Estee Lauder;1436.49;Cocuk;6
5657;Sparco Arac Bakimi Aksesuarı;Otomobil-Aksesuar;Arac Bakimi;Sparco;14057.45;Genc;36
5658;Bosch Konfor Nevresim Takımı;Ev-Yasam;Konfor;Bosch;6548.14;Cocuk;25
5659;Winsor Newton Resim Paketi;Hobi-Sanat;Resim;Winsor Newton;2998.11;Genc;69
5660;MGA Entertainment Egitici Seti;Oyuncak;Egitici;MGA Entertainment;3581.99;Genc;19
5661;Goodyear Konfor Aksesuarı;Otomobil-Aksesuar;Konfor;Goodyear;12312.36;Yasli;71
5662;Reeves Resim Seti;Hobi-Sanat;Resim;Reeves;872.61;Genc;42
5663;3M Konfor Aksesuarı;Otomobil-Aksesuar;Konfor;3M;2721.48;Yasli;34
5664;Xiaomi Mobil Yasam Tablet;Teknoloji;Mobil Yasam;Xiaomi;39099.75;Cocuk;83
5665;Chanel Makyaj Ruj;Kozmetik;Makyaj;Chanel;675.54;Yetiskin;73
5666;Gucci Klasik Ceket;Moda;Klasik;Gucci;545.81;Cocuk;27
5667;H&M Sokak Stili Gözlük;Moda;Sokak Stili;H&M;421.98;Cocuk;41
5668;Winsor Newton Kirtasiye Koleksiyonu;Hobi-Sanat;Kirtasiye;Winsor Newton;1920.66;Genc;1
5669;3M Arac Bakimi Aksesuarı;Otomobil-Aksesuar;Arac Bakimi;3M;7616.02;Yetiskin;24
5670;Lenovo Mobil Yasam Bilgisayar;Teknoloji;Mobil Yasam;Lenovo;2646.15;Yasli;77
5671;Gibson Analog Pikap;Muzik;Analog;Gibson;24371.65;Cocuk;48
5672;Meguiars Arac Bakimi Aksesuarı;Otomobil-Aksesuar;Arac Bakimi;Meguiars;8210.64;Cocuk;99
5673;Liquitex Resim Paketi;Hobi-Sanat;Resim;Liquitex;2087.84;Cocuk;36
5674;Asus Yazilim Bilgisayar;Teknoloji;Yazilim;Asus;22103.27;Yasli;53
5675;Sennheiser Sahne Pikap;Muzik;Sahne;Sennheiser;24536.00;Yasli;30
5676;Roland Studyo Amfi;Muzik;Studyo;Roland;7178.06;Yasli;28
5677;Is Bankasi Yayinlari Tarih Romanı/Kitabı;Kitap;Tarih;Is Bankasi Yayinlari;256.90;Genc;100
5678;HyperX Retro Koleksiyonu;Oyun;Retro;HyperX;4515.58;Cocuk;58
5679;Moleskine Resim Koleksiyonu;Hobi-Sanat;Resim;Moleskine;2754.95;Yetiskin;56
5680;Xiaomi Ev Ofis Kulaklık;Teknoloji;Ev Ofis;Xiaomi;42228.50;Cocuk;49
5681;Playmobil Klasik Koleksiyonu;Oyuncak;Klasik;Playmobil;523.09;Genc;52
5682;Moleskine Resim Koleksiyonu;Hobi-Sanat;Resim;Moleskine;2043.32;Yasli;92
5683;Decathlon Outdoor Antrenman Ekipmanı;Spor;Outdoor;Decathlon;3710.99;Cocuk;19
5684;Nike Klasik Saat;Moda;Klasik;Nike;3314.86;Yetiskin;65
5685;Lancome Bakim Göz Kalemi;Kozmetik;Bakim;Lancome;1797.18;Cocuk;72
5686;Salomon Ekipman Antrenman Ekipmanı;Spor;Ekipman;Salomon;2519.59;Cocuk;90
5687;Mattel Klasik Seti;Oyuncak;Klasik;Mattel;2225.32;Yasli;92
5688;Nintendo Yayincilik Seti;Oyun;Yayincilik;Nintendo;1930.55;Genc;87
5689;Nivea Makyaj Nemlendirici;Kozmetik;Makyaj;Nivea;989.53;Cocuk;22
5690;English Home Dekorasyon Robot Süpürge;Ev-Yasam;Dekorasyon;English Home;11805.78;Yasli;5
5691;MSI Yayincilik Paketi;Oyun;Yayincilik;MSI;693.74;Genc;78
5692;Philips Dekorasyon Nevresim Takımı;Ev-Yasam;Dekorasyon;Philips;7944.40;Cocuk;35
5693;Liquitex Resim Seti;Hobi-Sanat;Resim;Liquitex;4554.11;Genc;100
5694;LEGO Klasik Paketi;Oyuncak;Klasik;LEGO;546.54;Genc;63
5695;Gibson Analog Pikap;Muzik;Analog;Gibson;5855.65;Cocuk;56
5696;HyperX Retro Koleksiyonu;Oyun;Retro;HyperX;1016.99;Yetiskin;69
5697;Canson El Sanatlari Seti;Hobi-Sanat;El Sanatlari;Canson;755.27;Genc;29
5698;Sennheiser Studyo Enstrüman;Muzik;Studyo;Sennheiser;1100.97;Genc;10
5699;LG Ev Ofis Kulaklık;Teknoloji;Ev Ofis;LG;3722.26;Yetiskin;96
5700;Michelin Arac Bakimi Aksesuarı;Otomobil-Aksesuar;Arac Bakimi;Michelin;14975.22;Yasli;99
5701;LOreal Parfum Göz Kalemi;Kozmetik;Parfum;LOreal;1970.84;Yasli;40
5702;Fisher-Price Aksiyon Koleksiyonu;Oyuncak;Aksiyon;Fisher-Price;973.02;Genc;41
5703;H&M Sokak Stili Çanta;Moda;Sokak Stili;H&M;3741.37;Cocuk;80
5704;Marshall Sahne Amfi;Muzik;Sahne;Marshall;6340.84;Cocuk;96
5705;MGA Entertainment Egitici Koleksiyonu;Oyuncak;Egitici;MGA Entertainment;2962.92;Genc;78
5706;SteelSeries Yayincilik Paketi;Oyun;Yayincilik;SteelSeries;2841.07;Yetiskin;24
5707;Dior Makyaj Göz Kalemi;Kozmetik;Makyaj;Dior;539.84;Cocuk;37
5708;Pasabahce Konfor Nevresim Takımı;Ev-Yasam;Konfor;Pasabahce;4599.91;Cocuk;2
5709;Estee Lauder Makyaj Ruj;Kozmetik;Makyaj;Estee Lauder;1452.63;Genc;78
5710;Audio-Technica Analog DJ Ekipmanı;Muzik;Analog;Audio-Technica;9186.34;Cocuk;71
5711;Puma Aksesuar Çanta;Moda;Aksesuar;Puma;3299.89;Genc;58
5712;LOreal Makyaj Göz Kalemi;Kozmetik;Makyaj;LOreal;1928.25;Cocuk;51
5713;Everest Edebiyat Romanı/Kitabı;Kitap;Edebiyat;Everest;415.99;Yetiskin;11
5714;Bose Analog Amfi;Muzik;Analog;Bose;9049.48;Yetiskin;49
5715;Sephora Bakim Göz Kalemi;Kozmetik;Bakim;Sephora;249.85;Yasli;19
5716;H&M Klasik Çanta;Moda;Klasik;H&M;5519.42;Genc;79
5717;Castrol Arac Bakimi Aksesuarı;Otomobil-Aksesuar;Arac Bakimi;Castrol;9284.92;Genc;47
5718;Puma Sokak Stili Saat;Moda;Sokak Stili;Puma;2411.19;Genc;10
5719;Yamaha Analog Pikap;Muzik;Analog;Yamaha;18039.86;Yetiskin;48
5720;Iletisim Tarih Romanı/Kitabı;Kitap;Tarih;Iletisim;477.14;Genc;78
5721;LEGO Egitici Paketi;Oyuncak;Egitici;LEGO;3077.01;Genc;29
5722;Yapi Kredi Tarih Romanı/Kitabı;Kitap;Tarih;Yapi Kredi;488.98;Yetiskin;78
5723;Gibson Analog Pikap;Muzik;Analog;Gibson;15084.49;Cocuk;27
5724;3M Arac Bakimi Aksesuarı;Otomobil-Aksesuar;Arac Bakimi;3M;1379.38;Cocuk;85
5725;Bose Sahne DJ Ekipmanı;Muzik;Sahne;Bose;2968.98;Genc;6
5726;MAC Makyaj Cilt Serumu;Kozmetik;Makyaj;MAC;351.87;Cocuk;52
5727;Moleskine El Sanatlari Koleksiyonu;Hobi-Sanat;El Sanatlari;Moleskine;3746.80;Genc;57
5728;Castelli Ekipman Spor Çantası;Spor;Ekipman;Castelli;3472.40;Cocuk;94
5729;H&M Sokak Stili Ceket;Moda;Sokak Stili;H&M;1293.62;Genc;69
5730;Castrol Guvenlik Aksesuarı;Otomobil-Aksesuar;Guvenlik;Castrol;6274.26;Yetiskin;39
5731;Daler Rowney El Sanatlari Koleksiyonu;Hobi-Sanat;El Sanatlari;Daler Rowney;4800.98;Yasli;22
5732;Prismacolor El Sanatlari Koleksiyonu;Hobi-Sanat;El Sanatlari;Prismacolor;4324.56;Genc;44
5733;Dogan Kitap Edebiyat Romanı/Kitabı;Kitap;Edebiyat;Dogan Kitap;494.79;Genc;47
5734;North Face Fitness Eşofman Takımı;Spor;Fitness;North Face;1060.65;Yetiskin;3
5735;Gibson Sahne Enstrüman;Muzik;Sahne;Gibson;1641.75;Yetiskin;91
5736;Michelin Arac Bakimi Aksesuarı;Otomobil-Aksesuar;Arac Bakimi;Michelin;9578.47;Genc;24
5737;Prismacolor El Sanatlari Seti;Hobi-Sanat;El Sanatlari;Prismacolor;2707.11;Genc;26
5738;Hasbro Aksiyon Seti;Oyuncak;Aksiyon;Hasbro;337.22;Cocuk;48
5739;Sephora Makyaj Ruj;Kozmetik;Makyaj;Sephora;155.28;Yetiskin;21
5740;LG Mobil Yasam Kulaklık;Teknoloji;Mobil Yasam;LG;12041.36;Yasli;23
5741;Levi's Aksesuar Çanta;Moda;Aksesuar;Levi's;1047.25;Cocuk;87
5742;MSI Retro Seti;Oyun;Retro;MSI;3088.61;Genc;51
5743;Moleskine El Sanatlari Koleksiyonu;Hobi-Sanat;El Sanatlari;Moleskine;4757.51;Yasli;75
5744;Zowie E-Spor Koleksiyonu;Oyun;E-Spor;Zowie;3986.08;Yasli;54
5745;Daler Rowney El Sanatlari Koleksiyonu;Hobi-Sanat;El Sanatlari;Daler Rowney;1019.03;Genc;41
5746;H&M Aksesuar Parfüm;Moda;Aksesuar;H&M;374.01;Cocuk;73
5747;Sephora Parfum Nemlendirici;Kozmetik;Parfum;Sephora;644.67;Yasli;60
5748;MAC Parfum Ruj;Kozmetik;Parfum;MAC;1443.64;Yetiskin;39
5749;Mattel Klasik Seti;Oyuncak;Klasik;Mattel;112.26;Cocuk;66
5750;Ikea Konfor Dekoratif Lamba;Ev-Yasam;Konfor;Ikea;4216.56;Yetiskin;13
5751;Gigabyte E-Spor Koleksiyonu;Oyun;E-Spor;Gigabyte;1014.79;Yasli;36
5752;Lancome Bakim Ruj;Kozmetik;Bakim;Lancome;1787.37;Genc;44
5753;Meguiars Konfor Aksesuarı;Otomobil-Aksesuar;Konfor;Meguiars;14809.59;Yetiskin;36
5754;Razer E-Spor Koleksiyonu;Oyun;E-Spor;Razer;638.34;Yetiskin;40
5755;JBL Studyo Amfi;Muzik;Studyo;JBL;6965.59;Genc;82
5756;LEGO Aksiyon Seti;Oyuncak;Aksiyon;LEGO;3381.82;Cocuk;73
5757;Metis Edebiyat Romanı/Kitabı;Kitap;Edebiyat;Metis;129.66;Yetiskin;27
5758;Metis Kisisel Gelisim Romanı/Kitabı;Kitap;Kisisel Gelisim;Metis;76.72;Cocuk;44
5759;Metis Tarih Romanı/Kitabı;Kitap;Tarih;Metis;129.88;Yetiskin;73
5760;Reebok Fitness Eşofman Takımı;Spor;Fitness;Reebok;7867.81;Genc;92
5761;Zowie E-Spor Seti;Oyun;E-Spor;Zowie;3784.33;Yasli;87
5762;Nvidia Retro Paketi;Oyun;Retro;Nvidia;4017.98;Yasli;6
5763;Daler Rowney Resim Seti;Hobi-Sanat;Resim;Daler Rowney;2353.13;Yasli;73
5764;Maybelline Makyaj Ruj;Kozmetik;Makyaj;Maybelline;1071.23;Genc;86
5765;Dior Makyaj Nemlendirici;Kozmetik;Makyaj;Dior;1592.84;Yetiskin;40
5766;Bridgestone Guvenlik Aksesuarı;Otomobil-Aksesuar;Guvenlik;Bridgestone;14643.12;Genc;46
5767;Castrol Guvenlik Aksesuarı;Otomobil-Aksesuar;Guvenlik;Castrol;6290.40;Yetiskin;26
5768;Is Bankasi Yayinlari Tarih Romanı/Kitabı;Kitap;Tarih;Is Bankasi Yayinlari;477.56;Genc;19
5769;Wilson Outdoor Antrenman Ekipmanı;Spor;Outdoor;Wilson;2048.40;Yasli;86
5770;Winsor Newton El Sanatlari Koleksiyonu;Hobi-Sanat;El Sanatlari;Winsor Newton;2516.84;Yasli;35
5771;Corsair E-Spor Seti;Oyun;E-Spor;Corsair;1798.47;Yasli;34
5772;Playmobil Klasik Paketi;Oyuncak;Klasik;Playmobil;1299.01;Cocuk;8
5773;Bosch Dekorasyon Nevresim Takımı;Ev-Yasam;Dekorasyon;Bosch;10966.33;Cocuk;26
5774;Wilson Fitness Eşofman Takımı;Spor;Fitness;Wilson;1879.93;Yetiskin;66
5775;Bose Studyo DJ Ekipmanı;Muzik;Studyo;Bose;1283.40;Yetiskin;30
5776;Casio Sahne Enstrüman;Muzik;Sahne;Casio;14076.54;Genc;30
5777;English Home Mutfak Nevresim Takımı;Ev-Yasam;Mutfak;English Home;10624.30;Yetiskin;32
5778;Metis Kisisel Gelisim Romanı/Kitabı;Kitap;Kisisel Gelisim;Metis;248.25;Cocuk;22
5779;Ithaki Tarih Romanı/Kitabı;Kitap;Tarih;Ithaki;119.97;Cocuk;31
5780;Metis Edebiyat Romanı/Kitabı;Kitap;Edebiyat;Metis;81.00;Cocuk;31
5781;Lancome Parfum Nemlendirici;Kozmetik;Parfum;Lancome;1720.60;Genc;84
5782;Faber-Castell El Sanatlari Koleksiyonu;Hobi-Sanat;El Sanatlari;Faber-Castell;412.82;Genc;4
5783;Zowie E-Spor Koleksiyonu;Oyun;E-Spor;Zowie;392.85;Cocuk;61
5784;Gigabyte Yayincilik Koleksiyonu;Oyun;Yayincilik;Gigabyte;4107.64;Yetiskin;7
5785;Samsung Mobil Yasam Tablet;Teknoloji;Mobil Yasam;Samsung;29890.27;Genc;30
5786;Mizuno Fitness Spor Çantası;Spor;Fitness;Mizuno;2494.25;Cocuk;21
5787;SteelSeries E-Spor Seti;Oyun;E-Spor;SteelSeries;426.46;Yetiskin;40
5788;Under Armour Outdoor Koşu Ayakkabısı;Spor;Outdoor;Under Armour;6797.44;Yetiskin;71
5789;Burberry Klasik Ceket;Moda;Klasik;Burberry;641.98;Yasli;89
5790;Bose Studyo Amfi;Muzik;Studyo;Bose;10243.05;Yasli;6
5791;Beko Dekorasyon Robot Süpürge;Ev-Yasam;Dekorasyon;Beko;11582.72;Yetiskin;56
5792;Playmobil Egitici Koleksiyonu;Oyuncak;Egitici;Playmobil;3498.60;Genc;4
5793;Castelli Outdoor Koşu Ayakkabısı;Spor;Outdoor;Castelli;5097.11;Yetiskin;94
5794;Huawei Mobil Yasam Kulaklık;Teknoloji;Mobil Yasam;Huawei;11160.13;Yasli;40
5795;Asus Mobil Yasam Kulaklık;Teknoloji;Mobil Yasam;Asus;25948.27;Yasli;99
5796;Karaca Mutfak Robot Süpürge;Ev-Yasam;Mutfak;Karaca;9170.71;Yetiskin;30
5797;Michelin Guvenlik Aksesuarı;Otomobil-Aksesuar;Guvenlik;Michelin;7685.78;Cocuk;90
5798;Liquitex Resim Koleksiyonu;Hobi-Sanat;Resim;Liquitex;3814.13;Genc;98
5799;Faber-Castell Resim Paketi;Hobi-Sanat;Resim;Faber-Castell;885.77;Yasli;45
5800;Nivea Bakim Göz Kalemi;Kozmetik;Bakim;Nivea;993.31;Yetiskin;21
5801;Pebeo Resim Paketi;Hobi-Sanat;Resim;Pebeo;2857.68;Yasli;11
5802;Nike Aksesuar Ceket;Moda;Aksesuar;Nike;974.95;Genc;6
5803;Metis Edebiyat Romanı/Kitabı;Kitap;Edebiyat;Metis;188.82;Yetiskin;1
5804;Spin Master Egitici Seti;Oyuncak;Egitici;Spin Master;3396.77;Yetiskin;12
5805;Gucci Aksesuar Gözlük;Moda;Aksesuar;Gucci;4540.99;Yasli;97
5806;Yapi Kredi Edebiyat Romanı/Kitabı;Kitap;Edebiyat;Yapi Kredi;424.34;Genc;3
5807;Ithaki Tarih Romanı/Kitabı;Kitap;Tarih;Ithaki;113.62;Yasli;35
5808;Fisher-Price Aksiyon Koleksiyonu;Oyuncak;Aksiyon;Fisher-Price;1521.49;Cocuk;14
5809;Yapi Kredi Kisisel Gelisim Romanı/Kitabı;Kitap;Kisisel Gelisim;Yapi Kredi;84.77;Yasli;46
5810;Sennheiser Analog Enstrüman;Muzik;Analog;Sennheiser;15355.23;Yasli;82
5811;Burberry Aksesuar Parfüm;Moda;Aksesuar;Burberry;1065.22;Yetiskin;40
5812;Castelli Fitness Spor Çantası;Spor;Fitness;Castelli;4119.42;Genc;81
5813;Puma Sokak Stili Saat;Moda;Sokak Stili;Puma;2961.61;Yetiskin;33
5814;Sephora Parfum Ruj;Kozmetik;Parfum;Sephora;976.51;Yetiskin;46
5815;Prada Aksesuar Parfüm;Moda;Aksesuar;Prada;1502.65;Yasli;13
5816;Mizuno Fitness Antrenman Ekipmanı;Spor;Fitness;Mizuno;3853.66;Yasli;9
5817;LG Mobil Yasam Tablet;Teknoloji;Mobil Yasam;LG;29717.51;Cocuk;37
5818;Prada Klasik Parfüm;Moda;Klasik;Prada;962.02;Cocuk;44
5819;Liquitex Resim Koleksiyonu;Hobi-Sanat;Resim;Liquitex;4039.27;Yetiskin;4
5820;Logitech Retro Seti;Oyun;Retro;Logitech;3396.09;Genc;37
5821;Reeves El Sanatlari Seti;Hobi-Sanat;El Sanatlari;Reeves;3959.99;Yetiskin;32
5822;SteelSeries Yayincilik Seti;Oyun;Yayincilik;SteelSeries;3165.85;Yetiskin;10
5823;Nivea Makyaj Ruj;Kozmetik;Makyaj;Nivea;1575.96;Genc;13
5824;Dogan Kitap Edebiyat Romanı/Kitabı;Kitap;Edebiyat;Dogan Kitap;372.50;Genc;92
5825;Logitech E-Spor Koleksiyonu;Oyun;E-Spor;Logitech;730.10;Cocuk;52
5826;Chanel Parfum Göz Kalemi;Kozmetik;Parfum;Chanel;1465.11;Yasli;53
5827;Estee Lauder Parfum Göz Kalemi;Kozmetik;Parfum;Estee Lauder;1354.45;Yetiskin;7
5828;Zowie Yayincilik Koleksiyonu;Oyun;Yayincilik;Zowie;2923.39;Yetiskin;34
5829;Pasabahce Dekorasyon Dekoratif Lamba;Ev-Yasam;Dekorasyon;Pasabahce;7950.78;Cocuk;9
5830;Nvidia Retro Seti;Oyun;Retro;Nvidia;635.84;Yetiskin;22
5831;Sony Mobil Yasam Tablet;Teknoloji;Mobil Yasam;Sony;35149.09;Yetiskin;67
5832;Can Yayinlari Tarih Romanı/Kitabı;Kitap;Tarih;Can Yayinlari;384.62;Cocuk;42
5833;H&M Sokak Stili Parfüm;Moda;Sokak Stili;H&M;1625.88;Cocuk;85
5834;Gigabyte Yayincilik Paketi;Oyun;Yayincilik;Gigabyte;2903.89;Cocuk;38
5835;Bridgestone Konfor Aksesuarı;Otomobil-Aksesuar;Konfor;Bridgestone;5279.48;Cocuk;38
5836;English Home Konfor Nevresim Takımı;Ev-Yasam;Konfor;English Home;4206.80;Genc;6
5837;Spin Master Aksiyon Paketi;Oyuncak;Aksiyon;Spin Master;4656.27;Yetiskin;1
5838;Lancome Bakim Göz Kalemi;Kozmetik;Bakim;Lancome;930.28;Yetiskin;34
5839;Bosch Konfor Aksesuarı;Otomobil-Aksesuar;Konfor;Bosch;3642.17;Cocuk;100
5840;Meguiars Konfor Aksesuarı;Otomobil-Aksesuar;Konfor;Meguiars;2535.41;Yasli;20
5841;Ithaki Edebiyat Romanı/Kitabı;Kitap;Edebiyat;Ithaki;344.83;Yasli;45
5842;H&M Sokak Stili Parfüm;Moda;Sokak Stili;H&M;4130.60;Yasli;99
5843;Prismacolor Kirtasiye Seti;Hobi-Sanat;Kirtasiye;Prismacolor;2274.30;Yetiskin;45
5844;Philips Mutfak Robot Süpürge;Ev-Yasam;Mutfak;Philips;2564.85;Genc;91
5845;LOreal Makyaj Nemlendirici;Kozmetik;Makyaj;LOreal;725.20;Yasli;71
5846;Audio-Technica Analog DJ Ekipmanı;Muzik;Analog;Audio-Technica;15110.50;Yasli;7
5847;Hasbro Egitici Paketi;Oyuncak;Egitici;Hasbro;4937.95;Yasli;34
5848;Daler Rowney El Sanatlari Koleksiyonu;Hobi-Sanat;El Sanatlari;Daler Rowney;3079.71;Yasli;60
5849;Clinique Makyaj Cilt Serumu;Kozmetik;Makyaj;Clinique;1001.11;Cocuk;69
5850;H&M Aksesuar Parfüm;Moda;Aksesuar;H&M;3673.39;Yetiskin;30
5851;Sparco Konfor Aksesuarı;Otomobil-Aksesuar;Konfor;Sparco;6997.89;Yasli;18
5852;Metis Kisisel Gelisim Romanı/Kitabı;Kitap;Kisisel Gelisim;Metis;441.96;Genc;41
5853;Roland Studyo Enstrüman;Muzik;Studyo;Roland;17378.99;Genc;43
5854;Bridgestone Konfor Aksesuarı;Otomobil-Aksesuar;Konfor;Bridgestone;2292.60;Genc;64
5855;Pioneer Konfor Aksesuarı;Otomobil-Aksesuar;Konfor;Pioneer;7407.65;Cocuk;28
5856;Decathlon Outdoor Eşofman Takımı;Spor;Outdoor;Decathlon;2519.19;Genc;30
5857;Faber-Castell Resim Paketi;Hobi-Sanat;Resim;Faber-Castell;3513.52;Cocuk;20
5858;Madame Coco Mutfak Kahve Makinesi;Ev-Yasam;Mutfak;Madame Coco;960.17;Cocuk;7
5859;Nike Klasik Parfüm;Moda;Klasik;Nike;5772.57;Yasli;10
5860;Mizuno Ekipman Eşofman Takımı;Spor;Ekipman;Mizuno;5724.88;Cocuk;3
5861;Burberry Aksesuar Gözlük;Moda;Aksesuar;Burberry;5214.46;Yasli;45
5862;Hasbro Klasik Koleksiyonu;Oyuncak;Klasik;Hasbro;393.78;Cocuk;9
5863;MSI Yayincilik Koleksiyonu;Oyun;Yayincilik;MSI;1087.15;Cocuk;3
5864;Bosch Dekorasyon Robot Süpürge;Ev-Yasam;Dekorasyon;Bosch;3483.97;Cocuk;68
5865;Sennheiser Analog Amfi;Muzik;Analog;Sennheiser;8549.18;Yetiskin;23
5866;Bosch Mutfak Kahve Makinesi;Ev-Yasam;Mutfak;Bosch;5935.38;Genc;13
5867;Zara Sokak Stili Ceket;Moda;Sokak Stili;Zara;2823.60;Yetiskin;91
5868;Castrol Arac Bakimi Aksesuarı;Otomobil-Aksesuar;Arac Bakimi;Castrol;5980.78;Yasli;85
5869;Daler Rowney Resim Seti;Hobi-Sanat;Resim;Daler Rowney;3571.07;Genc;7
5870;Wilson Outdoor Spor Çantası;Spor;Outdoor;Wilson;3414.67;Genc;18
5871;Reebok Outdoor Koşu Ayakkabısı;Spor;Outdoor;Reebok;2630.59;Genc;5
5872;Pegasus Kisisel Gelisim Romanı/Kitabı;Kitap;Kisisel Gelisim;Pegasus;380.36;Yasli;64
5873;Sephora Bakim Ruj;Kozmetik;Bakim;Sephora;1607.06;Cocuk;81
5874;Spalding Fitness Eşofman Takımı;Spor;Fitness;Spalding;1715.16;Yetiskin;65
5875;Prismacolor Kirtasiye Seti;Hobi-Sanat;Kirtasiye;Prismacolor;2870.73;Genc;98
5876;Fender Analog Pikap;Muzik;Analog;Fender;13684.05;Yetiskin;18
5877;Mattel Klasik Koleksiyonu;Oyuncak;Klasik;Mattel;2124.64;Genc;91
5878;Tefal Dekorasyon Robot Süpürge;Ev-Yasam;Dekorasyon;Tefal;9287.66;Yetiskin;10
5879;Dell Yazilim Tablet;Teknoloji;Yazilim;Dell;32854.18;Cocuk;74
5880;Wilson Fitness Koşu Ayakkabısı;Spor;Fitness;Wilson;2598.66;Genc;59
5881;Gucci Klasik Ceket;Moda;Klasik;Gucci;1505.85;Yetiskin;73
5882;English Home Konfor Nevresim Takımı;Ev-Yasam;Konfor;English Home;7072.98;Yetiskin;40
5883;Meguiars Konfor Aksesuarı;Otomobil-Aksesuar;Konfor;Meguiars;713.65;Yasli;100
5884;Corsair Retro Koleksiyonu;Oyun;Retro;Corsair;1386.59;Cocuk;59
5885;H&M Klasik Gözlük;Moda;Klasik;H&M;1543.47;Cocuk;10
5886;Derwent El Sanatlari Seti;Hobi-Sanat;El Sanatlari;Derwent;4188.10;Yasli;23
5887;LG Yazilim Akıllı Saat;Teknoloji;Yazilim;LG;7447.60;Yetiskin;59
5888;Bridgestone Guvenlik Aksesuarı;Otomobil-Aksesuar;Guvenlik;Bridgestone;11692.98;Yetiskin;42
5889;Iletisim Edebiyat Romanı/Kitabı;Kitap;Edebiyat;Iletisim;223.80;Genc;48
5890;Levi's Aksesuar Parfüm;Moda;Aksesuar;Levi's;4324.84;Yasli;80
5891;Winsor Newton Resim Paketi;Hobi-Sanat;Resim;Winsor Newton;1319.44;Cocuk;28
5892;Wilson Outdoor Spor Çantası;Spor;Outdoor;Wilson;7501.47;Yasli;90
5893;Apple Ev Ofis Akıllı Telefon;Teknoloji;Ev Ofis;Apple;14248.82;Yasli;81
5894;Logitech E-Spor Seti;Oyun;E-Spor;Logitech;3834.19;Yetiskin;92
5895;HyperX E-Spor Koleksiyonu;Oyun;E-Spor;HyperX;4059.70;Cocuk;96
5896;Chanel Parfum Nemlendirici;Kozmetik;Parfum;Chanel;687.40;Yasli;73
5897;Gibson Sahne DJ Ekipmanı;Muzik;Sahne;Gibson;21597.41;Yasli;77
5898;Dell Ev Ofis Akıllı Telefon;Teknoloji;Ev Ofis;Dell;28745.81;Yasli;87
5899;LEGO Egitici Paketi;Oyuncak;Egitici;LEGO;2455.60;Yasli;33
5900;Prada Sokak Stili Parfüm;Moda;Sokak Stili;Prada;2372.31;Yetiskin;62
5901;Goodyear Guvenlik Aksesuarı;Otomobil-Aksesuar;Guvenlik;Goodyear;7922.71;Yetiskin;52
5902;Hasbro Aksiyon Koleksiyonu;Oyuncak;Aksiyon;Hasbro;2606.06;Cocuk;80
5903;Hot Wheels Aksiyon Paketi;Oyuncak;Aksiyon;Hot Wheels;1986.09;Genc;84
5904;Apple Ev Ofis Akıllı Saat;Teknoloji;Ev Ofis;Apple;43526.61;Yetiskin;79
5905;Yapi Kredi Tarih Romanı/Kitabı;Kitap;Tarih;Yapi Kredi;75.27;Yetiskin;3
5906;Melissa Doug Egitici Seti;Oyuncak;Egitici;Melissa Doug;1719.89;Yasli;86
5907;Goodyear Konfor Aksesuarı;Otomobil-Aksesuar;Konfor;Goodyear;2926.46;Cocuk;56
5908;Fender Studyo Enstrüman;Muzik;Studyo;Fender;1155.96;Genc;76
5909;Nivea Parfum Cilt Serumu;Kozmetik;Parfum;Nivea;707.39;Yasli;41
5910;Sephora Makyaj Nemlendirici;Kozmetik;Makyaj;Sephora;542.50;Cocuk;38
5911;Casio Analog Amfi;Muzik;Analog;Casio;23208.61;Yasli;37
5912;Nintendo E-Spor Seti;Oyun;E-Spor;Nintendo;4010.95;Yasli;100
5913;Playmobil Aksiyon Paketi;Oyuncak;Aksiyon;Playmobil;4211.93;Cocuk;9
5914;Playmobil Egitici Koleksiyonu;Oyuncak;Egitici;Playmobil;1717.65;Genc;79
5915;Sennheiser Analog Enstrüman;Muzik;Analog;Sennheiser;19951.70;Genc;88
5916;Arzum Konfor Nevresim Takımı;Ev-Yasam;Konfor;Arzum;9645.53;Yetiskin;14
5917;English Home Mutfak Kahve Makinesi;Ev-Yasam;Mutfak;English Home;5244.61;Genc;76
5918;Nvidia Retro Seti;Oyun;Retro;Nvidia;597.16;Cocuk;32
5919;Beko Mutfak Kahve Makinesi;Ev-Yasam;Mutfak;Beko;11562.74;Yetiskin;89
5920;Maybelline Parfum Ruj;Kozmetik;Parfum;Maybelline;682.39;Yasli;56
5921;Bridgestone Guvenlik Aksesuarı;Otomobil-Aksesuar;Guvenlik;Bridgestone;1332.44;Yasli;46
5922;North Face Outdoor Koşu Ayakkabısı;Spor;Outdoor;North Face;3452.34;Genc;8
5923;Fender Sahne Amfi;Muzik;Sahne;Fender;9942.50;Cocuk;57
5924;VTech Aksiyon Paketi;Oyuncak;Aksiyon;VTech;2280.00;Genc;43
5925;Moleskine Resim Paketi;Hobi-Sanat;Resim;Moleskine;3606.62;Yasli;21
5926;Dell Yazilim Kulaklık;Teknoloji;Yazilim;Dell;36646.14;Cocuk;48
5927;Madame Coco Mutfak Dekoratif Lamba;Ev-Yasam;Mutfak;Madame Coco;4647.69;Cocuk;80
5928;Dior Parfum Nemlendirici;Kozmetik;Parfum;Dior;363.23;Genc;98
5929;Wilson Outdoor Eşofman Takımı;Spor;Outdoor;Wilson;7706.37;Cocuk;20
5930;Wilson Ekipman Koşu Ayakkabısı;Spor;Ekipman;Wilson;604.33;Yetiskin;68
5931;Dell Ev Ofis Akıllı Saat;Teknoloji;Ev Ofis;Dell;5137.91;Genc;70
5932;English Home Dekorasyon Robot Süpürge;Ev-Yasam;Dekorasyon;English Home;5800.50;Cocuk;50
5933;North Face Ekipman Eşofman Takımı;Spor;Ekipman;North Face;7768.55;Yetiskin;100
5934;Playmobil Aksiyon Paketi;Oyuncak;Aksiyon;Playmobil;4522.41;Cocuk;95
5935;Daler Rowney Resim Koleksiyonu;Hobi-Sanat;Resim;Daler Rowney;1952.07;Cocuk;62
5936;Adidas Aksesuar Çanta;Moda;Aksesuar;Adidas;1068.43;Cocuk;33
5937;Sony Yazilim Bilgisayar;Teknoloji;Yazilim;Sony;16518.27;Yetiskin;88
5938;Corsair Yayincilik Koleksiyonu;Oyun;Yayincilik;Corsair;1152.94;Yetiskin;21
5939;Meguiars Arac Bakimi Aksesuarı;Otomobil-Aksesuar;Arac Bakimi;Meguiars;4892.94;Genc;5
5940;Madame Coco Mutfak Kahve Makinesi;Ev-Yasam;Mutfak;Madame Coco;7119.77;Genc;35
5941;Derwent Kirtasiye Seti;Hobi-Sanat;Kirtasiye;Derwent;1085.43;Yasli;4
5942;Apple Ev Ofis Bilgisayar;Teknoloji;Ev Ofis;Apple;13053.08;Genc;69
5943;Madame Coco Dekorasyon Nevresim Takımı;Ev-Yasam;Dekorasyon;Madame Coco;4325.47;Yasli;97
5944;Alfa Yayinlari Tarih Romanı/Kitabı;Kitap;Tarih;Alfa Yayinlari;406.48;Cocuk;43
5945;Metis Edebiyat Romanı/Kitabı;Kitap;Edebiyat;Metis;460.08;Yetiskin;88
5946;Clinique Bakim Nemlendirici;Kozmetik;Bakim;Clinique;1853.79;Genc;57
5947;Zowie Yayincilik Seti;Oyun;Yayincilik;Zowie;3584.73;Genc;23
5948;Reeves Resim Paketi;Hobi-Sanat;Resim;Reeves;457.14;Yetiskin;20
5949;Everest Edebiyat Romanı/Kitabı;Kitap;Edebiyat;Everest;89.31;Yetiskin;87
5950;Yamaha Studyo Amfi;Muzik;Studyo;Yamaha;22018.42;Genc;41
5951;Everest Edebiyat Romanı/Kitabı;Kitap;Edebiyat;Everest;312.12;Yetiskin;39
5952;Nintendo E-Spor Paketi;Oyun;E-Spor;Nintendo;3320.75;Genc;40
5953;Columbia Outdoor Koşu Ayakkabısı;Spor;Outdoor;Columbia;4888.81;Genc;91
5954;Madame Coco Dekorasyon Robot Süpürge;Ev-Yasam;Dekorasyon;Madame Coco;4257.06;Genc;39
5955;Sony Yazilim Kulaklık;Teknoloji;Yazilim;Sony;22575.41;Yetiskin;79
5956;Faber-Castell Resim Koleksiyonu;Hobi-Sanat;Resim;Faber-Castell;3485.47;Cocuk;8
5957;Derwent Resim Seti;Hobi-Sanat;Resim;Derwent;3263.76;Cocuk;28
5958;Columbia Fitness Antrenman Ekipmanı;Spor;Fitness;Columbia;1681.73;Cocuk;79
5959;Corsair Retro Seti;Oyun;Retro;Corsair;3417.67;Yasli;30
5960;Metis Kisisel Gelisim Romanı/Kitabı;Kitap;Kisisel Gelisim;Metis;200.91;Yasli;68
5961;Gucci Klasik Saat;Moda;Klasik;Gucci;4152.75;Yasli;55
5962;Faber-Castell Kirtasiye Seti;Hobi-Sanat;Kirtasiye;Faber-Castell;2345.11;Genc;38
5963;Beko Dekorasyon Dekoratif Lamba;Ev-Yasam;Dekorasyon;Beko;880.11;Yetiskin;96
5964;Canson Kirtasiye Paketi;Hobi-Sanat;Kirtasiye;Canson;2546.84;Yetiskin;33
5965;SteelSeries Yayincilik Paketi;Oyun;Yayincilik;SteelSeries;2817.69;Genc;69
5966;Arzum Konfor Robot Süpürge;Ev-Yasam;Konfor;Arzum;9729.63;Genc;37
5967;Spin Master Aksiyon Seti;Oyuncak;Aksiyon;Spin Master;4441.49;Cocuk;79
5968;Dogan Kitap Tarih Romanı/Kitabı;Kitap;Tarih;Dogan Kitap;346.91;Yasli;5
5969;Hot Wheels Egitici Paketi;Oyuncak;Egitici;Hot Wheels;2225.86;Genc;41
5970;Nivea Bakim Göz Kalemi;Kozmetik;Bakim;Nivea;1769.68;Cocuk;89
5971;Winsor Newton Resim Seti;Hobi-Sanat;Resim;Winsor Newton;2276.98;Yetiskin;72
5972;Mattel Egitici Paketi;Oyuncak;Egitici;Mattel;3235.22;Genc;50
5973;Lacoste Sokak Stili Gözlük;Moda;Sokak Stili;Lacoste;4720.17;Genc;88
5974;VTech Egitici Seti;Oyuncak;Egitici;VTech;351.02;Genc;47
5975;Goodyear Konfor Aksesuarı;Otomobil-Aksesuar;Konfor;Goodyear;6505.92;Yasli;47
5976;Lenovo Yazilim Akıllı Telefon;Teknoloji;Yazilim;Lenovo;13883.99;Cocuk;78
5977;North Face Ekipman Spor Çantası;Spor;Ekipman;North Face;6717.75;Yasli;15
5978;JBL Sahne Pikap;Muzik;Sahne;JBL;21023.55;Genc;35
5979;Yapi Kredi Tarih Romanı/Kitabı;Kitap;Tarih;Yapi Kredi;104.81;Yasli;27
5980;Pioneer Guvenlik Aksesuarı;Otomobil-Aksesuar;Guvenlik;Pioneer;11048.48;Yetiskin;26
5981;Zowie Retro Seti;Oyun;Retro;Zowie;2180.91;Genc;60
5982;Mattel Klasik Paketi;Oyuncak;Klasik;Mattel;766.94;Genc;68
5983;Apple Mobil Yasam Akıllı Telefon;Teknoloji;Mobil Yasam;Apple;17619.72;Yasli;94
5984;Hasbro Klasik Seti;Oyuncak;Klasik;Hasbro;3875.67;Yetiskin;32
5985;Hot Wheels Egitici Paketi;Oyuncak;Egitici;Hot Wheels;2790.64;Yetiskin;10
5986;Is Bankasi Yayinlari Edebiyat Romanı/Kitabı;Kitap;Edebiyat;Is Bankasi Yayinlari;192.59;Yetiskin;70
5987;Karaca Konfor Robot Süpürge;Ev-Yasam;Konfor;Karaca;11607.96;Genc;25
5988;Philips Mutfak Nevresim Takımı;Ev-Yasam;Mutfak;Philips;10402.63;Genc;53
5989;Mattel Egitici Koleksiyonu;Oyuncak;Egitici;Mattel;2439.90;Cocuk;13
5990;Razer Yayincilik Koleksiyonu;Oyun;Yayincilik;Razer;1750.86;Yetiskin;76
5991;HyperX E-Spor Koleksiyonu;Oyun;E-Spor;HyperX;3043.78;Genc;86
5992;Corsair Retro Seti;Oyun;Retro;Corsair;611.29;Genc;78
5993;Reeves El Sanatlari Seti;Hobi-Sanat;El Sanatlari;Reeves;2715.18;Yetiskin;7
5994;Puma Klasik Gözlük;Moda;Klasik;Puma;2798.20;Cocuk;9
5995;LOreal Makyaj Göz Kalemi;Kozmetik;Makyaj;LOreal;532.35;Cocuk;14
5996;Hasbro Egitici Seti;Oyuncak;Egitici;Hasbro;4832.59;Genc;6
5997;Playmobil Aksiyon Paketi;Oyuncak;Aksiyon;Playmobil;3052.40;Cocuk;45
5998;Is Bankasi Yayinlari Tarih Romanı/Kitabı;Kitap;Tarih;Is Bankasi Yayinlari;381.84;Yetiskin;64
5999;Karaca Mutfak Dekoratif Lamba;Ev-Yasam;Mutfak;Karaca;4259.95;Genc;53
6000;Dior Bakim Ruj;Kozmetik;Bakim;Dior;1021.68;Genc;25
6001;Madame Coco Konfor Robot Süpürge;Ev-Yasam;Konfor;Madame Coco;8762.14;Yetiskin;97
6002;English Home Konfor Nevresim Takımı;Ev-Yasam;Konfor;English Home;4165.42;Yetiskin;48
6003;Philips Mutfak Robot Süpürge;Ev-Yasam;Mutfak;Philips;6152.02;Yasli;92
6004;Hasbro Aksiyon Paketi;Oyuncak;Aksiyon;Hasbro;3443.26;Cocuk;69
6005;Sennheiser Sahne Enstrüman;Muzik;Sahne;Sennheiser;22799.43;Cocuk;5
6006;Winsor Newton Resim Seti;Hobi-Sanat;Resim;Winsor Newton;2574.20;Genc;94
6007;Philips Dekorasyon Dekoratif Lamba;Ev-Yasam;Dekorasyon;Philips;9247.52;Genc;38
6008;Decathlon Outdoor Antrenman Ekipmanı;Spor;Outdoor;Decathlon;2764.60;Genc;98
6009;Metis Kisisel Gelisim Romanı/Kitabı;Kitap;Kisisel Gelisim;Metis;127.47;Cocuk;72
6010;Apple Mobil Yasam Akıllı Saat;Teknoloji;Mobil Yasam;Apple;24305.32;Cocuk;40
6011;Beko Mutfak Nevresim Takımı;Ev-Yasam;Mutfak;Beko;5694.20;Cocuk;15
6012;Is Bankasi Yayinlari Tarih Romanı/Kitabı;Kitap;Tarih;Is Bankasi Yayinlari;78.92;Genc;89
6013;Playmobil Aksiyon Koleksiyonu;Oyuncak;Aksiyon;Playmobil;2358.41;Yasli;25
6014;Is Bankasi Yayinlari Kisisel Gelisim Romanı/Kitabı;Kitap;Kisisel Gelisim;Is Bankasi Yayinlari;205.30;Genc;9
6015;Pioneer Konfor Aksesuarı;Otomobil-Aksesuar;Konfor;Pioneer;11923.08;Yetiskin;82
6016;Continental Guvenlik Aksesuarı;Otomobil-Aksesuar;Guvenlik;Continental;2538.93;Yetiskin;63
6017;Logitech Yayincilik Seti;Oyun;Yayincilik;Logitech;2115.74;Yetiskin;16
6018;Ithaki Edebiyat Romanı/Kitabı;Kitap;Edebiyat;Ithaki;212.35;Yetiskin;44
6019;Pegasus Tarih Romanı/Kitabı;Kitap;Tarih;Pegasus;136.59;Genc;15
6020;MAC Parfum Nemlendirici;Kozmetik;Parfum;MAC;1850.35;Yetiskin;26
6021;Maybelline Makyaj Göz Kalemi;Kozmetik;Makyaj;Maybelline;284.26;Cocuk;72
6022;Clinique Parfum Cilt Serumu;Kozmetik;Parfum;Clinique;575.14;Yasli;67
6023;Decathlon Fitness Antrenman Ekipmanı;Spor;Fitness;Decathlon;4312.03;Yetiskin;77
6024;MGA Entertainment Aksiyon Seti;Oyuncak;Aksiyon;MGA Entertainment;1644.90;Yasli;38
6025;Reebok Fitness Eşofman Takımı;Spor;Fitness;Reebok;4048.75;Cocuk;52
6026;Prismacolor El Sanatlari Koleksiyonu;Hobi-Sanat;El Sanatlari;Prismacolor;2824.32;Cocuk;21
6027;Castelli Outdoor Eşofman Takımı;Spor;Outdoor;Castelli;2707.19;Yetiskin;64
6028;Philips Konfor Kahve Makinesi;Ev-Yasam;Konfor;Philips;4238.87;Cocuk;29
6029;Burberry Aksesuar Saat;Moda;Aksesuar;Burberry;2831.14;Yasli;96
6030;Roland Studyo Enstrüman;Muzik;Studyo;Roland;15224.19;Cocuk;26
6031;Michelin Guvenlik Aksesuarı;Otomobil-Aksesuar;Guvenlik;Michelin;6098.64;Yetiskin;16
6032;Marshall Studyo Pikap;Muzik;Studyo;Marshall;4484.06;Genc;55
6033;Yapi Kredi Kisisel Gelisim Romanı/Kitabı;Kitap;Kisisel Gelisim;Yapi Kredi;82.06;Cocuk;26
6034;Lancome Bakim Cilt Serumu;Kozmetik;Bakim;Lancome;1814.89;Cocuk;51
6035;Levi's Aksesuar Saat;Moda;Aksesuar;Levi's;4354.67;Cocuk;88
6036;Adidas Sokak Stili Gözlük;Moda;Sokak Stili;Adidas;4060.54;Yetiskin;82
6037;Ithaki Tarih Romanı/Kitabı;Kitap;Tarih;Ithaki;300.91;Yasli;34
6038;Spin Master Klasik Paketi;Oyuncak;Klasik;Spin Master;1712.98;Cocuk;44
6039;Playmobil Klasik Koleksiyonu;Oyuncak;Klasik;Playmobil;4476.15;Cocuk;37
6040;Derwent Kirtasiye Paketi;Hobi-Sanat;Kirtasiye;Derwent;1195.11;Genc;99
6041;Is Bankasi Yayinlari Kisisel Gelisim Romanı/Kitabı;Kitap;Kisisel Gelisim;Is Bankasi Yayinlari;257.92;Yetiskin;61
6042;LEGO Aksiyon Koleksiyonu;Oyuncak;Aksiyon;LEGO;754.23;Yasli;47
6043;MAC Parfum Nemlendirici;Kozmetik;Parfum;MAC;1894.57;Yasli;73
6044;Daler Rowney El Sanatlari Koleksiyonu;Hobi-Sanat;El Sanatlari;Daler Rowney;2153.68;Genc;86
6045;Is Bankasi Yayinlari Kisisel Gelisim Romanı/Kitabı;Kitap;Kisisel Gelisim;Is Bankasi Yayinlari;226.87;Genc;10
6046;HP Yazilim Tablet;Teknoloji;Yazilim;HP;42705.96;Genc;41
6047;Apple Mobil Yasam Akıllı Telefon;Teknoloji;Mobil Yasam;Apple;21335.90;Cocuk;68
6048;Pegasus Tarih Romanı/Kitabı;Kitap;Tarih;Pegasus;156.95;Genc;44
6049;Salomon Ekipman Koşu Ayakkabısı;Spor;Ekipman;Salomon;651.53;Genc;41
6050;HP Ev Ofis Bilgisayar;Teknoloji;Ev Ofis;HP;36277.22;Yasli;61
6051;Faber-Castell Resim Seti;Hobi-Sanat;Resim;Faber-Castell;3340.47;Genc;63
6052;H&M Sokak Stili Ceket;Moda;Sokak Stili;H&M;2535.79;Cocuk;82
6053;JBL Studyo Enstrüman;Muzik;Studyo;JBL;22646.09;Yetiskin;87
6054;Huawei Ev Ofis Kulaklık;Teknoloji;Ev Ofis;Huawei;34518.32;Yetiskin;33
6055;SteelSeries Retro Koleksiyonu;Oyun;Retro;SteelSeries;3318.85;Cocuk;100
6056;Maybelline Makyaj Nemlendirici;Kozmetik;Makyaj;Maybelline;1624.68;Yetiskin;93
6057;Beko Mutfak Robot Süpürge;Ev-Yasam;Mutfak;Beko;8390.48;Cocuk;33
6058;Lacoste Sokak Stili Çanta;Moda;Sokak Stili;Lacoste;2581.12;Genc;15
6059;Mattel Klasik Paketi;Oyuncak;Klasik;Mattel;780.67;Cocuk;85
6060;Hot Wheels Klasik Koleksiyonu;Oyuncak;Klasik;Hot Wheels;3875.54;Yetiskin;55
6061;Iletisim Edebiyat Romanı/Kitabı;Kitap;Edebiyat;Iletisim;334.19;Genc;60
6062;Bose Analog Amfi;Muzik;Analog;Bose;6334.76;Yasli;83
6063;Karaca Dekorasyon Robot Süpürge;Ev-Yasam;Dekorasyon;Karaca;8838.86;Genc;36
6064;Zowie Yayincilik Paketi;Oyun;Yayincilik;Zowie;538.76;Yetiskin;52
6065;Columbia Outdoor Eşofman Takımı;Spor;Outdoor;Columbia;3387.20;Cocuk;66
6066;Pegasus Kisisel Gelisim Romanı/Kitabı;Kitap;Kisisel Gelisim;Pegasus;493.74;Yetiskin;33
6067;Sephora Bakim Nemlendirici;Kozmetik;Bakim;Sephora;568.53;Yetiskin;74
6068;Maybelline Parfum Ruj;Kozmetik;Parfum;Maybelline;958.62;Genc;99
6069;Is Bankasi Yayinlari Edebiyat Romanı/Kitabı;Kitap;Edebiyat;Is Bankasi Yayinlari;91.18;Yetiskin;86
6070;Bose Sahne Pikap;Muzik;Sahne;Bose;20477.12;Genc;17
6071;Liquitex El Sanatlari Seti;Hobi-Sanat;El Sanatlari;Liquitex;2647.40;Cocuk;39
6072;Yapi Kredi Tarih Romanı/Kitabı;Kitap;Tarih;Yapi Kredi;222.06;Cocuk;45
6073;Bosch Konfor Aksesuarı;Otomobil-Aksesuar;Konfor;Bosch;4157.39;Yetiskin;98
6074;Lacoste Aksesuar Saat;Moda;Aksesuar;Lacoste;3317.64;Yasli;39
6075;Asus Mobil Yasam Akıllı Saat;Teknoloji;Mobil Yasam;Asus;33392.26;Yetiskin;79
6076;HP Yazilim Kulaklık;Teknoloji;Yazilim;HP;12479.30;Yasli;4
6077;Burberry Aksesuar Ceket;Moda;Aksesuar;Burberry;4542.21;Yasli;57
6078;Arzum Dekorasyon Nevresim Takımı;Ev-Yasam;Dekorasyon;Arzum;889.46;Yetiskin;74
6079;Reeves Kirtasiye Seti;Hobi-Sanat;Kirtasiye;Reeves;657.71;Cocuk;71
6080;Iletisim Tarih Romanı/Kitabı;Kitap;Tarih;Iletisim;144.45;Yetiskin;27
6081;Gucci Klasik Ceket;Moda;Klasik;Gucci;1152.31;Cocuk;71
6082;Nivea Bakim Ruj;Kozmetik;Bakim;Nivea;582.82;Yetiskin;95
6083;Clinique Bakim Cilt Serumu;Kozmetik;Bakim;Clinique;1139.46;Yasli;73
6084;Philips Konfor Robot Süpürge;Ev-Yasam;Konfor;Philips;3857.42;Genc;72
6085;North Face Ekipman Spor Çantası;Spor;Ekipman;North Face;7215.97;Yasli;2
6086;Sparco Guvenlik Aksesuarı;Otomobil-Aksesuar;Guvenlik;Sparco;2701.15;Genc;11
6087;Beko Konfor Robot Süpürge;Ev-Yasam;Konfor;Beko;11269.42;Cocuk;48
6088;Reebok Fitness Spor Çantası;Spor;Fitness;Reebok;4640.78;Genc;72
6089;Sephora Bakim Cilt Serumu;Kozmetik;Bakim;Sephora;1394.48;Yasli;67
6090;Castrol Guvenlik Aksesuarı;Otomobil-Aksesuar;Guvenlik;Castrol;11709.91;Yetiskin;49
6091;Canson Resim Seti;Hobi-Sanat;Resim;Canson;686.17;Cocuk;97
6092;Daler Rowney Resim Koleksiyonu;Hobi-Sanat;Resim;Daler Rowney;936.87;Cocuk;10
6093;H&M Klasik Parfüm;Moda;Klasik;H&M;1167.41;Cocuk;47
6094;Logitech Yayincilik Paketi;Oyun;Yayincilik;Logitech;4551.32;Genc;65
6095;Columbia Ekipman Koşu Ayakkabısı;Spor;Ekipman;Columbia;3637.94;Cocuk;81
6096;Ikea Mutfak Dekoratif Lamba;Ev-Yasam;Mutfak;Ikea;6322.27;Cocuk;47
6097;Spalding Outdoor Eşofman Takımı;Spor;Outdoor;Spalding;7658.14;Genc;98
6098;Salomon Fitness Spor Çantası;Spor;Fitness;Salomon;752.09;Cocuk;78
6099;Sephora Bakim Göz Kalemi;Kozmetik;Bakim;Sephora;699.01;Yetiskin;100
6100;Lancome Parfum Cilt Serumu;Kozmetik;Parfum;Lancome;945.72;Cocuk;81
6101;Continental Konfor Aksesuarı;Otomobil-Aksesuar;Konfor;Continental;10481.05;Cocuk;8
6102;Moleskine El Sanatlari Seti;Hobi-Sanat;El Sanatlari;Moleskine;1224.41;Yasli;100
6103;Levi's Klasik Saat;Moda;Klasik;Levi's;917.25;Yasli;18
6104;Meguiars Konfor Aksesuarı;Otomobil-Aksesuar;Konfor;Meguiars;6318.34;Genc;15
6105;Estee Lauder Bakim Nemlendirici;Kozmetik;Bakim;Estee Lauder;760.02;Cocuk;19
6106;HP Ev Ofis Tablet;Teknoloji;Ev Ofis;HP;40335.64;Cocuk;64
6107;SteelSeries E-Spor Paketi;Oyun;E-Spor;SteelSeries;3220.65;Cocuk;15
6108;Madame Coco Dekorasyon Kahve Makinesi;Ev-Yasam;Dekorasyon;Madame Coco;10644.58;Yetiskin;25
6109;Everest Tarih Romanı/Kitabı;Kitap;Tarih;Everest;454.54;Yasli;12
6110;Hasbro Klasik Paketi;Oyuncak;Klasik;Hasbro;904.23;Cocuk;61
6111;Nivea Makyaj Ruj;Kozmetik;Makyaj;Nivea;366.59;Yetiskin;85
6112;Winsor Newton Kirtasiye Seti;Hobi-Sanat;Kirtasiye;Winsor Newton;4349.49;Cocuk;10
6113;HyperX Retro Seti;Oyun;Retro;HyperX;4979.76;Cocuk;55
6114;Dogan Kitap Tarih Romanı/Kitabı;Kitap;Tarih;Dogan Kitap;338.06;Cocuk;43
6115;Zara Sokak Stili Parfüm;Moda;Sokak Stili;Zara;5492.13;Yetiskin;80
6116;Faber-Castell El Sanatlari Seti;Hobi-Sanat;El Sanatlari;Faber-Castell;484.79;Yetiskin;5
6117;Castelli Fitness Spor Çantası;Spor;Fitness;Castelli;1221.87;Yasli;43
6118;JBL Studyo DJ Ekipmanı;Muzik;Studyo;JBL;3761.77;Genc;27
6119;Canson Kirtasiye Paketi;Hobi-Sanat;Kirtasiye;Canson;1457.68;Yasli;50
6120;Huawei Yazilim Tablet;Teknoloji;Yazilim;Huawei;7532.43;Cocuk;44
6121;Fisher-Price Aksiyon Paketi;Oyuncak;Aksiyon;Fisher-Price;3632.17;Yetiskin;46
6122;Alfa Yayinlari Edebiyat Romanı/Kitabı;Kitap;Edebiyat;Alfa Yayinlari;285.54;Yetiskin;2
6123;Michelin Guvenlik Aksesuarı;Otomobil-Aksesuar;Guvenlik;Michelin;10773.56;Yetiskin;3
6124;Bridgestone Guvenlik Aksesuarı;Otomobil-Aksesuar;Guvenlik;Bridgestone;7499.40;Yasli;60
6125;Daler Rowney El Sanatlari Paketi;Hobi-Sanat;El Sanatlari;Daler Rowney;3398.13;Genc;91
6126;MGA Entertainment Aksiyon Paketi;Oyuncak;Aksiyon;MGA Entertainment;1623.86;Yasli;21
6127;LG Mobil Yasam Tablet;Teknoloji;Mobil Yasam;LG;33048.95;Yetiskin;70
6128;Maybelline Bakim Ruj;Kozmetik;Bakim;Maybelline;1992.21;Yasli;21
6129;Audio-Technica Sahne Enstrüman;Muzik;Sahne;Audio-Technica;1424.95;Yetiskin;29
6130;SteelSeries E-Spor Koleksiyonu;Oyun;E-Spor;SteelSeries;3384.90;Yetiskin;39
6131;Hot Wheels Aksiyon Koleksiyonu;Oyuncak;Aksiyon;Hot Wheels;4960.26;Yetiskin;94
6132;Marshall Sahne DJ Ekipmanı;Muzik;Sahne;Marshall;24268.40;Genc;66
6133;Reeves Resim Koleksiyonu;Hobi-Sanat;Resim;Reeves;478.79;Yasli;57
6134;MGA Entertainment Klasik Koleksiyonu;Oyuncak;Klasik;MGA Entertainment;3175.07;Yetiskin;4
6135;Prada Sokak Stili Çanta;Moda;Sokak Stili;Prada;3150.07;Genc;62
6136;Gucci Sokak Stili Gözlük;Moda;Sokak Stili;Gucci;5067.29;Yetiskin;83
6137;Bridgestone Guvenlik Aksesuarı;Otomobil-Aksesuar;Guvenlik;Bridgestone;8348.72;Cocuk;14
6138;Pebeo El Sanatlari Seti;Hobi-Sanat;El Sanatlari;Pebeo;3725.38;Yasli;37
6139;Ithaki Edebiyat Romanı/Kitabı;Kitap;Edebiyat;Ithaki;332.15;Yetiskin;34
6140;Salomon Ekipman Koşu Ayakkabısı;Spor;Ekipman;Salomon;5442.01;Yetiskin;80
6141;Huawei Mobil Yasam Kulaklık;Teknoloji;Mobil Yasam;Huawei;36508.71;Yetiskin;12
6142;Sony Mobil Yasam Bilgisayar;Teknoloji;Mobil Yasam;Sony;13538.23;Yetiskin;56
6143;Marshall Sahne DJ Ekipmanı;Muzik;Sahne;Marshall;15262.97;Cocuk;23
6144;Puma Aksesuar Ceket;Moda;Aksesuar;Puma;3850.60;Yetiskin;13
6145;Sephora Bakim Cilt Serumu;Kozmetik;Bakim;Sephora;1793.14;Yasli;80
6146;Castrol Guvenlik Aksesuarı;Otomobil-Aksesuar;Guvenlik;Castrol;8597.61;Yasli;57
6147;Metis Edebiyat Romanı/Kitabı;Kitap;Edebiyat;Metis;349.60;Cocuk;14
6148;Dell Yazilim Akıllı Telefon;Teknoloji;Yazilim;Dell;24762.59;Cocuk;14
6149;SteelSeries E-Spor Seti;Oyun;E-Spor;SteelSeries;2688.09;Cocuk;86
6150;Nintendo Yayincilik Seti;Oyun;Yayincilik;Nintendo;4358.03;Genc;19
6151;Nintendo Retro Paketi;Oyun;Retro;Nintendo;3616.01;Genc;34
6152;Yamaha Analog Pikap;Muzik;Analog;Yamaha;3413.66;Yasli;99
6153;Lancome Makyaj Nemlendirici;Kozmetik;Makyaj;Lancome;1075.81;Cocuk;63
6154;JBL Sahne Enstrüman;Muzik;Sahne;JBL;24202.68;Genc;54
6155;Decathlon Ekipman Spor Çantası;Spor;Ekipman;Decathlon;2719.14;Genc;30
6156;Gucci Sokak Stili Gözlük;Moda;Sokak Stili;Gucci;3653.34;Yetiskin;45
6157;Tefal Dekorasyon Dekoratif Lamba;Ev-Yasam;Dekorasyon;Tefal;3701.15;Yetiskin;38
6158;Burberry Sokak Stili Saat;Moda;Sokak Stili;Burberry;3723.62;Genc;56
6159;Castelli Fitness Spor Çantası;Spor;Fitness;Castelli;1525.43;Genc;88
6160;Salomon Ekipman Spor Çantası;Spor;Ekipman;Salomon;2882.91;Yasli;27
6161;Nike Sokak Stili Çanta;Moda;Sokak Stili;Nike;1653.74;Cocuk;13
6162;Gucci Klasik Gözlük;Moda;Klasik;Gucci;2731.02;Genc;27
6163;Dior Makyaj Göz Kalemi;Kozmetik;Makyaj;Dior;222.30;Yetiskin;37
6164;Decathlon Outdoor Spor Çantası;Spor;Outdoor;Decathlon;7745.74;Yasli;92
6165;MSI Yayincilik Paketi;Oyun;Yayincilik;MSI;2148.57;Yetiskin;53
6166;Mattel Aksiyon Paketi;Oyuncak;Aksiyon;Mattel;3019.20;Cocuk;72
6167;Is Bankasi Yayinlari Edebiyat Romanı/Kitabı;Kitap;Edebiyat;Is Bankasi Yayinlari;351.40;Yetiskin;28
6168;Salomon Outdoor Antrenman Ekipmanı;Spor;Outdoor;Salomon;4126.92;Yetiskin;28
6169;Metis Edebiyat Romanı/Kitabı;Kitap;Edebiyat;Metis;297.47;Yetiskin;27
6170;Asus Yazilim Bilgisayar;Teknoloji;Yazilim;Asus;20503.54;Cocuk;30
6171;Logitech Yayincilik Paketi;Oyun;Yayincilik;Logitech;1052.19;Genc;82
6172;Hot Wheels Klasik Paketi;Oyuncak;Klasik;Hot Wheels;107.21;Yetiskin;41
6173;Under Armour Outdoor Antrenman Ekipmanı;Spor;Outdoor;Under Armour;5615.64;Yasli;89
6174;Goodyear Guvenlik Aksesuarı;Otomobil-Aksesuar;Guvenlik;Goodyear;4623.75;Yasli;59
6175;Nvidia Retro Paketi;Oyun;Retro;Nvidia;2856.12;Genc;90
6176;Spalding Outdoor Eşofman Takımı;Spor;Outdoor;Spalding;4789.11;Yasli;7
6177;Mizuno Ekipman Spor Çantası;Spor;Ekipman;Mizuno;1051.92;Yasli;94
6178;Logitech E-Spor Koleksiyonu;Oyun;E-Spor;Logitech;3442.83;Cocuk;16
6179;Mizuno Fitness Spor Çantası;Spor;Fitness;Mizuno;7959.83;Cocuk;88
6180;Gucci Sokak Stili Gözlük;Moda;Sokak Stili;Gucci;5451.98;Cocuk;15
6181;Columbia Outdoor Eşofman Takımı;Spor;Outdoor;Columbia;2524.76;Cocuk;85
6182;Everest Kisisel Gelisim Romanı/Kitabı;Kitap;Kisisel Gelisim;Everest;260.78;Yetiskin;85
6183;Prismacolor El Sanatlari Seti;Hobi-Sanat;El Sanatlari;Prismacolor;4465.67;Cocuk;26
6184;Zara Klasik Ceket;Moda;Klasik;Zara;814.81;Yasli;69
6185;Zowie E-Spor Seti;Oyun;E-Spor;Zowie;1235.94;Genc;87
6186;Mizuno Ekipman Eşofman Takımı;Spor;Ekipman;Mizuno;5143.49;Yasli;21
6187;Derwent Kirtasiye Koleksiyonu;Hobi-Sanat;Kirtasiye;Derwent;565.49;Genc;96
6188;Reebok Fitness Spor Çantası;Spor;Fitness;Reebok;6702.90;Yetiskin;87
6189;Ikea Dekorasyon Robot Süpürge;Ev-Yasam;Dekorasyon;Ikea;5023.27;Genc;63
6190;MAC Makyaj Nemlendirici;Kozmetik;Makyaj;MAC;713.76;Yasli;34
6191;Pasabahce Konfor Robot Süpürge;Ev-Yasam;Konfor;Pasabahce;8139.84;Cocuk;60
6192;Gibson Analog Enstrüman;Muzik;Analog;Gibson;6336.78;Genc;81
6193;Iletisim Tarih Romanı/Kitabı;Kitap;Tarih;Iletisim;52.88;Cocuk;81
6194;Lenovo Yazilim Akıllı Saat;Teknoloji;Yazilim;Lenovo;12047.08;Yetiskin;72
6195;Levi's Klasik Gözlük;Moda;Klasik;Levi's;1755.70;Genc;90
6196;Playmobil Klasik Koleksiyonu;Oyuncak;Klasik;Playmobil;4620.03;Yetiskin;43
6197;Wilson Outdoor Antrenman Ekipmanı;Spor;Outdoor;Wilson;1321.35;Genc;83
6198;Reebok Outdoor Koşu Ayakkabısı;Spor;Outdoor;Reebok;3520.34;Yetiskin;26
6199;MGA Entertainment Klasik Koleksiyonu;Oyuncak;Klasik;MGA Entertainment;4564.08;Genc;36
6200;Canson Kirtasiye Paketi;Hobi-Sanat;Kirtasiye;Canson;4149.55;Yetiskin;12
6201;MSI Yayincilik Seti;Oyun;Yayincilik;MSI;2911.26;Cocuk;15
6202;Pebeo El Sanatlari Koleksiyonu;Hobi-Sanat;El Sanatlari;Pebeo;1390.03;Yetiskin;96
6203;Reeves El Sanatlari Seti;Hobi-Sanat;El Sanatlari;Reeves;3470.62;Yetiskin;38
6204;Michelin Konfor Aksesuarı;Otomobil-Aksesuar;Konfor;Michelin;5489.07;Genc;29
6205;Zowie Retro Koleksiyonu;Oyun;Retro;Zowie;1815.60;Yasli;18
6206;Bose Analog Pikap;Muzik;Analog;Bose;19153.71;Genc;2
6207;Fender Analog Enstrüman;Muzik;Analog;Fender;12880.77;Yasli;85
6208;Sephora Parfum Ruj;Kozmetik;Parfum;Sephora;1674.81;Cocuk;63
6209;Can Yayinlari Edebiyat Romanı/Kitabı;Kitap;Edebiyat;Can Yayinlari;205.88;Yetiskin;37
6210;Corsair Retro Seti;Oyun;Retro;Corsair;1831.00;Yetiskin;12
6211;Castelli Ekipman Spor Çantası;Spor;Ekipman;Castelli;7919.96;Yetiskin;59
6212;Bose Sahne Pikap;Muzik;Sahne;Bose;16012.13;Cocuk;91
6213;Adidas Klasik Çanta;Moda;Klasik;Adidas;4428.39;Yasli;98
6214;Castelli Ekipman Eşofman Takımı;Spor;Ekipman;Castelli;4722.06;Cocuk;28
6215;Puma Aksesuar Parfüm;Moda;Aksesuar;Puma;5355.24;Cocuk;27
6216;Nike Aksesuar Saat;Moda;Aksesuar;Nike;4144.41;Cocuk;13
6217;Tefal Dekorasyon Robot Süpürge;Ev-Yasam;Dekorasyon;Tefal;9424.48;Genc;74
6218;Xiaomi Ev Ofis Akıllı Saat;Teknoloji;Ev Ofis;Xiaomi;10369.42;Cocuk;20
6219;Gucci Sokak Stili Çanta;Moda;Sokak Stili;Gucci;965.65;Genc;13
6220;Alfa Yayinlari Edebiyat Romanı/Kitabı;Kitap;Edebiyat;Alfa Yayinlari;262.66;Cocuk;46
6221;Prismacolor El Sanatlari Koleksiyonu;Hobi-Sanat;El Sanatlari;Prismacolor;1330.83;Cocuk;75
6222;Clinique Bakim Ruj;Kozmetik;Bakim;Clinique;592.38;Yasli;46
6223;Logitech Retro Seti;Oyun;Retro;Logitech;3619.25;Cocuk;26
6224;Daler Rowney El Sanatlari Paketi;Hobi-Sanat;El Sanatlari;Daler Rowney;3772.54;Yetiskin;29
6225;Pegasus Kisisel Gelisim Romanı/Kitabı;Kitap;Kisisel Gelisim;Pegasus;140.65;Yasli;18
6226;Spalding Outdoor Koşu Ayakkabısı;Spor;Outdoor;Spalding;1051.13;Yasli;99
6227;English Home Dekorasyon Robot Süpürge;Ev-Yasam;Dekorasyon;English Home;445.02;Cocuk;5
6228;Pegasus Tarih Romanı/Kitabı;Kitap;Tarih;Pegasus;403.35;Genc;74
6229;Pasabahce Dekorasyon Kahve Makinesi;Ev-Yasam;Dekorasyon;Pasabahce;6304.14;Yetiskin;81
6230;Reebok Ekipman Eşofman Takımı;Spor;Ekipman;Reebok;6684.31;Genc;77
6231;Alfa Yayinlari Edebiyat Romanı/Kitabı;Kitap;Edebiyat;Alfa Yayinlari;463.16;Genc;96
6232;Prismacolor Kirtasiye Seti;Hobi-Sanat;Kirtasiye;Prismacolor;2352.99;Yasli;79
6233;Roland Analog Pikap;Muzik;Analog;Roland;5074.86;Genc;92
6234;Chanel Bakim Göz Kalemi;Kozmetik;Bakim;Chanel;957.40;Cocuk;89
6235;Hot Wheels Egitici Koleksiyonu;Oyuncak;Egitici;Hot Wheels;3744.50;Yasli;62
6236;Gucci Aksesuar Gözlük;Moda;Aksesuar;Gucci;989.40;Yasli;99
6237;VTech Aksiyon Paketi;Oyuncak;Aksiyon;VTech;774.26;Genc;76
6238;Castrol Guvenlik Aksesuarı;Otomobil-Aksesuar;Guvenlik;Castrol;1513.64;Yasli;22
6239;LEGO Egitici Seti;Oyuncak;Egitici;LEGO;4507.03;Cocuk;23
6240;Gucci Sokak Stili Saat;Moda;Sokak Stili;Gucci;1882.42;Genc;20
6241;Ikea Konfor Dekoratif Lamba;Ev-Yasam;Konfor;Ikea;4873.47;Cocuk;98
6242;Audio-Technica Studyo Pikap;Muzik;Studyo;Audio-Technica;11373.82;Yetiskin;41
6243;Reebok Ekipman Antrenman Ekipmanı;Spor;Ekipman;Reebok;4769.27;Yetiskin;53
6244;English Home Mutfak Robot Süpürge;Ev-Yasam;Mutfak;English Home;5043.34;Yasli;9
6245;Pebeo Resim Seti;Hobi-Sanat;Resim;Pebeo;4337.04;Cocuk;81
6246;Lancome Makyaj Nemlendirici;Kozmetik;Makyaj;Lancome;1367.95;Cocuk;29
6247;Corsair E-Spor Koleksiyonu;Oyun;E-Spor;Corsair;1494.52;Cocuk;19
6248;Gigabyte E-Spor Seti;Oyun;E-Spor;Gigabyte;1520.12;Cocuk;93
6249;Maybelline Parfum Ruj;Kozmetik;Parfum;Maybelline;578.42;Genc;84
6250;Arzum Konfor Nevresim Takımı;Ev-Yasam;Konfor;Arzum;5637.88;Yasli;21
6251;Goodyear Konfor Aksesuarı;Otomobil-Aksesuar;Konfor;Goodyear;12626.39;Yasli;94
6252;LG Ev Ofis Akıllı Telefon;Teknoloji;Ev Ofis;LG;25180.01;Yasli;4
6253;Nvidia E-Spor Paketi;Oyun;E-Spor;Nvidia;997.13;Genc;58
6254;HP Yazilim Bilgisayar;Teknoloji;Yazilim;HP;29993.61;Yasli;42
6255;Apple Yazilim Akıllı Saat;Teknoloji;Yazilim;Apple;37763.26;Yasli;77
6256;Puma Klasik Gözlük;Moda;Klasik;Puma;2107.08;Yetiskin;37
6257;Metis Edebiyat Romanı/Kitabı;Kitap;Edebiyat;Metis;332.20;Genc;17
6258;Maybelline Parfum Cilt Serumu;Kozmetik;Parfum;Maybelline;1873.74;Yasli;94
6259;Daler Rowney Kirtasiye Koleksiyonu;Hobi-Sanat;Kirtasiye;Daler Rowney;1287.43;Genc;8
6260;Derwent El Sanatlari Paketi;Hobi-Sanat;El Sanatlari;Derwent;2162.01;Yasli;81
6261;Pioneer Konfor Aksesuarı;Otomobil-Aksesuar;Konfor;Pioneer;9224.73;Genc;5
6262;Winsor Newton Resim Seti;Hobi-Sanat;Resim;Winsor Newton;2060.66;Genc;74
6263;Lenovo Yazilim Akıllı Saat;Teknoloji;Yazilim;Lenovo;11081.43;Cocuk;6
6264;Puma Aksesuar Saat;Moda;Aksesuar;Puma;3941.96;Cocuk;58
6265;Pasabahce Mutfak Dekoratif Lamba;Ev-Yasam;Mutfak;Pasabahce;1321.68;Yetiskin;11
6266;Xiaomi Mobil Yasam Akıllı Saat;Teknoloji;Mobil Yasam;Xiaomi;17969.26;Yasli;99
6267;Beko Dekorasyon Robot Süpürge;Ev-Yasam;Dekorasyon;Beko;1775.71;Yasli;83
6268;Corsair Yayincilik Koleksiyonu;Oyun;Yayincilik;Corsair;2926.63;Cocuk;12
6269;Columbia Ekipman Spor Çantası;Spor;Ekipman;Columbia;2673.69;Genc;48
6270;Zowie E-Spor Paketi;Oyun;E-Spor;Zowie;1902.71;Genc;99
6271;Nintendo Retro Seti;Oyun;Retro;Nintendo;2146.86;Cocuk;100
6272;Spin Master Egitici Koleksiyonu;Oyuncak;Egitici;Spin Master;3287.16;Yetiskin;36
6273;Metis Tarih Romanı/Kitabı;Kitap;Tarih;Metis;453.46;Genc;18
6274;Prada Sokak Stili Parfüm;Moda;Sokak Stili;Prada;5802.25;Cocuk;98
6275;Bridgestone Guvenlik Aksesuarı;Otomobil-Aksesuar;Guvenlik;Bridgestone;5435.00;Cocuk;83
6276;Yapi Kredi Kisisel Gelisim Romanı/Kitabı;Kitap;Kisisel Gelisim;Yapi Kredi;210.56;Yetiskin;2
6277;Canson Resim Paketi;Hobi-Sanat;Resim;Canson;2732.44;Yasli;30
6278;Everest Kisisel Gelisim Romanı/Kitabı;Kitap;Kisisel Gelisim;Everest;65.99;Genc;29
6279;SteelSeries Yayincilik Seti;Oyun;Yayincilik;SteelSeries;4567.66;Yetiskin;44
6280;Yapi Kredi Tarih Romanı/Kitabı;Kitap;Tarih;Yapi Kredi;350.54;Yetiskin;59
6281;Adidas Klasik Parfüm;Moda;Klasik;Adidas;4628.50;Yetiskin;9
6282;Winsor Newton Kirtasiye Seti;Hobi-Sanat;Kirtasiye;Winsor Newton;1437.82;Genc;62
6283;Corsair Yayincilik Paketi;Oyun;Yayincilik;Corsair;4096.77;Yasli;75
6284;Goodyear Guvenlik Aksesuarı;Otomobil-Aksesuar;Guvenlik;Goodyear;1547.52;Genc;14
6285;Can Yayinlari Tarih Romanı/Kitabı;Kitap;Tarih;Can Yayinlari;342.09;Genc;5
6286;Is Bankasi Yayinlari Edebiyat Romanı/Kitabı;Kitap;Edebiyat;Is Bankasi Yayinlari;364.26;Yetiskin;11
6287;Yamaha Sahne Enstrüman;Muzik;Sahne;Yamaha;9308.34;Cocuk;20
6288;Apple Yazilim Akıllı Telefon;Teknoloji;Yazilim;Apple;24774.21;Cocuk;95
6289;Ikea Mutfak Kahve Makinesi;Ev-Yasam;Mutfak;Ikea;10610.17;Genc;77
6290;Prada Aksesuar Ceket;Moda;Aksesuar;Prada;2164.33;Yetiskin;84
6291;Spin Master Egitici Seti;Oyuncak;Egitici;Spin Master;2728.18;Genc;21
6292;Dogan Kitap Tarih Romanı/Kitabı;Kitap;Tarih;Dogan Kitap;112.65;Yetiskin;55
6293;Puma Aksesuar Gözlük;Moda;Aksesuar;Puma;1982.04;Yasli;33
6294;Chanel Parfum Göz Kalemi;Kozmetik;Parfum;Chanel;1582.79;Yasli;68
6295;Is Bankasi Yayinlari Edebiyat Romanı/Kitabı;Kitap;Edebiyat;Is Bankasi Yayinlari;272.39;Genc;94
6296;LG Yazilim Akıllı Telefon;Teknoloji;Yazilim;LG;29923.46;Cocuk;18
6297;Fisher-Price Klasik Seti;Oyuncak;Klasik;Fisher-Price;3022.32;Yetiskin;25
6298;Salomon Fitness Spor Çantası;Spor;Fitness;Salomon;1454.73;Yetiskin;90
6299;Dogan Kitap Tarih Romanı/Kitabı;Kitap;Tarih;Dogan Kitap;143.32;Yasli;94
6300;Samsung Mobil Yasam Bilgisayar;Teknoloji;Mobil Yasam;Samsung;31275.04;Yasli;65
6301;3M Konfor Aksesuarı;Otomobil-Aksesuar;Konfor;3M;1538.46;Yetiskin;66
6302;Maybelline Bakim Nemlendirici;Kozmetik;Bakim;Maybelline;1813.00;Yasli;73
6303;Bosch Arac Bakimi Aksesuarı;Otomobil-Aksesuar;Arac Bakimi;Bosch;11166.34;Cocuk;79
6304;Spalding Ekipman Eşofman Takımı;Spor;Ekipman;Spalding;995.22;Yasli;26
6305;Chanel Parfum Ruj;Kozmetik;Parfum;Chanel;584.00;Genc;24
6306;Liquitex Resim Seti;Hobi-Sanat;Resim;Liquitex;199.15;Yasli;77
6307;Reebok Outdoor Koşu Ayakkabısı;Spor;Outdoor;Reebok;970.32;Genc;71
6308;Razer E-Spor Seti;Oyun;E-Spor;Razer;614.05;Yetiskin;98
6309;H&M Klasik Ceket;Moda;Klasik;H&M;2683.91;Yasli;86
6310;Sony Mobil Yasam Akıllı Telefon;Teknoloji;Mobil Yasam;Sony;39557.73;Yetiskin;75
6311;Madame Coco Konfor Dekoratif Lamba;Ev-Yasam;Konfor;Madame Coco;11793.80;Genc;23
6312;Dior Makyaj Cilt Serumu;Kozmetik;Makyaj;Dior;1323.18;Yetiskin;3
6313;Zara Sokak Stili Parfüm;Moda;Sokak Stili;Zara;1349.97;Yasli;41
6314;Castrol Konfor Aksesuarı;Otomobil-Aksesuar;Konfor;Castrol;2916.80;Yasli;47
6315;Madame Coco Mutfak Kahve Makinesi;Ev-Yasam;Mutfak;Madame Coco;2079.44;Genc;42
6316;Mizuno Fitness Eşofman Takımı;Spor;Fitness;Mizuno;4720.46;Yasli;71
6317;Fisher-Price Egitici Koleksiyonu;Oyuncak;Egitici;Fisher-Price;3746.51;Genc;21
6318;Fisher-Price Klasik Paketi;Oyuncak;Klasik;Fisher-Price;2708.65;Yetiskin;24
6319;Gigabyte Retro Koleksiyonu;Oyun;Retro;Gigabyte;715.92;Genc;11
6320;Ikea Mutfak Nevresim Takımı;Ev-Yasam;Mutfak;Ikea;2959.81;Cocuk;55
6321;Daler Rowney El Sanatlari Paketi;Hobi-Sanat;El Sanatlari;Daler Rowney;3358.01;Yetiskin;43
6322;Iletisim Edebiyat Romanı/Kitabı;Kitap;Edebiyat;Iletisim;75.83;Cocuk;64
6323;Prismacolor El Sanatlari Seti;Hobi-Sanat;El Sanatlari;Prismacolor;3420.88;Cocuk;67
6324;Corsair E-Spor Koleksiyonu;Oyun;E-Spor;Corsair;999.20;Yetiskin;51
6325;Reebok Ekipman Koşu Ayakkabısı;Spor;Ekipman;Reebok;6473.67;Genc;25
6326;Gigabyte Yayincilik Koleksiyonu;Oyun;Yayincilik;Gigabyte;4897.24;Genc;29
6327;Columbia Outdoor Koşu Ayakkabısı;Spor;Outdoor;Columbia;6166.49;Cocuk;80
6328;Hot Wheels Klasik Koleksiyonu;Oyuncak;Klasik;Hot Wheels;1340.11;Cocuk;72
6329;Spin Master Egitici Koleksiyonu;Oyuncak;Egitici;Spin Master;1162.79;Yetiskin;86
6330;Winsor Newton Resim Koleksiyonu;Hobi-Sanat;Resim;Winsor Newton;1283.76;Yasli;99
6331;Reebok Outdoor Spor Çantası;Spor;Outdoor;Reebok;5943.91;Yetiskin;91
6332;Alfa Yayinlari Kisisel Gelisim Romanı/Kitabı;Kitap;Kisisel Gelisim;Alfa Yayinlari;413.05;Genc;80
6333;Wilson Ekipman Antrenman Ekipmanı;Spor;Ekipman;Wilson;3562.62;Yasli;16
6334;Audio-Technica Sahne DJ Ekipmanı;Muzik;Sahne;Audio-Technica;18392.07;Yetiskin;13
6335;Can Yayinlari Kisisel Gelisim Romanı/Kitabı;Kitap;Kisisel Gelisim;Can Yayinlari;163.05;Genc;34
6336;Dell Mobil Yasam Kulaklık;Teknoloji;Mobil Yasam;Dell;33710.06;Genc;28
6337;Metis Edebiyat Romanı/Kitabı;Kitap;Edebiyat;Metis;75.19;Yasli;3
6338;Derwent El Sanatlari Paketi;Hobi-Sanat;El Sanatlari;Derwent;1140.59;Cocuk;85
6339;Meguiars Konfor Aksesuarı;Otomobil-Aksesuar;Konfor;Meguiars;12160.53;Yetiskin;16
6340;3M Konfor Aksesuarı;Otomobil-Aksesuar;Konfor;3M;13035.07;Yetiskin;45
6341;Xiaomi Yazilim Tablet;Teknoloji;Yazilim;Xiaomi;38178.67;Genc;19
6342;Marshall Analog Enstrüman;Muzik;Analog;Marshall;21453.74;Yetiskin;48
6343;Razer E-Spor Seti;Oyun;E-Spor;Razer;2278.68;Yasli;38
6344;Pebeo Resim Koleksiyonu;Hobi-Sanat;Resim;Pebeo;1287.88;Yetiskin;41
6345;Prada Klasik Çanta;Moda;Klasik;Prada;2111.19;Genc;82
6346;Everest Tarih Romanı/Kitabı;Kitap;Tarih;Everest;376.87;Genc;81
6347;Yapi Kredi Edebiyat Romanı/Kitabı;Kitap;Edebiyat;Yapi Kredi;227.76;Cocuk;53
6348;Hot Wheels Klasik Paketi;Oyuncak;Klasik;Hot Wheels;502.15;Genc;64
6349;MGA Entertainment Egitici Seti;Oyuncak;Egitici;MGA Entertainment;2190.50;Genc;83
6350;Razer E-Spor Koleksiyonu;Oyun;E-Spor;Razer;3057.41;Cocuk;53
6351;Spin Master Aksiyon Koleksiyonu;Oyuncak;Aksiyon;Spin Master;4139.44;Cocuk;54
6352;Continental Arac Bakimi Aksesuarı;Otomobil-Aksesuar;Arac Bakimi;Continental;12162.95;Yasli;67
6353;Dogan Kitap Kisisel Gelisim Romanı/Kitabı;Kitap;Kisisel Gelisim;Dogan Kitap;450.28;Genc;53
6354;Xiaomi Yazilim Tablet;Teknoloji;Yazilim;Xiaomi;27077.21;Genc;92
6355;Estee Lauder Parfum Cilt Serumu;Kozmetik;Parfum;Estee Lauder;1288.98;Cocuk;82
6356;Yamaha Sahne Amfi;Muzik;Sahne;Yamaha;13223.16;Cocuk;33
6357;Mizuno Ekipman Spor Çantası;Spor;Ekipman;Mizuno;1231.32;Yasli;14
6358;Logitech Yayincilik Paketi;Oyun;Yayincilik;Logitech;3308.92;Yasli;18
6359;Pasabahce Konfor Robot Süpürge;Ev-Yasam;Konfor;Pasabahce;5216.16;Genc;67
6360;Columbia Fitness Koşu Ayakkabısı;Spor;Fitness;Columbia;1193.53;Yetiskin;79
6361;Madame Coco Mutfak Kahve Makinesi;Ev-Yasam;Mutfak;Madame Coco;5948.80;Yetiskin;89
6362;Meguiars Konfor Aksesuarı;Otomobil-Aksesuar;Konfor;Meguiars;3195.40;Genc;82
6363;Alfa Yayinlari Tarih Romanı/Kitabı;Kitap;Tarih;Alfa Yayinlari;216.10;Yasli;20
6364;Michelin Arac Bakimi Aksesuarı;Otomobil-Aksesuar;Arac Bakimi;Michelin;11442.82;Cocuk;23
6365;Nivea Parfum Ruj;Kozmetik;Parfum;Nivea;927.48;Cocuk;34
6366;Zara Klasik Saat;Moda;Klasik;Zara;5913.88;Yasli;90
6367;Lacoste Sokak Stili Ceket;Moda;Sokak Stili;Lacoste;2202.10;Cocuk;100
6368;Liquitex El Sanatlari Seti;Hobi-Sanat;El Sanatlari;Liquitex;1902.99;Genc;28
6369;LOreal Bakim Nemlendirici;Kozmetik;Bakim;LOreal;1259.79;Genc;6
6370;Dogan Kitap Kisisel Gelisim Romanı/Kitabı;Kitap;Kisisel Gelisim;Dogan Kitap;222.04;Genc;21
6371;Prada Sokak Stili Çanta;Moda;Sokak Stili;Prada;5680.57;Yasli;60
6372;Prada Sokak Stili Çanta;Moda;Sokak Stili;Prada;3787.35;Genc;16
6373;Lancome Bakim Cilt Serumu;Kozmetik;Bakim;Lancome;202.75;Yasli;45
6374;Wilson Fitness Eşofman Takımı;Spor;Fitness;Wilson;2200.17;Yetiskin;2
6375;Yamaha Sahne Enstrüman;Muzik;Sahne;Yamaha;4277.97;Yetiskin;12
6376;Columbia Fitness Spor Çantası;Spor;Fitness;Columbia;718.79;Genc;33
6377;North Face Ekipman Koşu Ayakkabısı;Spor;Ekipman;North Face;7654.63;Yetiskin;89
6378;Bosch Mutfak Kahve Makinesi;Ev-Yasam;Mutfak;Bosch;3490.02;Yasli;48
6379;English Home Dekorasyon Kahve Makinesi;Ev-Yasam;Dekorasyon;English Home;3677.97;Genc;39
6380;Reeves El Sanatlari Koleksiyonu;Hobi-Sanat;El Sanatlari;Reeves;4742.13;Yetiskin;22
6381;Karaca Mutfak Robot Süpürge;Ev-Yasam;Mutfak;Karaca;2217.44;Genc;13
6382;Michelin Arac Bakimi Aksesuarı;Otomobil-Aksesuar;Arac Bakimi;Michelin;6191.18;Genc;50
6383;Columbia Fitness Spor Çantası;Spor;Fitness;Columbia;7737.25;Genc;92
6384;Mizuno Fitness Koşu Ayakkabısı;Spor;Fitness;Mizuno;4438.89;Genc;100
6385;Iletisim Edebiyat Romanı/Kitabı;Kitap;Edebiyat;Iletisim;139.42;Yetiskin;39
6386;LOreal Makyaj Cilt Serumu;Kozmetik;Makyaj;LOreal;1607.69;Yasli;84
6387;Is Bankasi Yayinlari Tarih Romanı/Kitabı;Kitap;Tarih;Is Bankasi Yayinlari;462.74;Yasli;23
6388;Everest Kisisel Gelisim Romanı/Kitabı;Kitap;Kisisel Gelisim;Everest;253.45;Yetiskin;83
6389;Logitech Yayincilik Koleksiyonu;Oyun;Yayincilik;Logitech;2947.69;Yetiskin;34
6390;Marshall Studyo Amfi;Muzik;Studyo;Marshall;13377.70;Yasli;85
6391;Salomon Outdoor Eşofman Takımı;Spor;Outdoor;Salomon;1690.99;Yasli;65
6392;Zowie Retro Koleksiyonu;Oyun;Retro;Zowie;4278.55;Cocuk;8
6393;Gibson Analog Amfi;Muzik;Analog;Gibson;19302.14;Yasli;11
6394;Prismacolor Kirtasiye Paketi;Hobi-Sanat;Kirtasiye;Prismacolor;2569.34;Yetiskin;27
6395;Decathlon Fitness Eşofman Takımı;Spor;Fitness;Decathlon;1326.98;Yasli;11
6396;Yapi Kredi Edebiyat Romanı/Kitabı;Kitap;Edebiyat;Yapi Kredi;295.84;Yetiskin;77
6397;H&M Sokak Stili Parfüm;Moda;Sokak Stili;H&M;2235.42;Yetiskin;7
6398;Burberry Klasik Parfüm;Moda;Klasik;Burberry;5753.59;Cocuk;56
6399;North Face Fitness Antrenman Ekipmanı;Spor;Fitness;North Face;2008.06;Yasli;17
6400;Razer E-Spor Paketi;Oyun;E-Spor;Razer;3094.45;Cocuk;86
6401;Arzum Dekorasyon Robot Süpürge;Ev-Yasam;Dekorasyon;Arzum;9191.03;Yetiskin;28
6402;MSI E-Spor Paketi;Oyun;E-Spor;MSI;200.37;Yasli;32
6403;Bosch Dekorasyon Kahve Makinesi;Ev-Yasam;Dekorasyon;Bosch;3892.05;Cocuk;57
6404;Winsor Newton Kirtasiye Seti;Hobi-Sanat;Kirtasiye;Winsor Newton;2346.02;Genc;70
6405;Pegasus Tarih Romanı/Kitabı;Kitap;Tarih;Pegasus;155.74;Cocuk;7
6406;Nintendo Yayincilik Koleksiyonu;Oyun;Yayincilik;Nintendo;1902.71;Cocuk;31
6407;Lacoste Klasik Çanta;Moda;Klasik;Lacoste;545.54;Cocuk;34
6408;Sparco Arac Bakimi Aksesuarı;Otomobil-Aksesuar;Arac Bakimi;Sparco;3534.00;Yetiskin;92
6409;Zara Sokak Stili Parfüm;Moda;Sokak Stili;Zara;2143.76;Genc;63
6410;Philips Mutfak Dekoratif Lamba;Ev-Yasam;Mutfak;Philips;782.87;Yetiskin;11
6411;HyperX E-Spor Koleksiyonu;Oyun;E-Spor;HyperX;1101.47;Yasli;67
6412;JBL Sahne Amfi;Muzik;Sahne;JBL;18477.56;Yasli;39
6413;Sennheiser Studyo Pikap;Muzik;Studyo;Sennheiser;9406.86;Genc;20
6414;HyperX E-Spor Koleksiyonu;Oyun;E-Spor;HyperX;3705.78;Yetiskin;46
6415;Levi's Klasik Saat;Moda;Klasik;Levi's;923.90;Yasli;20
6416;Roland Studyo Amfi;Muzik;Studyo;Roland;4345.49;Cocuk;15
6417;Derwent Kirtasiye Paketi;Hobi-Sanat;Kirtasiye;Derwent;4334.10;Cocuk;95
6418;Levi's Sokak Stili Parfüm;Moda;Sokak Stili;Levi's;2369.11;Yetiskin;20
6419;Reebok Fitness Spor Çantası;Spor;Fitness;Reebok;4731.18;Yasli;21
6420;Reeves Resim Seti;Hobi-Sanat;Resim;Reeves;345.89;Genc;100
6421;Hot Wheels Klasik Paketi;Oyuncak;Klasik;Hot Wheels;4877.50;Yetiskin;55
6422;3M Konfor Aksesuarı;Otomobil-Aksesuar;Konfor;3M;13208.16;Cocuk;58
6423;Logitech Retro Seti;Oyun;Retro;Logitech;290.36;Genc;33
6424;Lacoste Klasik Gözlük;Moda;Klasik;Lacoste;1808.42;Cocuk;76
6425;Hot Wheels Egitici Paketi;Oyuncak;Egitici;Hot Wheels;329.89;Cocuk;37
6426;MGA Entertainment Klasik Koleksiyonu;Oyuncak;Klasik;MGA Entertainment;3680.10;Yasli;60
6427;Madame Coco Konfor Robot Süpürge;Ev-Yasam;Konfor;Madame Coco;3784.42;Genc;98
6428;Ikea Konfor Nevresim Takımı;Ev-Yasam;Konfor;Ikea;9491.25;Cocuk;38
6429;Levi's Sokak Stili Ceket;Moda;Sokak Stili;Levi's;4997.03;Yasli;25
6430;Bosch Guvenlik Aksesuarı;Otomobil-Aksesuar;Guvenlik;Bosch;9535.36;Cocuk;78
6431;Xiaomi Mobil Yasam Akıllı Telefon;Teknoloji;Mobil Yasam;Xiaomi;43461.51;Yetiskin;60
6432;Zara Aksesuar Gözlük;Moda;Aksesuar;Zara;2120.08;Genc;78
6433;Zowie E-Spor Koleksiyonu;Oyun;E-Spor;Zowie;4910.84;Yasli;83
6434;Levi's Klasik Gözlük;Moda;Klasik;Levi's;2925.61;Yasli;12
6435;Logitech Retro Paketi;Oyun;Retro;Logitech;3764.93;Genc;92
6436;Everest Kisisel Gelisim Romanı/Kitabı;Kitap;Kisisel Gelisim;Everest;275.93;Genc;73
6437;Zara Klasik Saat;Moda;Klasik;Zara;5403.57;Yasli;66
6438;Arzum Mutfak Nevresim Takımı;Ev-Yasam;Mutfak;Arzum;7519.23;Genc;81
6439;JBL Sahne DJ Ekipmanı;Muzik;Sahne;JBL;4557.76;Yasli;91
6440;Dell Yazilim Akıllı Telefon;Teknoloji;Yazilim;Dell;43548.41;Cocuk;84
6441;LOreal Bakim Nemlendirici;Kozmetik;Bakim;LOreal;282.30;Genc;20
6442;Samsung Mobil Yasam Tablet;Teknoloji;Mobil Yasam;Samsung;30707.72;Cocuk;13
6443;Arzum Konfor Nevresim Takımı;Ev-Yasam;Konfor;Arzum;4883.03;Genc;77
6444;Bridgestone Guvenlik Aksesuarı;Otomobil-Aksesuar;Guvenlik;Bridgestone;1321.15;Genc;40
6445;Nintendo E-Spor Seti;Oyun;E-Spor;Nintendo;2018.51;Yasli;54
6446;Faber-Castell El Sanatlari Seti;Hobi-Sanat;El Sanatlari;Faber-Castell;2486.80;Yasli;59
6447;Logitech Retro Paketi;Oyun;Retro;Logitech;4724.90;Yetiskin;92
6448;Gucci Klasik Ceket;Moda;Klasik;Gucci;1936.51;Yetiskin;85
6449;Hasbro Aksiyon Koleksiyonu;Oyuncak;Aksiyon;Hasbro;4886.31;Yasli;1
6450;Pebeo El Sanatlari Seti;Hobi-Sanat;El Sanatlari;Pebeo;1502.98;Genc;36
6451;Philips Konfor Robot Süpürge;Ev-Yasam;Konfor;Philips;8962.79;Yasli;15
6452;Burberry Aksesuar Çanta;Moda;Aksesuar;Burberry;1549.54;Genc;67
6453;Logitech Retro Paketi;Oyun;Retro;Logitech;3205.93;Cocuk;46
6454;Prada Klasik Parfüm;Moda;Klasik;Prada;5827.93;Yasli;55
6455;Yamaha Analog Amfi;Muzik;Analog;Yamaha;23778.39;Yetiskin;41
6456;Meguiars Arac Bakimi Aksesuarı;Otomobil-Aksesuar;Arac Bakimi;Meguiars;7240.19;Yetiskin;29
6457;LEGO Klasik Koleksiyonu;Oyuncak;Klasik;LEGO;4559.86;Yetiskin;48
6458;Sephora Bakim Nemlendirici;Kozmetik;Bakim;Sephora;503.03;Yasli;94
6459;Gucci Sokak Stili Saat;Moda;Sokak Stili;Gucci;4211.18;Cocuk;78
6460;Philips Dekorasyon Dekoratif Lamba;Ev-Yasam;Dekorasyon;Philips;11268.32;Genc;21
6461;Nivea Parfum Nemlendirici;Kozmetik;Parfum;Nivea;1481.73;Cocuk;92
6462;Marshall Sahne Enstrüman;Muzik;Sahne;Marshall;4142.35;Cocuk;48
6463;Ikea Dekorasyon Kahve Makinesi;Ev-Yasam;Dekorasyon;Ikea;1840.56;Genc;87
6464;Fender Sahne Enstrüman;Muzik;Sahne;Fender;11368.03;Yasli;94
6465;Apple Mobil Yasam Tablet;Teknoloji;Mobil Yasam;Apple;31584.07;Yetiskin;46
6466;Spalding Ekipman Eşofman Takımı;Spor;Ekipman;Spalding;7066.35;Genc;93
6467;Hot Wheels Aksiyon Seti;Oyuncak;Aksiyon;Hot Wheels;4669.53;Cocuk;7
6468;Melissa Doug Egitici Seti;Oyuncak;Egitici;Melissa Doug;2347.05;Genc;83
6469;HP Mobil Yasam Tablet;Teknoloji;Mobil Yasam;HP;44513.61;Genc;41
6470;Puma Sokak Stili Çanta;Moda;Sokak Stili;Puma;1598.55;Yetiskin;67
6471;Puma Klasik Ceket;Moda;Klasik;Puma;5831.17;Yasli;74
6472;Maybelline Parfum Cilt Serumu;Kozmetik;Parfum;Maybelline;464.75;Yetiskin;48
6473;Sony Mobil Yasam Tablet;Teknoloji;Mobil Yasam;Sony;35131.71;Cocuk;70
6474;Mizuno Ekipman Koşu Ayakkabısı;Spor;Ekipman;Mizuno;3930.44;Cocuk;57
6475;Mizuno Outdoor Koşu Ayakkabısı;Spor;Outdoor;Mizuno;3908.94;Cocuk;9
6476;Fisher-Price Klasik Seti;Oyuncak;Klasik;Fisher-Price;4243.39;Yasli;50
6477;LEGO Klasik Koleksiyonu;Oyuncak;Klasik;LEGO;3421.94;Genc;12
6478;Canson El Sanatlari Koleksiyonu;Hobi-Sanat;El Sanatlari;Canson;1469.59;Cocuk;16
6479;Roland Sahne DJ Ekipmanı;Muzik;Sahne;Roland;20278.89;Yasli;24
6480;Razer E-Spor Koleksiyonu;Oyun;E-Spor;Razer;117.02;Yetiskin;89
6481;Fender Studyo DJ Ekipmanı;Muzik;Studyo;Fender;16416.31;Yetiskin;31
6482;Yapi Kredi Edebiyat Romanı/Kitabı;Kitap;Edebiyat;Yapi Kredi;341.29;Genc;71
6483;Winsor Newton Resim Koleksiyonu;Hobi-Sanat;Resim;Winsor Newton;4520.28;Cocuk;29
6484;Under Armour Fitness Spor Çantası;Spor;Fitness;Under Armour;7694.54;Yetiskin;88
6485;Clinique Parfum Göz Kalemi;Kozmetik;Parfum;Clinique;1592.25;Yasli;84
6486;Clinique Parfum Göz Kalemi;Kozmetik;Parfum;Clinique;1369.26;Yetiskin;68
6487;H&M Aksesuar Saat;Moda;Aksesuar;H&M;5610.69;Genc;45
6488;Moleskine Resim Paketi;Hobi-Sanat;Resim;Moleskine;3891.35;Yasli;6
6489;Lenovo Yazilim Bilgisayar;Teknoloji;Yazilim;Lenovo;20951.30;Yetiskin;86
6490;Pasabahce Konfor Nevresim Takımı;Ev-Yasam;Konfor;Pasabahce;3261.28;Genc;87
6491;Metis Tarih Romanı/Kitabı;Kitap;Tarih;Metis;60.57;Cocuk;2
6492;Philips Dekorasyon Kahve Makinesi;Ev-Yasam;Dekorasyon;Philips;7183.76;Genc;17
6493;Mattel Aksiyon Seti;Oyuncak;Aksiyon;Mattel;2862.93;Yasli;44
6494;Hasbro Egitici Seti;Oyuncak;Egitici;Hasbro;2115.39;Yasli;13
6495;Puma Sokak Stili Parfüm;Moda;Sokak Stili;Puma;2338.97;Genc;94
6496;Goodyear Arac Bakimi Aksesuarı;Otomobil-Aksesuar;Arac Bakimi;Goodyear;2074.82;Yasli;44
6497;Metis Edebiyat Romanı/Kitabı;Kitap;Edebiyat;Metis;416.59;Yasli;55
6498;Pebeo Kirtasiye Seti;Hobi-Sanat;Kirtasiye;Pebeo;1317.14;Genc;51
6499;3M Arac Bakimi Aksesuarı;Otomobil-Aksesuar;Arac Bakimi;3M;13672.27;Yetiskin;97
6500;Gigabyte Yayincilik Koleksiyonu;Oyun;Yayincilik;Gigabyte;4931.66;Genc;17
6501;Tefal Mutfak Robot Süpürge;Ev-Yasam;Mutfak;Tefal;11626.60;Cocuk;68
6502;Zara Sokak Stili Gözlük;Moda;Sokak Stili;Zara;1952.43;Cocuk;97
6503;Ikea Konfor Dekoratif Lamba;Ev-Yasam;Konfor;Ikea;2824.76;Yasli;87
6504;Burberry Sokak Stili Çanta;Moda;Sokak Stili;Burberry;5804.63;Genc;59
6505;Under Armour Fitness Antrenman Ekipmanı;Spor;Fitness;Under Armour;4597.28;Genc;95
6506;Gigabyte Yayincilik Koleksiyonu;Oyun;Yayincilik;Gigabyte;1030.82;Yetiskin;8
6507;Moleskine Resim Paketi;Hobi-Sanat;Resim;Moleskine;3302.99;Yetiskin;100
6508;Fisher-Price Klasik Koleksiyonu;Oyuncak;Klasik;Fisher-Price;3270.43;Cocuk;80
6509;Bosch Mutfak Robot Süpürge;Ev-Yasam;Mutfak;Bosch;9446.62;Yetiskin;15
6510;Marshall Sahne Pikap;Muzik;Sahne;Marshall;20858.79;Cocuk;85
6511;Roland Sahne Amfi;Muzik;Sahne;Roland;3658.73;Cocuk;17
6512;Sparco Guvenlik Aksesuarı;Otomobil-Aksesuar;Guvenlik;Sparco;10242.07;Cocuk;70
6513;Zowie E-Spor Koleksiyonu;Oyun;E-Spor;Zowie;147.30;Cocuk;50
6514;Burberry Aksesuar Ceket;Moda;Aksesuar;Burberry;5928.07;Yasli;71
6515;Prada Aksesuar Ceket;Moda;Aksesuar;Prada;1938.13;Cocuk;28
6516;Logitech E-Spor Koleksiyonu;Oyun;E-Spor;Logitech;1070.97;Genc;62
6517;VTech Klasik Koleksiyonu;Oyuncak;Klasik;VTech;778.96;Yetiskin;44
6518;Prada Aksesuar Parfüm;Moda;Aksesuar;Prada;2209.70;Genc;62
6519;Maybelline Parfum Göz Kalemi;Kozmetik;Parfum;Maybelline;601.99;Cocuk;68
6520;Dogan Kitap Edebiyat Romanı/Kitabı;Kitap;Edebiyat;Dogan Kitap;262.56;Genc;66
6521;Chanel Parfum Ruj;Kozmetik;Parfum;Chanel;533.24;Genc;77
6522;Mizuno Fitness Antrenman Ekipmanı;Spor;Fitness;Mizuno;3835.63;Genc;82
6523;Lancome Makyaj Göz Kalemi;Kozmetik;Makyaj;Lancome;1314.11;Yasli;7
6524;Reebok Fitness Antrenman Ekipmanı;Spor;Fitness;Reebok;1999.10;Cocuk;89
6525;Michelin Arac Bakimi Aksesuarı;Otomobil-Aksesuar;Arac Bakimi;Michelin;14742.22;Yasli;72
6526;Xiaomi Mobil Yasam Kulaklık;Teknoloji;Mobil Yasam;Xiaomi;3725.58;Yasli;14
6527;Roland Analog DJ Ekipmanı;Muzik;Analog;Roland;21668.87;Cocuk;30
6528;Levi's Sokak Stili Çanta;Moda;Sokak Stili;Levi's;2905.46;Yasli;96
6529;Chanel Parfum Ruj;Kozmetik;Parfum;Chanel;1526.81;Cocuk;95
6530;Columbia Ekipman Koşu Ayakkabısı;Spor;Ekipman;Columbia;5468.13;Genc;34
6531;Puma Sokak Stili Saat;Moda;Sokak Stili;Puma;1122.05;Yasli;61
6532;Tefal Dekorasyon Robot Süpürge;Ev-Yasam;Dekorasyon;Tefal;1311.38;Yasli;19
6533;Daler Rowney Kirtasiye Paketi;Hobi-Sanat;Kirtasiye;Daler Rowney;2680.46;Cocuk;47
6534;Sparco Guvenlik Aksesuarı;Otomobil-Aksesuar;Guvenlik;Sparco;8504.72;Yetiskin;95
6535;Razer Yayincilik Seti;Oyun;Yayincilik;Razer;3606.97;Cocuk;77
6536;Spalding Ekipman Koşu Ayakkabısı;Spor;Ekipman;Spalding;2812.63;Cocuk;17
6537;Bosch Konfor Kahve Makinesi;Ev-Yasam;Konfor;Bosch;3790.16;Cocuk;16
6538;Tefal Dekorasyon Dekoratif Lamba;Ev-Yasam;Dekorasyon;Tefal;2754.87;Cocuk;77
6539;Nintendo Yayincilik Koleksiyonu;Oyun;Yayincilik;Nintendo;2126.35;Genc;94
6540;LEGO Aksiyon Koleksiyonu;Oyuncak;Aksiyon;LEGO;2767.08;Yasli;30
6541;Wilson Outdoor Spor Çantası;Spor;Outdoor;Wilson;937.76;Cocuk;83
6542;HP Mobil Yasam Akıllı Telefon;Teknoloji;Mobil Yasam;HP;29635.78;Yasli;41
6543;Prada Sokak Stili Parfüm;Moda;Sokak Stili;Prada;3600.72;Cocuk;69
6544;Pasabahce Mutfak Kahve Makinesi;Ev-Yasam;Mutfak;Pasabahce;11330.68;Genc;62
6545;Michelin Arac Bakimi Aksesuarı;Otomobil-Aksesuar;Arac Bakimi;Michelin;4476.52;Yetiskin;39
6546;Corsair E-Spor Paketi;Oyun;E-Spor;Corsair;1121.17;Cocuk;26
6547;Gibson Analog DJ Ekipmanı;Muzik;Analog;Gibson;24859.98;Yetiskin;84
6548;Nintendo Retro Seti;Oyun;Retro;Nintendo;3040.09;Yasli;7
6549;Philips Mutfak Dekoratif Lamba;Ev-Yasam;Mutfak;Philips;3668.03;Yetiskin;46
6550;Columbia Fitness Antrenman Ekipmanı;Spor;Fitness;Columbia;1108.27;Cocuk;38
6551;LOreal Makyaj Nemlendirici;Kozmetik;Makyaj;LOreal;1754.84;Genc;53
6552;Hot Wheels Klasik Paketi;Oyuncak;Klasik;Hot Wheels;2635.09;Yasli;75
6553;Burberry Aksesuar Parfüm;Moda;Aksesuar;Burberry;5896.54;Yasli;17
6554;Salomon Ekipman Antrenman Ekipmanı;Spor;Ekipman;Salomon;2875.65;Cocuk;64
6555;Estee Lauder Bakim Ruj;Kozmetik;Bakim;Estee Lauder;578.69;Cocuk;64
6556;LEGO Aksiyon Seti;Oyuncak;Aksiyon;LEGO;1826.33;Yetiskin;75
6557;Moleskine El Sanatlari Seti;Hobi-Sanat;El Sanatlari;Moleskine;996.51;Cocuk;9
6558;Faber-Castell Kirtasiye Koleksiyonu;Hobi-Sanat;Kirtasiye;Faber-Castell;3574.58;Yasli;19
6559;Sony Ev Ofis Tablet;Teknoloji;Ev Ofis;Sony;31362.12;Genc;30
6560;Playmobil Klasik Koleksiyonu;Oyuncak;Klasik;Playmobil;4508.30;Yasli;62
6561;Logitech Yayincilik Paketi;Oyun;Yayincilik;Logitech;1041.63;Genc;85
6562;Beko Mutfak Nevresim Takımı;Ev-Yasam;Mutfak;Beko;5533.88;Yetiskin;51
6563;Levi's Sokak Stili Gözlük;Moda;Sokak Stili;Levi's;3984.89;Cocuk;49
6564;Ithaki Kisisel Gelisim Romanı/Kitabı;Kitap;Kisisel Gelisim;Ithaki;149.33;Genc;47
6565;SteelSeries E-Spor Koleksiyonu;Oyun;E-Spor;SteelSeries;150.25;Genc;62
6566;Lacoste Sokak Stili Saat;Moda;Sokak Stili;Lacoste;2851.39;Genc;68
6567;Bridgestone Guvenlik Aksesuarı;Otomobil-Aksesuar;Guvenlik;Bridgestone;13555.60;Cocuk;21
6568;Pebeo Resim Paketi;Hobi-Sanat;Resim;Pebeo;1690.46;Yetiskin;72
6569;Yapi Kredi Kisisel Gelisim Romanı/Kitabı;Kitap;Kisisel Gelisim;Yapi Kredi;466.68;Cocuk;88
6570;Gucci Klasik Saat;Moda;Klasik;Gucci;2170.79;Cocuk;12
6571;SteelSeries Yayincilik Seti;Oyun;Yayincilik;SteelSeries;4930.84;Yetiskin;93
6572;Gibson Sahne Amfi;Muzik;Sahne;Gibson;2929.70;Cocuk;70
6573;Puma Aksesuar Gözlük;Moda;Aksesuar;Puma;3193.99;Yasli;22
6574;Roland Studyo Enstrüman;Muzik;Studyo;Roland;9702.82;Yetiskin;29
6575;MGA Entertainment Aksiyon Paketi;Oyuncak;Aksiyon;MGA Entertainment;216.26;Cocuk;35
6576;Playmobil Egitici Koleksiyonu;Oyuncak;Egitici;Playmobil;1077.86;Yetiskin;31
6577;Faber-Castell Kirtasiye Paketi;Hobi-Sanat;Kirtasiye;Faber-Castell;4120.25;Yetiskin;65
6578;Karaca Dekorasyon Dekoratif Lamba;Ev-Yasam;Dekorasyon;Karaca;8715.07;Yasli;64
6579;Tefal Dekorasyon Dekoratif Lamba;Ev-Yasam;Dekorasyon;Tefal;7488.13;Cocuk;60
6580;Chanel Makyaj Göz Kalemi;Kozmetik;Makyaj;Chanel;277.21;Yetiskin;52
6581;Meguiars Guvenlik Aksesuarı;Otomobil-Aksesuar;Guvenlik;Meguiars;1167.29;Genc;67
6582;Bose Studyo Amfi;Muzik;Studyo;Bose;2506.19;Yasli;81
6583;Chanel Bakim Ruj;Kozmetik;Bakim;Chanel;1085.01;Cocuk;4
6584;Dior Parfum Nemlendirici;Kozmetik;Parfum;Dior;710.13;Yetiskin;71
6585;Zara Aksesuar Gözlük;Moda;Aksesuar;Zara;3978.55;Genc;10
6586;Dell Mobil Yasam Kulaklık;Teknoloji;Mobil Yasam;Dell;31691.61;Yetiskin;88
6587;Philips Mutfak Dekoratif Lamba;Ev-Yasam;Mutfak;Philips;694.97;Yasli;2
6588;Karaca Konfor Robot Süpürge;Ev-Yasam;Konfor;Karaca;1641.67;Yetiskin;47
6589;Bosch Mutfak Kahve Makinesi;Ev-Yasam;Mutfak;Bosch;5835.64;Yasli;31
6590;Apple Mobil Yasam Bilgisayar;Teknoloji;Mobil Yasam;Apple;33411.05;Genc;58
6591;Hot Wheels Klasik Paketi;Oyuncak;Klasik;Hot Wheels;1843.77;Cocuk;31
6592;Decathlon Outdoor Eşofman Takımı;Spor;Outdoor;Decathlon;5382.67;Yasli;15
6593;Wilson Outdoor Spor Çantası;Spor;Outdoor;Wilson;5950.08;Genc;94
6594;Bridgestone Guvenlik Aksesuarı;Otomobil-Aksesuar;Guvenlik;Bridgestone;1714.83;Yasli;12
6595;Levi's Klasik Saat;Moda;Klasik;Levi's;3893.13;Cocuk;27
6596;Nivea Makyaj Göz Kalemi;Kozmetik;Makyaj;Nivea;682.55;Yetiskin;1
6597;Arzum Mutfak Robot Süpürge;Ev-Yasam;Mutfak;Arzum;3613.33;Cocuk;65
6598;North Face Ekipman Koşu Ayakkabısı;Spor;Ekipman;North Face;1577.45;Yasli;19
6599;Castrol Guvenlik Aksesuarı;Otomobil-Aksesuar;Guvenlik;Castrol;9145.74;Yasli;95
6600;Nike Sokak Stili Saat;Moda;Sokak Stili;Nike;1870.88;Yasli;89
6601;Zara Klasik Parfüm;Moda;Klasik;Zara;5364.71;Cocuk;19
6602;Logitech E-Spor Koleksiyonu;Oyun;E-Spor;Logitech;3968.81;Yetiskin;36
6603;Melissa Doug Egitici Seti;Oyuncak;Egitici;Melissa Doug;1733.28;Yetiskin;29
6604;Bridgestone Arac Bakimi Aksesuarı;Otomobil-Aksesuar;Arac Bakimi;Bridgestone;13167.73;Genc;49
6605;Karaca Mutfak Dekoratif Lamba;Ev-Yasam;Mutfak;Karaca;9907.59;Genc;39
6606;Mizuno Fitness Spor Çantası;Spor;Fitness;Mizuno;6331.05;Yasli;79
6607;Karaca Mutfak Robot Süpürge;Ev-Yasam;Mutfak;Karaca;6618.19;Cocuk;26
6608;Dior Makyaj Ruj;Kozmetik;Makyaj;Dior;1551.55;Genc;92
6609;Gucci Sokak Stili Parfüm;Moda;Sokak Stili;Gucci;4092.26;Yetiskin;52
6610;VTech Klasik Koleksiyonu;Oyuncak;Klasik;VTech;2537.70;Yasli;35
6611;LOreal Bakim Ruj;Kozmetik;Bakim;LOreal;1060.19;Yasli;17
6612;LOreal Makyaj Göz Kalemi;Kozmetik;Makyaj;LOreal;1796.28;Genc;43
6613;Daler Rowney Resim Paketi;Hobi-Sanat;Resim;Daler Rowney;1108.40;Genc;25
6614;3M Guvenlik Aksesuarı;Otomobil-Aksesuar;Guvenlik;3M;8509.05;Yasli;9
6615;Dell Mobil Yasam Bilgisayar;Teknoloji;Mobil Yasam;Dell;30979.11;Yetiskin;76
6616;Dell Yazilim Akıllı Saat;Teknoloji;Yazilim;Dell;13140.06;Yetiskin;1
6617;English Home Konfor Dekoratif Lamba;Ev-Yasam;Konfor;English Home;1509.67;Cocuk;58
6618;Faber-Castell Kirtasiye Paketi;Hobi-Sanat;Kirtasiye;Faber-Castell;4263.38;Yasli;87
6619;Metis Kisisel Gelisim Romanı/Kitabı;Kitap;Kisisel Gelisim;Metis;109.26;Yetiskin;1
6620;MGA Entertainment Aksiyon Paketi;Oyuncak;Aksiyon;MGA Entertainment;3485.95;Cocuk;32
6621;JBL Analog DJ Ekipmanı;Muzik;Analog;JBL;9253.02;Yasli;26
6622;Reebok Ekipman Spor Çantası;Spor;Ekipman;Reebok;4310.92;Genc;60
6623;Hasbro Egitici Koleksiyonu;Oyuncak;Egitici;Hasbro;1020.50;Yetiskin;60
6624;3M Konfor Aksesuarı;Otomobil-Aksesuar;Konfor;3M;11040.31;Genc;19
6625;Mizuno Fitness Eşofman Takımı;Spor;Fitness;Mizuno;1746.01;Yetiskin;18
6626;Columbia Ekipman Antrenman Ekipmanı;Spor;Ekipman;Columbia;3542.09;Genc;25
6627;Sephora Bakim Göz Kalemi;Kozmetik;Bakim;Sephora;627.69;Yasli;80
6628;3M Arac Bakimi Aksesuarı;Otomobil-Aksesuar;Arac Bakimi;3M;8455.43;Yasli;69
6629;Canson El Sanatlari Koleksiyonu;Hobi-Sanat;El Sanatlari;Canson;1169.01;Cocuk;74
6630;Reeves Resim Seti;Hobi-Sanat;Resim;Reeves;1422.58;Yetiskin;67
6631;Wilson Outdoor Antrenman Ekipmanı;Spor;Outdoor;Wilson;7802.07;Yetiskin;34
6632;English Home Dekorasyon Dekoratif Lamba;Ev-Yasam;Dekorasyon;English Home;6860.33;Yasli;91
6633;Nike Aksesuar Parfüm;Moda;Aksesuar;Nike;346.41;Yasli;25
6634;Salomon Outdoor Eşofman Takımı;Spor;Outdoor;Salomon;4091.93;Yasli;65
6635;Pioneer Guvenlik Aksesuarı;Otomobil-Aksesuar;Guvenlik;Pioneer;12308.07;Yasli;18
6636;Pasabahce Mutfak Kahve Makinesi;Ev-Yasam;Mutfak;Pasabahce;10944.39;Genc;96
6637;English Home Dekorasyon Dekoratif Lamba;Ev-Yasam;Dekorasyon;English Home;6976.64;Yasli;95
6638;LOreal Bakim Ruj;Kozmetik;Bakim;LOreal;1170.70;Yetiskin;69
6639;Razer E-Spor Paketi;Oyun;E-Spor;Razer;3119.48;Cocuk;100
6640;Canson Resim Seti;Hobi-Sanat;Resim;Canson;526.59;Cocuk;81
6641;Melissa Doug Klasik Seti;Oyuncak;Klasik;Melissa Doug;1335.42;Yasli;23
6642;Under Armour Fitness Spor Çantası;Spor;Fitness;Under Armour;3352.30;Cocuk;99
6643;Lancome Bakim Ruj;Kozmetik;Bakim;Lancome;1206.16;Yetiskin;84
6644;Dior Parfum Cilt Serumu;Kozmetik;Parfum;Dior;1368.11;Cocuk;78
6645;HP Mobil Yasam Bilgisayar;Teknoloji;Mobil Yasam;HP;5578.17;Cocuk;24
6646;Philips Mutfak Robot Süpürge;Ev-Yasam;Mutfak;Philips;11752.41;Yetiskin;59
6647;JBL Studyo Enstrüman;Muzik;Studyo;JBL;18369.43;Cocuk;55
6648;Continental Guvenlik Aksesuarı;Otomobil-Aksesuar;Guvenlik;Continental;14521.19;Yetiskin;14
6649;Fender Studyo DJ Ekipmanı;Muzik;Studyo;Fender;13160.64;Genc;53
6650;H&M Aksesuar Gözlük;Moda;Aksesuar;H&M;4948.23;Genc;68
6651;JBL Analog Enstrüman;Muzik;Analog;JBL;20382.29;Cocuk;5
6652;Hot Wheels Klasik Koleksiyonu;Oyuncak;Klasik;Hot Wheels;4516.50;Genc;81
6653;Melissa Doug Egitici Paketi;Oyuncak;Egitici;Melissa Doug;2916.54;Yetiskin;52
6654;Lancome Parfum Nemlendirici;Kozmetik;Parfum;Lancome;687.85;Genc;60
6655;Wilson Outdoor Eşofman Takımı;Spor;Outdoor;Wilson;6940.98;Yasli;97
6656;Prismacolor Kirtasiye Seti;Hobi-Sanat;Kirtasiye;Prismacolor;1517.93;Yasli;13
6657;MAC Parfum Göz Kalemi;Kozmetik;Parfum;MAC;998.09;Cocuk;5
6658;Beko Mutfak Robot Süpürge;Ev-Yasam;Mutfak;Beko;5640.35;Genc;22
6659;Clinique Bakim Cilt Serumu;Kozmetik;Bakim;Clinique;678.23;Genc;37
6660;Spalding Ekipman Eşofman Takımı;Spor;Ekipman;Spalding;6579.05;Cocuk;7
6661;Zowie Retro Paketi;Oyun;Retro;Zowie;4995.87;Cocuk;57
6662;JBL Analog Enstrüman;Muzik;Analog;JBL;12685.59;Genc;92
6663;MGA Entertainment Aksiyon Koleksiyonu;Oyuncak;Aksiyon;MGA Entertainment;1053.10;Cocuk;41
6664;Nivea Makyaj Ruj;Kozmetik;Makyaj;Nivea;320.01;Cocuk;82
6665;Philips Mutfak Dekoratif Lamba;Ev-Yasam;Mutfak;Philips;8309.08;Yetiskin;34
6666;Samsung Ev Ofis Tablet;Teknoloji;Ev Ofis;Samsung;26901.47;Yetiskin;73
6667;Canson Resim Koleksiyonu;Hobi-Sanat;Resim;Canson;3237.24;Yasli;49
6668;Derwent Kirtasiye Koleksiyonu;Hobi-Sanat;Kirtasiye;Derwent;2347.27;Genc;78
6669;Castelli Outdoor Eşofman Takımı;Spor;Outdoor;Castelli;5615.58;Genc;91
6670;Mizuno Ekipman Antrenman Ekipmanı;Spor;Ekipman;Mizuno;4494.88;Genc;17
6671;Decathlon Outdoor Antrenman Ekipmanı;Spor;Outdoor;Decathlon;1341.17;Cocuk;14
6672;Gucci Sokak Stili Saat;Moda;Sokak Stili;Gucci;3507.46;Cocuk;51
6673;Columbia Outdoor Koşu Ayakkabısı;Spor;Outdoor;Columbia;7385.03;Yetiskin;41
6674;Apple Yazilim Kulaklık;Teknoloji;Yazilim;Apple;24738.87;Yasli;45
6675;Nintendo Retro Paketi;Oyun;Retro;Nintendo;1449.99;Genc;43
6676;MAC Bakim Göz Kalemi;Kozmetik;Bakim;MAC;872.50;Cocuk;82
6677;Bosch Mutfak Nevresim Takımı;Ev-Yasam;Mutfak;Bosch;7423.96;Yetiskin;14
6678;Wilson Fitness Koşu Ayakkabısı;Spor;Fitness;Wilson;4327.96;Genc;24
6679;Goodyear Konfor Aksesuarı;Otomobil-Aksesuar;Konfor;Goodyear;4478.40;Yetiskin;68
6680;LG Mobil Yasam Bilgisayar;Teknoloji;Mobil Yasam;LG;33431.94;Cocuk;60
6681;Hot Wheels Egitici Seti;Oyuncak;Egitici;Hot Wheels;2933.28;Yetiskin;57
6682;Beko Mutfak Nevresim Takımı;Ev-Yasam;Mutfak;Beko;2409.74;Genc;63
6683;English Home Dekorasyon Nevresim Takımı;Ev-Yasam;Dekorasyon;English Home;11109.59;Genc;38
6684;MAC Bakim Nemlendirici;Kozmetik;Bakim;MAC;320.37;Yasli;81
6685;LEGO Aksiyon Paketi;Oyuncak;Aksiyon;LEGO;3640.16;Genc;63
6686;Maybelline Bakim Göz Kalemi;Kozmetik;Bakim;Maybelline;748.55;Genc;47
6687;Burberry Aksesuar Gözlük;Moda;Aksesuar;Burberry;4997.44;Yasli;65
6688;Reeves Resim Koleksiyonu;Hobi-Sanat;Resim;Reeves;2853.64;Cocuk;76
6689;Huawei Mobil Yasam Kulaklık;Teknoloji;Mobil Yasam;Huawei;34517.93;Genc;48
6690;Spalding Outdoor Eşofman Takımı;Spor;Outdoor;Spalding;7948.26;Cocuk;79
6691;Beko Mutfak Dekoratif Lamba;Ev-Yasam;Mutfak;Beko;9034.79;Genc;65
6692;3M Guvenlik Aksesuarı;Otomobil-Aksesuar;Guvenlik;3M;1743.27;Genc;64
6693;Audio-Technica Studyo Pikap;Muzik;Studyo;Audio-Technica;20601.62;Yasli;75
6694;Columbia Ekipman Koşu Ayakkabısı;Spor;Ekipman;Columbia;528.72;Genc;71
6695;Lacoste Aksesuar Gözlük;Moda;Aksesuar;Lacoste;1652.54;Cocuk;45
6696;Arzum Konfor Dekoratif Lamba;Ev-Yasam;Konfor;Arzum;2787.94;Cocuk;73
6697;Karaca Dekorasyon Robot Süpürge;Ev-Yasam;Dekorasyon;Karaca;10965.46;Genc;37
6698;Playmobil Klasik Paketi;Oyuncak;Klasik;Playmobil;4645.66;Genc;20
6699;Columbia Outdoor Spor Çantası;Spor;Outdoor;Columbia;5731.47;Genc;84
6700;SteelSeries E-Spor Paketi;Oyun;E-Spor;SteelSeries;1361.99;Yetiskin;80
6701;Gibson Analog DJ Ekipmanı;Muzik;Analog;Gibson;8156.93;Yetiskin;75
6702;Gibson Studyo Enstrüman;Muzik;Studyo;Gibson;23629.80;Yasli;98
6703;VTech Egitici Koleksiyonu;Oyuncak;Egitici;VTech;1012.98;Yasli;65
6704;Goodyear Konfor Aksesuarı;Otomobil-Aksesuar;Konfor;Goodyear;14894.71;Cocuk;22
6705;Sony Mobil Yasam Akıllı Saat;Teknoloji;Mobil Yasam;Sony;5161.24;Yasli;90
6706;HP Mobil Yasam Kulaklık;Teknoloji;Mobil Yasam;HP;12194.47;Yasli;4
6707;Sephora Parfum Göz Kalemi;Kozmetik;Parfum;Sephora;931.65;Yasli;94
6708;Levi's Sokak Stili Parfüm;Moda;Sokak Stili;Levi's;4955.37;Cocuk;56
6709;Beko Konfor Dekoratif Lamba;Ev-Yasam;Konfor;Beko;9941.95;Cocuk;91
6710;Derwent El Sanatlari Paketi;Hobi-Sanat;El Sanatlari;Derwent;3034.86;Cocuk;40
6711;Dior Parfum Göz Kalemi;Kozmetik;Parfum;Dior;1473.82;Genc;96
6712;Gucci Aksesuar Gözlük;Moda;Aksesuar;Gucci;1243.22;Yasli;55
6713;Hot Wheels Aksiyon Paketi;Oyuncak;Aksiyon;Hot Wheels;4187.35;Yasli;42
6714;Roland Studyo Enstrüman;Muzik;Studyo;Roland;13904.37;Cocuk;11
6715;Decathlon Ekipman Eşofman Takımı;Spor;Ekipman;Decathlon;7328.76;Genc;81
6716;Fender Sahne DJ Ekipmanı;Muzik;Sahne;Fender;18976.63;Cocuk;71
6717;Winsor Newton Kirtasiye Paketi;Hobi-Sanat;Kirtasiye;Winsor Newton;4503.52;Yasli;4
6718;H&M Sokak Stili Saat;Moda;Sokak Stili;H&M;2634.39;Yasli;69
6719;Spin Master Aksiyon Seti;Oyuncak;Aksiyon;Spin Master;2451.39;Yetiskin;87
6720;Spin Master Aksiyon Paketi;Oyuncak;Aksiyon;Spin Master;3318.50;Cocuk;32
6721;Castelli Fitness Spor Çantası;Spor;Fitness;Castelli;7027.14;Cocuk;59
6722;Lancome Makyaj Nemlendirici;Kozmetik;Makyaj;Lancome;405.62;Genc;78
6723;Goodyear Arac Bakimi Aksesuarı;Otomobil-Aksesuar;Arac Bakimi;Goodyear;4394.98;Cocuk;71
6724;Playmobil Klasik Paketi;Oyuncak;Klasik;Playmobil;1742.89;Yasli;39
6725;Beko Mutfak Kahve Makinesi;Ev-Yasam;Mutfak;Beko;3150.10;Yasli;23
6726;Reeves Resim Paketi;Hobi-Sanat;Resim;Reeves;1904.50;Yetiskin;3
6727;Can Yayinlari Edebiyat Romanı/Kitabı;Kitap;Edebiyat;Can Yayinlari;373.76;Yasli;37
6728;Roland Analog Amfi;Muzik;Analog;Roland;15904.75;Genc;68
6729;Dogan Kitap Edebiyat Romanı/Kitabı;Kitap;Edebiyat;Dogan Kitap;344.03;Yasli;16
6730;Spalding Fitness Antrenman Ekipmanı;Spor;Fitness;Spalding;4398.12;Genc;12
6731;Burberry Klasik Çanta;Moda;Klasik;Burberry;5509.26;Genc;92
6732;Casio Studyo Enstrüman;Muzik;Studyo;Casio;8582.60;Cocuk;27
6733;Tefal Konfor Robot Süpürge;Ev-Yasam;Konfor;Tefal;6155.15;Genc;24
6734;LEGO Aksiyon Koleksiyonu;Oyuncak;Aksiyon;LEGO;3181.85;Genc;87
6735;Pioneer Arac Bakimi Aksesuarı;Otomobil-Aksesuar;Arac Bakimi;Pioneer;1317.92;Yasli;12
6736;Apple Mobil Yasam Kulaklık;Teknoloji;Mobil Yasam;Apple;44380.60;Yetiskin;20
6737;Casio Analog Amfi;Muzik;Analog;Casio;17639.05;Genc;40
6738;Melissa Doug Aksiyon Koleksiyonu;Oyuncak;Aksiyon;Melissa Doug;2292.45;Yetiskin;43
6739;Beko Dekorasyon Robot Süpürge;Ev-Yasam;Dekorasyon;Beko;701.70;Yetiskin;18
6740;Sony Mobil Yasam Akıllı Telefon;Teknoloji;Mobil Yasam;Sony;26453.99;Yasli;91
6741;Madame Coco Konfor Robot Süpürge;Ev-Yasam;Konfor;Madame Coco;11943.41;Yetiskin;24
6742;Nivea Makyaj Cilt Serumu;Kozmetik;Makyaj;Nivea;404.88;Yetiskin;16
6743;Salomon Ekipman Spor Çantası;Spor;Ekipman;Salomon;946.86;Cocuk;70
6744;Hasbro Egitici Koleksiyonu;Oyuncak;Egitici;Hasbro;212.88;Genc;46
6745;LEGO Aksiyon Koleksiyonu;Oyuncak;Aksiyon;LEGO;1232.60;Yetiskin;65
6746;Alfa Yayinlari Tarih Romanı/Kitabı;Kitap;Tarih;Alfa Yayinlari;499.89;Yasli;23
6747;Maybelline Bakim Nemlendirici;Kozmetik;Bakim;Maybelline;1151.26;Yetiskin;87
6748;Gucci Klasik Ceket;Moda;Klasik;Gucci;556.82;Cocuk;18
6749;Roland Studyo Amfi;Muzik;Studyo;Roland;12357.47;Genc;59
6750;Playmobil Klasik Seti;Oyuncak;Klasik;Playmobil;208.77;Cocuk;64
6751;LOreal Bakim Cilt Serumu;Kozmetik;Bakim;LOreal;699.87;Genc;1
6752;Ikea Konfor Nevresim Takımı;Ev-Yasam;Konfor;Ikea;9254.16;Yasli;85
6753;Lacoste Aksesuar Saat;Moda;Aksesuar;Lacoste;3832.90;Yetiskin;50
6754;Liquitex Resim Seti;Hobi-Sanat;Resim;Liquitex;2613.99;Yetiskin;80
6755;Everest Tarih Romanı/Kitabı;Kitap;Tarih;Everest;205.57;Yasli;88
6756;Prada Klasik Ceket;Moda;Klasik;Prada;3203.56;Yasli;98
6757;Reeves Resim Seti;Hobi-Sanat;Resim;Reeves;1942.65;Genc;70
6758;Lenovo Yazilim Tablet;Teknoloji;Yazilim;Lenovo;14159.96;Yasli;43
6759;North Face Outdoor Antrenman Ekipmanı;Spor;Outdoor;North Face;3981.01;Cocuk;86
6760;Prismacolor Kirtasiye Paketi;Hobi-Sanat;Kirtasiye;Prismacolor;573.17;Cocuk;60
6761;3M Arac Bakimi Aksesuarı;Otomobil-Aksesuar;Arac Bakimi;3M;12384.25;Genc;14
6762;Bose Studyo Enstrüman;Muzik;Studyo;Bose;23555.34;Yetiskin;76
6763;Hasbro Egitici Paketi;Oyuncak;Egitici;Hasbro;4524.85;Genc;33
6764;Roland Sahne Pikap;Muzik;Sahne;Roland;3553.32;Cocuk;35
6765;North Face Outdoor Eşofman Takımı;Spor;Outdoor;North Face;4040.89;Yetiskin;70
6766;Bosch Mutfak Kahve Makinesi;Ev-Yasam;Mutfak;Bosch;6756.64;Yasli;14
6767;Zara Klasik Gözlük;Moda;Klasik;Zara;5735.11;Genc;88
6768;Sparco Arac Bakimi Aksesuarı;Otomobil-Aksesuar;Arac Bakimi;Sparco;12118.03;Yasli;50
6769;LOreal Parfum Nemlendirici;Kozmetik;Parfum;LOreal;1374.07;Yasli;7
6770;Bose Studyo Enstrüman;Muzik;Studyo;Bose;18200.69;Yetiskin;21
6771;LOreal Bakim Ruj;Kozmetik;Bakim;LOreal;1912.76;Yetiskin;26
6772;3M Konfor Aksesuarı;Otomobil-Aksesuar;Konfor;3M;7945.99;Cocuk;34
6773;Puma Aksesuar Ceket;Moda;Aksesuar;Puma;629.60;Yasli;59
6774;Mizuno Outdoor Spor Çantası;Spor;Outdoor;Mizuno;4401.95;Genc;3
6775;Decathlon Outdoor Antrenman Ekipmanı;Spor;Outdoor;Decathlon;626.63;Yetiskin;14
6776;Spin Master Egitici Koleksiyonu;Oyuncak;Egitici;Spin Master;620.41;Cocuk;88
6777;Roland Studyo Amfi;Muzik;Studyo;Roland;17495.80;Yasli;93
6778;Karaca Konfor Robot Süpürge;Ev-Yasam;Konfor;Karaca;3866.73;Cocuk;32
6779;Estee Lauder Bakim Cilt Serumu;Kozmetik;Bakim;Estee Lauder;1661.62;Yetiskin;47
6780;Gucci Aksesuar Gözlük;Moda;Aksesuar;Gucci;2325.72;Yasli;61
6781;Hot Wheels Egitici Paketi;Oyuncak;Egitici;Hot Wheels;3831.82;Genc;71
6782;HP Yazilim Akıllı Telefon;Teknoloji;Yazilim;HP;22906.04;Genc;11
6783;Spin Master Egitici Paketi;Oyuncak;Egitici;Spin Master;3780.55;Yasli;59
6784;Philips Konfor Robot Süpürge;Ev-Yasam;Konfor;Philips;10699.58;Yasli;11
6785;Lancome Bakim Göz Kalemi;Kozmetik;Bakim;Lancome;950.58;Cocuk;90
6786;Dior Makyaj Göz Kalemi;Kozmetik;Makyaj;Dior;276.78;Genc;4
6787;Zowie E-Spor Paketi;Oyun;E-Spor;Zowie;3942.82;Yasli;14
6788;Meguiars Konfor Aksesuarı;Otomobil-Aksesuar;Konfor;Meguiars;14651.06;Yasli;97
6789;SteelSeries E-Spor Seti;Oyun;E-Spor;SteelSeries;865.51;Yasli;67
6790;Sony Ev Ofis Akıllı Telefon;Teknoloji;Ev Ofis;Sony;33884.09;Genc;33
6791;Hot Wheels Klasik Koleksiyonu;Oyuncak;Klasik;Hot Wheels;3494.38;Yetiskin;16
6792;Nvidia Retro Paketi;Oyun;Retro;Nvidia;111.93;Yetiskin;2
6793;Karaca Mutfak Kahve Makinesi;Ev-Yasam;Mutfak;Karaca;1809.13;Cocuk;79
6794;Arzum Dekorasyon Robot Süpürge;Ev-Yasam;Dekorasyon;Arzum;8762.27;Yasli;16
6795;Dogan Kitap Kisisel Gelisim Romanı/Kitabı;Kitap;Kisisel Gelisim;Dogan Kitap;387.78;Genc;97
6796;Moleskine Kirtasiye Koleksiyonu;Hobi-Sanat;Kirtasiye;Moleskine;3046.59;Cocuk;10
6797;Can Yayinlari Tarih Romanı/Kitabı;Kitap;Tarih;Can Yayinlari;68.99;Genc;16
6798;Nivea Makyaj Ruj;Kozmetik;Makyaj;Nivea;208.31;Cocuk;49
6799;Roland Sahne Pikap;Muzik;Sahne;Roland;1722.40;Yetiskin;74
6800;Spalding Outdoor Koşu Ayakkabısı;Spor;Outdoor;Spalding;1095.62;Cocuk;23
6801;Pasabahce Konfor Robot Süpürge;Ev-Yasam;Konfor;Pasabahce;7953.98;Cocuk;100
6802;Pegasus Edebiyat Romanı/Kitabı;Kitap;Edebiyat;Pegasus;182.18;Yasli;99
6803;Winsor Newton El Sanatlari Koleksiyonu;Hobi-Sanat;El Sanatlari;Winsor Newton;2501.71;Yetiskin;95
6804;Asus Mobil Yasam Bilgisayar;Teknoloji;Mobil Yasam;Asus;14791.92;Yetiskin;41
6805;SteelSeries Yayincilik Paketi;Oyun;Yayincilik;SteelSeries;1150.55;Yasli;98
6806;Lenovo Ev Ofis Tablet;Teknoloji;Ev Ofis;Lenovo;29788.24;Yetiskin;31
6807;Prismacolor El Sanatlari Koleksiyonu;Hobi-Sanat;El Sanatlari;Prismacolor;4825.68;Yetiskin;92
6808;Decathlon Ekipman Spor Çantası;Spor;Ekipman;Decathlon;3785.09;Genc;33
6809;Metis Edebiyat Romanı/Kitabı;Kitap;Edebiyat;Metis;472.87;Cocuk;23
6810;Chanel Bakim Nemlendirici;Kozmetik;Bakim;Chanel;1409.07;Genc;14
6811;Nike Aksesuar Gözlük;Moda;Aksesuar;Nike;1115.11;Genc;62
6812;Philips Dekorasyon Kahve Makinesi;Ev-Yasam;Dekorasyon;Philips;8752.91;Genc;68
6813;LOreal Bakim Cilt Serumu;Kozmetik;Bakim;LOreal;484.43;Genc;46
6814;Bosch Konfor Robot Süpürge;Ev-Yasam;Konfor;Bosch;6739.71;Genc;41
6815;Lacoste Aksesuar Çanta;Moda;Aksesuar;Lacoste;1147.47;Cocuk;65
6816;Puma Aksesuar Parfüm;Moda;Aksesuar;Puma;1025.53;Cocuk;61
6817;Wilson Ekipman Koşu Ayakkabısı;Spor;Ekipman;Wilson;4222.44;Yetiskin;66
6818;Dogan Kitap Kisisel Gelisim Romanı/Kitabı;Kitap;Kisisel Gelisim;Dogan Kitap;309.20;Genc;32
6819;Dell Ev Ofis Akıllı Saat;Teknoloji;Ev Ofis;Dell;29828.39;Yasli;55
6820;Continental Konfor Aksesuarı;Otomobil-Aksesuar;Konfor;Continental;13445.05;Cocuk;40
6821;Samsung Ev Ofis Tablet;Teknoloji;Ev Ofis;Samsung;40593.14;Yasli;10
6822;Hasbro Klasik Seti;Oyuncak;Klasik;Hasbro;557.31;Yetiskin;62
6823;English Home Dekorasyon Dekoratif Lamba;Ev-Yasam;Dekorasyon;English Home;8665.96;Yetiskin;83
6824;3M Arac Bakimi Aksesuarı;Otomobil-Aksesuar;Arac Bakimi;3M;888.71;Cocuk;1
6825;Adidas Aksesuar Saat;Moda;Aksesuar;Adidas;2432.05;Yetiskin;60
6826;English Home Konfor Robot Süpürge;Ev-Yasam;Konfor;English Home;9668.62;Yetiskin;90
6827;Michelin Arac Bakimi Aksesuarı;Otomobil-Aksesuar;Arac Bakimi;Michelin;6983.33;Cocuk;91
6828;Bosch Konfor Nevresim Takımı;Ev-Yasam;Konfor;Bosch;8801.60;Yasli;40
6829;Asus Ev Ofis Akıllı Telefon;Teknoloji;Ev Ofis;Asus;24486.38;Yetiskin;96
6830;Under Armour Outdoor Antrenman Ekipmanı;Spor;Outdoor;Under Armour;4135.50;Yasli;1
6831;Gucci Aksesuar Ceket;Moda;Aksesuar;Gucci;1468.59;Yasli;74
6832;Puma Klasik Çanta;Moda;Klasik;Puma;5122.77;Genc;29
6833;Philips Dekorasyon Nevresim Takımı;Ev-Yasam;Dekorasyon;Philips;6640.09;Cocuk;43
6834;Beko Konfor Dekoratif Lamba;Ev-Yasam;Konfor;Beko;9709.36;Cocuk;37
6835;Bridgestone Konfor Aksesuarı;Otomobil-Aksesuar;Konfor;Bridgestone;12205.60;Yasli;28
6836;Clinique Parfum Cilt Serumu;Kozmetik;Parfum;Clinique;279.80;Yetiskin;96
6837;Pegasus Kisisel Gelisim Romanı/Kitabı;Kitap;Kisisel Gelisim;Pegasus;408.17;Genc;3
6838;Decathlon Fitness Antrenman Ekipmanı;Spor;Fitness;Decathlon;2215.26;Yasli;41
6839;Xiaomi Mobil Yasam Kulaklık;Teknoloji;Mobil Yasam;Xiaomi;4186.70;Genc;81
6840;Reeves Kirtasiye Seti;Hobi-Sanat;Kirtasiye;Reeves;2644.18;Genc;25
6841;Zara Sokak Stili Gözlük;Moda;Sokak Stili;Zara;4347.73;Yetiskin;98
6842;Xiaomi Ev Ofis Akıllı Telefon;Teknoloji;Ev Ofis;Xiaomi;15394.20;Cocuk;19
6843;Apple Mobil Yasam Kulaklık;Teknoloji;Mobil Yasam;Apple;27457.07;Cocuk;77
6844;Gigabyte Yayincilik Koleksiyonu;Oyun;Yayincilik;Gigabyte;1060.97;Yetiskin;82
6845;Dogan Kitap Edebiyat Romanı/Kitabı;Kitap;Edebiyat;Dogan Kitap;314.45;Yasli;60
6846;Castelli Ekipman Spor Çantası;Spor;Ekipman;Castelli;3432.64;Genc;90
6847;English Home Konfor Robot Süpürge;Ev-Yasam;Konfor;English Home;1159.78;Cocuk;59
6848;Nike Sokak Stili Ceket;Moda;Sokak Stili;Nike;4697.79;Cocuk;47
6849;Beko Konfor Dekoratif Lamba;Ev-Yasam;Konfor;Beko;8869.73;Yetiskin;8
6850;Gigabyte Retro Paketi;Oyun;Retro;Gigabyte;3988.29;Yasli;43
6851;VTech Aksiyon Seti;Oyuncak;Aksiyon;VTech;1923.61;Yasli;21
6852;LOreal Makyaj Nemlendirici;Kozmetik;Makyaj;LOreal;568.00;Genc;2
6853;Yamaha Studyo Amfi;Muzik;Studyo;Yamaha;5194.43;Cocuk;96
6854;Moleskine Kirtasiye Koleksiyonu;Hobi-Sanat;Kirtasiye;Moleskine;3104.69;Yetiskin;36
6855;Meguiars Guvenlik Aksesuarı;Otomobil-Aksesuar;Guvenlik;Meguiars;2731.30;Yetiskin;82
6856;Arzum Konfor Dekoratif Lamba;Ev-Yasam;Konfor;Arzum;2176.60;Cocuk;14
6857;Playmobil Egitici Koleksiyonu;Oyuncak;Egitici;Playmobil;1617.80;Yasli;46
6858;Ikea Konfor Kahve Makinesi;Ev-Yasam;Konfor;Ikea;3200.28;Yetiskin;80
6859;Winsor Newton Resim Seti;Hobi-Sanat;Resim;Winsor Newton;3402.53;Cocuk;76
6860;Castrol Konfor Aksesuarı;Otomobil-Aksesuar;Konfor;Castrol;9889.71;Yasli;91
6861;MSI E-Spor Paketi;Oyun;E-Spor;MSI;1967.62;Genc;89
6862;Burberry Aksesuar Parfüm;Moda;Aksesuar;Burberry;5815.16;Yasli;11
6863;HP Ev Ofis Kulaklık;Teknoloji;Ev Ofis;HP;38846.09;Cocuk;78
6864;Goodyear Arac Bakimi Aksesuarı;Otomobil-Aksesuar;Arac Bakimi;Goodyear;14822.17;Genc;100
6865;Alfa Yayinlari Tarih Romanı/Kitabı;Kitap;Tarih;Alfa Yayinlari;190.62;Yasli;1
6866;Lacoste Sokak Stili Parfüm;Moda;Sokak Stili;Lacoste;2644.32;Yasli;49
6867;Hasbro Egitici Koleksiyonu;Oyuncak;Egitici;Hasbro;185.07;Yetiskin;33
6868;Puma Sokak Stili Gözlük;Moda;Sokak Stili;Puma;4097.10;Cocuk;22
6869;Yamaha Analog Enstrüman;Muzik;Analog;Yamaha;19369.91;Genc;71
6870;Alfa Yayinlari Kisisel Gelisim Romanı/Kitabı;Kitap;Kisisel Gelisim;Alfa Yayinlari;334.81;Cocuk;13
6871;Castelli Ekipman Eşofman Takımı;Spor;Ekipman;Castelli;5787.31;Cocuk;33
6872;VTech Klasik Koleksiyonu;Oyuncak;Klasik;VTech;4676.20;Yetiskin;5
6873;Madame Coco Mutfak Dekoratif Lamba;Ev-Yasam;Mutfak;Madame Coco;1539.74;Yetiskin;12
6874;Decathlon Ekipman Koşu Ayakkabısı;Spor;Ekipman;Decathlon;2885.75;Genc;100
6875;English Home Mutfak Dekoratif Lamba;Ev-Yasam;Mutfak;English Home;9678.20;Genc;99
6876;MGA Entertainment Klasik Paketi;Oyuncak;Klasik;MGA Entertainment;1337.74;Yasli;55
6877;Sephora Bakim Ruj;Kozmetik;Bakim;Sephora;381.80;Yetiskin;63
6878;Zara Sokak Stili Gözlük;Moda;Sokak Stili;Zara;4429.06;Yasli;61
6879;Zara Aksesuar Çanta;Moda;Aksesuar;Zara;810.36;Yasli;71
6880;Bosch Konfor Aksesuarı;Otomobil-Aksesuar;Konfor;Bosch;8745.67;Yasli;88
6881;Sony Yazilim Bilgisayar;Teknoloji;Yazilim;Sony;40317.84;Genc;75
6882;Fisher-Price Aksiyon Paketi;Oyuncak;Aksiyon;Fisher-Price;4036.87;Yetiskin;96
6883;Burberry Klasik Gözlük;Moda;Klasik;Burberry;332.12;Yetiskin;46
6884;Columbia Outdoor Koşu Ayakkabısı;Spor;Outdoor;Columbia;5656.06;Yetiskin;87
6885;Maybelline Bakim Cilt Serumu;Kozmetik;Bakim;Maybelline;523.57;Cocuk;56
6886;Asus Yazilim Bilgisayar;Teknoloji;Yazilim;Asus;40253.42;Yetiskin;3
6887;H&M Sokak Stili Saat;Moda;Sokak Stili;H&M;4149.94;Yetiskin;93
6888;Fender Analog Pikap;Muzik;Analog;Fender;4278.18;Genc;80
6889;Arzum Dekorasyon Kahve Makinesi;Ev-Yasam;Dekorasyon;Arzum;4570.33;Genc;42
6890;Casio Studyo Amfi;Muzik;Studyo;Casio;2255.68;Genc;79
6891;Prismacolor El Sanatlari Koleksiyonu;Hobi-Sanat;El Sanatlari;Prismacolor;396.61;Yasli;6
6892;Spin Master Klasik Paketi;Oyuncak;Klasik;Spin Master;3261.84;Genc;52
6893;Columbia Fitness Antrenman Ekipmanı;Spor;Fitness;Columbia;5199.65;Genc;30
6894;Liquitex El Sanatlari Seti;Hobi-Sanat;El Sanatlari;Liquitex;3868.34;Cocuk;3
6895;Fender Sahne Amfi;Muzik;Sahne;Fender;15199.20;Genc;92
6896;Puma Aksesuar Saat;Moda;Aksesuar;Puma;998.58;Yetiskin;98
6897;Fender Studyo DJ Ekipmanı;Muzik;Studyo;Fender;24656.09;Yasli;95
6898;Hasbro Klasik Seti;Oyuncak;Klasik;Hasbro;3070.48;Yasli;8
6899;Pebeo El Sanatlari Seti;Hobi-Sanat;El Sanatlari;Pebeo;1342.47;Yetiskin;16
6900;Lacoste Sokak Stili Ceket;Moda;Sokak Stili;Lacoste;873.42;Yetiskin;46
6901;Bose Sahne Amfi;Muzik;Sahne;Bose;12345.95;Yasli;3
6902;LEGO Klasik Koleksiyonu;Oyuncak;Klasik;LEGO;4920.89;Yasli;29
6903;LOreal Bakim Nemlendirici;Kozmetik;Bakim;LOreal;727.01;Yasli;65
6904;Gigabyte E-Spor Koleksiyonu;Oyun;E-Spor;Gigabyte;4776.73;Yasli;9
6905;Chanel Bakim Göz Kalemi;Kozmetik;Bakim;Chanel;930.29;Yetiskin;18
6906;Winsor Newton El Sanatlari Koleksiyonu;Hobi-Sanat;El Sanatlari;Winsor Newton;4879.54;Yasli;31
6907;Metis Tarih Romanı/Kitabı;Kitap;Tarih;Metis;216.23;Yasli;45
6908;HP Yazilim Bilgisayar;Teknoloji;Yazilim;HP;2112.85;Yetiskin;43
6909;LG Mobil Yasam Akıllı Telefon;Teknoloji;Mobil Yasam;LG;44881.63;Yasli;45
6910;Bosch Konfor Aksesuarı;Otomobil-Aksesuar;Konfor;Bosch;10718.35;Yasli;5
6911;Metis Kisisel Gelisim Romanı/Kitabı;Kitap;Kisisel Gelisim;Metis;380.61;Cocuk;33
6912;Levi's Klasik Gözlük;Moda;Klasik;Levi's;3992.39;Yasli;49
6913;Canson El Sanatlari Seti;Hobi-Sanat;El Sanatlari;Canson;959.93;Genc;37
6914;Adidas Klasik Parfüm;Moda;Klasik;Adidas;481.89;Genc;79
6915;Ikea Mutfak Dekoratif Lamba;Ev-Yasam;Mutfak;Ikea;5403.75;Genc;87
6916;Fender Analog Enstrüman;Muzik;Analog;Fender;10822.05;Yasli;27
6917;Metis Kisisel Gelisim Romanı/Kitabı;Kitap;Kisisel Gelisim;Metis;123.90;Yasli;36
6918;Melissa Doug Egitici Seti;Oyuncak;Egitici;Melissa Doug;1901.48;Yasli;7
6919;Pioneer Arac Bakimi Aksesuarı;Otomobil-Aksesuar;Arac Bakimi;Pioneer;14361.85;Yetiskin;36
6920;Yamaha Analog Pikap;Muzik;Analog;Yamaha;20721.07;Yasli;84
6921;SteelSeries Yayincilik Seti;Oyun;Yayincilik;SteelSeries;324.59;Cocuk;39
6922;Zara Sokak Stili Çanta;Moda;Sokak Stili;Zara;2008.80;Yetiskin;4
6923;Lancome Parfum Ruj;Kozmetik;Parfum;Lancome;460.98;Yetiskin;22
6924;Under Armour Fitness Koşu Ayakkabısı;Spor;Fitness;Under Armour;7631.46;Yetiskin;15
6925;Yapi Kredi Edebiyat Romanı/Kitabı;Kitap;Edebiyat;Yapi Kredi;361.96;Genc;86
6926;Pegasus Kisisel Gelisim Romanı/Kitabı;Kitap;Kisisel Gelisim;Pegasus;243.28;Cocuk;44
6927;Pasabahce Mutfak Dekoratif Lamba;Ev-Yasam;Mutfak;Pasabahce;3518.70;Cocuk;72
6928;Gibson Analog Amfi;Muzik;Analog;Gibson;24404.17;Genc;64
6929;Prismacolor Resim Paketi;Hobi-Sanat;Resim;Prismacolor;3113.28;Genc;13
6930;Spalding Outdoor Koşu Ayakkabısı;Spor;Outdoor;Spalding;3531.18;Genc;26
6931;Casio Analog Enstrüman;Muzik;Analog;Casio;3015.42;Genc;26
6932;Levi's Sokak Stili Saat;Moda;Sokak Stili;Levi's;4035.06;Genc;38
6933;Iletisim Edebiyat Romanı/Kitabı;Kitap;Edebiyat;Iletisim;487.88;Cocuk;2
6934;Winsor Newton Resim Seti;Hobi-Sanat;Resim;Winsor Newton;2001.59;Yasli;57
6935;Marshall Studyo Enstrüman;Muzik;Studyo;Marshall;13192.36;Yasli;83
6936;Levi's Klasik Parfüm;Moda;Klasik;Levi's;5147.44;Cocuk;37
6937;Nike Klasik Ceket;Moda;Klasik;Nike;5108.14;Cocuk;82
6938;Gucci Klasik Ceket;Moda;Klasik;Gucci;1528.24;Cocuk;48
6939;Sparco Arac Bakimi Aksesuarı;Otomobil-Aksesuar;Arac Bakimi;Sparco;13844.03;Genc;21
6940;Derwent Resim Paketi;Hobi-Sanat;Resim;Derwent;2787.35;Cocuk;95
6941;Castelli Fitness Antrenman Ekipmanı;Spor;Fitness;Castelli;6854.02;Genc;63
6942;Liquitex Resim Koleksiyonu;Hobi-Sanat;Resim;Liquitex;914.54;Yetiskin;9
6943;Liquitex El Sanatlari Paketi;Hobi-Sanat;El Sanatlari;Liquitex;1710.12;Cocuk;62
6944;Huawei Ev Ofis Tablet;Teknoloji;Ev Ofis;Huawei;32391.46;Cocuk;47
6945;Castelli Ekipman Spor Çantası;Spor;Ekipman;Castelli;6265.54;Cocuk;47
6946;Lancome Makyaj Cilt Serumu;Kozmetik;Makyaj;Lancome;1562.96;Yasli;27
6947;Ithaki Kisisel Gelisim Romanı/Kitabı;Kitap;Kisisel Gelisim;Ithaki;341.26;Cocuk;1
6948;Tefal Konfor Dekoratif Lamba;Ev-Yasam;Konfor;Tefal;9091.93;Cocuk;43
6949;LG Yazilim Akıllı Saat;Teknoloji;Yazilim;LG;28765.66;Genc;5
6950;Spalding Fitness Antrenman Ekipmanı;Spor;Fitness;Spalding;6704.29;Yetiskin;13
6951;Karaca Konfor Dekoratif Lamba;Ev-Yasam;Konfor;Karaca;5481.87;Yetiskin;44
6952;Yapi Kredi Kisisel Gelisim Romanı/Kitabı;Kitap;Kisisel Gelisim;Yapi Kredi;105.17;Yetiskin;77
6953;Casio Studyo Pikap;Muzik;Studyo;Casio;14079.83;Yetiskin;4
6954;LOreal Bakim Göz Kalemi;Kozmetik;Bakim;LOreal;324.35;Yetiskin;8
6955;Mizuno Fitness Spor Çantası;Spor;Fitness;Mizuno;7685.08;Cocuk;13
6956;MGA Entertainment Klasik Koleksiyonu;Oyuncak;Klasik;MGA Entertainment;4059.63;Cocuk;54
6957;Xiaomi Mobil Yasam Akıllı Telefon;Teknoloji;Mobil Yasam;Xiaomi;33125.82;Yasli;56
6958;Gucci Klasik Saat;Moda;Klasik;Gucci;2529.63;Yasli;35
6959;Sennheiser Studyo Pikap;Muzik;Studyo;Sennheiser;16500.23;Genc;73
6960;Nvidia Retro Seti;Oyun;Retro;Nvidia;934.82;Genc;65
6961;Estee Lauder Bakim Nemlendirici;Kozmetik;Bakim;Estee Lauder;700.70;Yetiskin;17
6962;Faber-Castell Kirtasiye Koleksiyonu;Hobi-Sanat;Kirtasiye;Faber-Castell;2196.50;Genc;57
6963;Dior Bakim Göz Kalemi;Kozmetik;Bakim;Dior;1115.03;Genc;81
6964;Prada Klasik Gözlük;Moda;Klasik;Prada;3141.33;Yasli;95
6965;Salomon Fitness Eşofman Takımı;Spor;Fitness;Salomon;1535.33;Cocuk;60
6966;Mizuno Fitness Antrenman Ekipmanı;Spor;Fitness;Mizuno;2451.19;Genc;1
6967;Fender Sahne Pikap;Muzik;Sahne;Fender;14000.80;Cocuk;16
6968;JBL Sahne Pikap;Muzik;Sahne;JBL;8629.56;Yasli;6
6969;Nintendo E-Spor Paketi;Oyun;E-Spor;Nintendo;644.70;Yetiskin;40
6970;Prada Klasik Çanta;Moda;Klasik;Prada;2763.82;Yetiskin;80
6971;Arzum Konfor Kahve Makinesi;Ev-Yasam;Konfor;Arzum;7436.60;Genc;94
6972;Meguiars Guvenlik Aksesuarı;Otomobil-Aksesuar;Guvenlik;Meguiars;5464.51;Cocuk;43
6973;Clinique Bakim Nemlendirici;Kozmetik;Bakim;Clinique;156.26;Cocuk;13
6974;Nivea Bakim Cilt Serumu;Kozmetik;Bakim;Nivea;1215.12;Yetiskin;4
6975;Casio Sahne Enstrüman;Muzik;Sahne;Casio;12189.29;Genc;27
6976;Nvidia Retro Seti;Oyun;Retro;Nvidia;1161.50;Yetiskin;12
6977;Alfa Yayinlari Edebiyat Romanı/Kitabı;Kitap;Edebiyat;Alfa Yayinlari;363.23;Yetiskin;94
6978;Hot Wheels Klasik Seti;Oyuncak;Klasik;Hot Wheels;2632.65;Cocuk;94
6979;Reeves Resim Seti;Hobi-Sanat;Resim;Reeves;3829.52;Yetiskin;53
6980;Spin Master Egitici Seti;Oyuncak;Egitici;Spin Master;1159.50;Yasli;38
6981;Castrol Konfor Aksesuarı;Otomobil-Aksesuar;Konfor;Castrol;4172.98;Yasli;3
6982;Lacoste Sokak Stili Gözlük;Moda;Sokak Stili;Lacoste;4478.31;Genc;12
6983;Bosch Dekorasyon Dekoratif Lamba;Ev-Yasam;Dekorasyon;Bosch;5597.01;Yetiskin;94
6984;Fisher-Price Aksiyon Koleksiyonu;Oyuncak;Aksiyon;Fisher-Price;4469.43;Cocuk;19
6985;Gigabyte E-Spor Koleksiyonu;Oyun;E-Spor;Gigabyte;4166.01;Yetiskin;68
6986;Everest Edebiyat Romanı/Kitabı;Kitap;Edebiyat;Everest;400.73;Yetiskin;54
6987;Winsor Newton El Sanatlari Seti;Hobi-Sanat;El Sanatlari;Winsor Newton;4182.26;Cocuk;18
6988;Razer Retro Koleksiyonu;Oyun;Retro;Razer;1039.31;Yetiskin;50
6989;Arzum Konfor Kahve Makinesi;Ev-Yasam;Konfor;Arzum;3741.13;Cocuk;47
6990;VTech Aksiyon Paketi;Oyuncak;Aksiyon;VTech;3406.90;Cocuk;5
6991;Alfa Yayinlari Tarih Romanı/Kitabı;Kitap;Tarih;Alfa Yayinlari;233.89;Yetiskin;9
6992;Iletisim Kisisel Gelisim Romanı/Kitabı;Kitap;Kisisel Gelisim;Iletisim;80.07;Yasli;17
6993;Mattel Aksiyon Seti;Oyuncak;Aksiyon;Mattel;1539.47;Genc;59
6994;Bosch Dekorasyon Robot Süpürge;Ev-Yasam;Dekorasyon;Bosch;3123.12;Genc;17
6995;Beko Mutfak Dekoratif Lamba;Ev-Yasam;Mutfak;Beko;7019.04;Genc;28
6996;Samsung Mobil Yasam Akıllı Telefon;Teknoloji;Mobil Yasam;Samsung;26072.88;Cocuk;23
6997;MGA Entertainment Egitici Seti;Oyuncak;Egitici;MGA Entertainment;4894.38;Yetiskin;90
6998;Casio Sahne Pikap;Muzik;Sahne;Casio;20836.24;Yasli;20
6999;English Home Konfor Nevresim Takımı;Ev-Yasam;Konfor;English Home;4804.56;Yetiskin;2
7000;Columbia Fitness Antrenman Ekipmanı;Spor;Fitness;Columbia;7099.41;Cocuk;72
7001;Hasbro Klasik Koleksiyonu;Oyuncak;Klasik;Hasbro;2702.65;Yasli;84
7002;Sparco Arac Bakimi Aksesuarı;Otomobil-Aksesuar;Arac Bakimi;Sparco;8756.46;Cocuk;29
7003;Zowie Retro Koleksiyonu;Oyun;Retro;Zowie;4447.82;Yetiskin;81
7004;Marshall Studyo Pikap;Muzik;Studyo;Marshall;15364.48;Cocuk;46
7005;H&M Klasik Saat;Moda;Klasik;H&M;1544.05;Genc;71
7006;Castrol Arac Bakimi Aksesuarı;Otomobil-Aksesuar;Arac Bakimi;Castrol;4904.94;Yasli;5
7007;Nike Klasik Parfüm;Moda;Klasik;Nike;4445.88;Genc;81
7008;Arzum Konfor Dekoratif Lamba;Ev-Yasam;Konfor;Arzum;8441.25;Cocuk;41
7009;Beko Dekorasyon Dekoratif Lamba;Ev-Yasam;Dekorasyon;Beko;9938.19;Cocuk;58
7010;Karaca Mutfak Kahve Makinesi;Ev-Yasam;Mutfak;Karaca;5780.47;Yetiskin;36
7011;Tefal Dekorasyon Nevresim Takımı;Ev-Yasam;Dekorasyon;Tefal;8030.78;Yasli;75
7012;Chanel Bakim Ruj;Kozmetik;Bakim;Chanel;1144.83;Yasli;2
7013;Prismacolor Kirtasiye Seti;Hobi-Sanat;Kirtasiye;Prismacolor;1331.48;Cocuk;2
7014;Madame Coco Mutfak Kahve Makinesi;Ev-Yasam;Mutfak;Madame Coco;8885.94;Yasli;71
7015;Yapi Kredi Kisisel Gelisim Romanı/Kitabı;Kitap;Kisisel Gelisim;Yapi Kredi;62.06;Yasli;100
7016;Canson Kirtasiye Seti;Hobi-Sanat;Kirtasiye;Canson;3548.39;Genc;20
7017;Spin Master Aksiyon Seti;Oyuncak;Aksiyon;Spin Master;3294.81;Yasli;20
7018;Beko Mutfak Robot Süpürge;Ev-Yasam;Mutfak;Beko;2269.32;Genc;36
7019;Samsung Yazilim Tablet;Teknoloji;Yazilim;Samsung;29055.15;Genc;62
7020;Pasabahce Konfor Kahve Makinesi;Ev-Yasam;Konfor;Pasabahce;7365.82;Cocuk;24
7021;Mattel Klasik Seti;Oyuncak;Klasik;Mattel;3982.12;Genc;53
7022;Daler Rowney Kirtasiye Koleksiyonu;Hobi-Sanat;Kirtasiye;Daler Rowney;3696.25;Yetiskin;60
7023;Canson Kirtasiye Seti;Hobi-Sanat;Kirtasiye;Canson;4983.71;Cocuk;47
7024;Beko Dekorasyon Kahve Makinesi;Ev-Yasam;Dekorasyon;Beko;4737.63;Yetiskin;45
7025;Huawei Mobil Yasam Kulaklık;Teknoloji;Mobil Yasam;Huawei;35913.70;Yetiskin;7
7026;Canson El Sanatlari Paketi;Hobi-Sanat;El Sanatlari;Canson;834.40;Cocuk;74
7027;Fisher-Price Klasik Seti;Oyuncak;Klasik;Fisher-Price;4302.05;Cocuk;67
7028;Bosch Guvenlik Aksesuarı;Otomobil-Aksesuar;Guvenlik;Bosch;14914.97;Genc;99
7029;Lancome Parfum Ruj;Kozmetik;Parfum;Lancome;1050.77;Yasli;29
7030;Metis Tarih Romanı/Kitabı;Kitap;Tarih;Metis;147.39;Cocuk;97
7031;Beko Konfor Nevresim Takımı;Ev-Yasam;Konfor;Beko;7753.62;Genc;95
7032;Bose Studyo Amfi;Muzik;Studyo;Bose;6743.63;Cocuk;55
7033;Estee Lauder Parfum Ruj;Kozmetik;Parfum;Estee Lauder;1027.61;Yasli;38
7034;Apple Yazilim Tablet;Teknoloji;Yazilim;Apple;19560.25;Genc;20
7035;Ikea Konfor Nevresim Takımı;Ev-Yasam;Konfor;Ikea;11044.79;Cocuk;68
7036;Liquitex Kirtasiye Koleksiyonu;Hobi-Sanat;Kirtasiye;Liquitex;2912.64;Yasli;8
7037;Huawei Mobil Yasam Akıllı Saat;Teknoloji;Mobil Yasam;Huawei;33273.73;Cocuk;18
7038;Roland Analog DJ Ekipmanı;Muzik;Analog;Roland;18705.06;Yetiskin;67
7039;Gucci Sokak Stili Gözlük;Moda;Sokak Stili;Gucci;3514.89;Genc;27
7040;Zara Aksesuar Ceket;Moda;Aksesuar;Zara;5694.04;Yasli;47
7041;Bosch Konfor Aksesuarı;Otomobil-Aksesuar;Konfor;Bosch;6617.18;Cocuk;20
7042;Nike Sokak Stili Parfüm;Moda;Sokak Stili;Nike;5346.48;Yasli;39
7043;Beko Konfor Robot Süpürge;Ev-Yasam;Konfor;Beko;6535.49;Yetiskin;73
7044;Dior Bakim Cilt Serumu;Kozmetik;Bakim;Dior;385.27;Genc;100
7045;H&M Aksesuar Ceket;Moda;Aksesuar;H&M;4443.90;Genc;27
7046;Reeves Kirtasiye Koleksiyonu;Hobi-Sanat;Kirtasiye;Reeves;924.34;Yasli;78
7047;Prismacolor Kirtasiye Paketi;Hobi-Sanat;Kirtasiye;Prismacolor;2008.81;Yetiskin;15
7048;Burberry Aksesuar Gözlük;Moda;Aksesuar;Burberry;3866.11;Genc;20
7049;Dior Bakim Ruj;Kozmetik;Bakim;Dior;1538.86;Yetiskin;76
7050;MAC Makyaj Cilt Serumu;Kozmetik;Makyaj;MAC;319.16;Yasli;17
7051;Faber-Castell Kirtasiye Seti;Hobi-Sanat;Kirtasiye;Faber-Castell;123.62;Yetiskin;44
7052;Nvidia Yayincilik Koleksiyonu;Oyun;Yayincilik;Nvidia;2051.35;Genc;14
7053;Yamaha Studyo DJ Ekipmanı;Muzik;Studyo;Yamaha;4671.94;Yetiskin;7
7054;Razer E-Spor Paketi;Oyun;E-Spor;Razer;622.89;Yetiskin;10
7055;Nike Aksesuar Ceket;Moda;Aksesuar;Nike;5130.83;Genc;2
7056;Spalding Outdoor Koşu Ayakkabısı;Spor;Outdoor;Spalding;1088.56;Yetiskin;16
7057;MGA Entertainment Klasik Seti;Oyuncak;Klasik;MGA Entertainment;3635.34;Genc;68
7058;Tefal Mutfak Robot Süpürge;Ev-Yasam;Mutfak;Tefal;3270.11;Cocuk;71
7059;Fisher-Price Egitici Koleksiyonu;Oyuncak;Egitici;Fisher-Price;4719.30;Yasli;99
7060;MSI Retro Seti;Oyun;Retro;MSI;4769.48;Cocuk;44
7061;Xiaomi Ev Ofis Kulaklık;Teknoloji;Ev Ofis;Xiaomi;44120.00;Yetiskin;58
7062;Spalding Ekipman Antrenman Ekipmanı;Spor;Ekipman;Spalding;3862.10;Yetiskin;46
7063;Beko Dekorasyon Kahve Makinesi;Ev-Yasam;Dekorasyon;Beko;9881.98;Cocuk;4
7064;Corsair Retro Koleksiyonu;Oyun;Retro;Corsair;2290.90;Yetiskin;16
7065;Yapi Kredi Edebiyat Romanı/Kitabı;Kitap;Edebiyat;Yapi Kredi;416.07;Yasli;36
7066;H&M Klasik Gözlük;Moda;Klasik;H&M;2036.92;Cocuk;94
7067;Sparco Arac Bakimi Aksesuarı;Otomobil-Aksesuar;Arac Bakimi;Sparco;11115.85;Genc;11
7068;Fisher-Price Aksiyon Paketi;Oyuncak;Aksiyon;Fisher-Price;1377.92;Yetiskin;89
7069;Goodyear Konfor Aksesuarı;Otomobil-Aksesuar;Konfor;Goodyear;7016.52;Yetiskin;75
7070;Nivea Makyaj Göz Kalemi;Kozmetik;Makyaj;Nivea;844.99;Genc;50
7071;Corsair Yayincilik Paketi;Oyun;Yayincilik;Corsair;1699.87;Yasli;59
7072;Gibson Analog Amfi;Muzik;Analog;Gibson;20616.88;Yetiskin;48
7073;Zowie Yayincilik Seti;Oyun;Yayincilik;Zowie;865.23;Yasli;32
7074;3M Arac Bakimi Aksesuarı;Otomobil-Aksesuar;Arac Bakimi;3M;2695.24;Yetiskin;14
7075;Dior Makyaj Nemlendirici;Kozmetik;Makyaj;Dior;1829.86;Yasli;31
7076;English Home Mutfak Kahve Makinesi;Ev-Yasam;Mutfak;English Home;11835.39;Yetiskin;35
7077;Melissa Doug Egitici Seti;Oyuncak;Egitici;Melissa Doug;2447.75;Genc;69
7078;Bose Sahne Enstrüman;Muzik;Sahne;Bose;24566.25;Cocuk;40
7079;Samsung Mobil Yasam Akıllı Telefon;Teknoloji;Mobil Yasam;Samsung;10911.16;Genc;33
7080;Gucci Sokak Stili Parfüm;Moda;Sokak Stili;Gucci;4433.16;Cocuk;98
7081;Dell Mobil Yasam Kulaklık;Teknoloji;Mobil Yasam;Dell;12372.41;Genc;51
7082;Tefal Mutfak Robot Süpürge;Ev-Yasam;Mutfak;Tefal;4001.93;Cocuk;75
7083;Maybelline Bakim Nemlendirici;Kozmetik;Bakim;Maybelline;660.69;Cocuk;93
7084;Gibson Studyo Enstrüman;Muzik;Studyo;Gibson;13588.67;Yasli;16
7085;HP Mobil Yasam Akıllı Saat;Teknoloji;Mobil Yasam;HP;38909.24;Cocuk;13
7086;Lacoste Klasik Saat;Moda;Klasik;Lacoste;5419.36;Yasli;69
7087;Puma Sokak Stili Gözlük;Moda;Sokak Stili;Puma;5715.73;Cocuk;38
7088;Marshall Analog Amfi;Muzik;Analog;Marshall;17797.36;Cocuk;53
7089;Tefal Dekorasyon Nevresim Takımı;Ev-Yasam;Dekorasyon;Tefal;5345.05;Cocuk;54
7090;Fender Analog Amfi;Muzik;Analog;Fender;5068.85;Cocuk;57
7091;Karaca Mutfak Dekoratif Lamba;Ev-Yasam;Mutfak;Karaca;5411.13;Yasli;36
7092;Dior Bakim Nemlendirici;Kozmetik;Bakim;Dior;1154.32;Genc;12
7093;North Face Fitness Eşofman Takımı;Spor;Fitness;North Face;6314.65;Cocuk;87
7094;MGA Entertainment Aksiyon Koleksiyonu;Oyuncak;Aksiyon;MGA Entertainment;3377.14;Yetiskin;28
7095;Madame Coco Dekorasyon Nevresim Takımı;Ev-Yasam;Dekorasyon;Madame Coco;9461.30;Genc;52
7096;Bosch Konfor Aksesuarı;Otomobil-Aksesuar;Konfor;Bosch;13267.91;Yasli;53
7097;Nvidia Yayincilik Seti;Oyun;Yayincilik;Nvidia;1809.03;Cocuk;71
7098;Meguiars Konfor Aksesuarı;Otomobil-Aksesuar;Konfor;Meguiars;6130.13;Genc;84
7099;Bose Studyo Amfi;Muzik;Studyo;Bose;9641.56;Yasli;53
7100;Pioneer Konfor Aksesuarı;Otomobil-Aksesuar;Konfor;Pioneer;701.69;Yasli;89
7101;Yamaha Studyo DJ Ekipmanı;Muzik;Studyo;Yamaha;11009.91;Cocuk;42
7102;Lancome Parfum Cilt Serumu;Kozmetik;Parfum;Lancome;1867.80;Yasli;37
7103;Bosch Konfor Aksesuarı;Otomobil-Aksesuar;Konfor;Bosch;6254.59;Genc;95
7104;Metis Edebiyat Romanı/Kitabı;Kitap;Edebiyat;Metis;123.67;Genc;49
7105;SteelSeries Retro Koleksiyonu;Oyun;Retro;SteelSeries;3219.48;Yasli;67
7106;Alfa Yayinlari Kisisel Gelisim Romanı/Kitabı;Kitap;Kisisel Gelisim;Alfa Yayinlari;167.66;Genc;89
7107;Razer Retro Koleksiyonu;Oyun;Retro;Razer;1191.34;Yetiskin;48
7108;Dell Ev Ofis Tablet;Teknoloji;Ev Ofis;Dell;38074.00;Genc;75
7109;Lacoste Klasik Ceket;Moda;Klasik;Lacoste;5571.70;Yetiskin;13
7110;Everest Kisisel Gelisim Romanı/Kitabı;Kitap;Kisisel Gelisim;Everest;315.23;Genc;82
7111;Castelli Fitness Eşofman Takımı;Spor;Fitness;Castelli;4769.32;Yasli;77
7112;Sephora Parfum Nemlendirici;Kozmetik;Parfum;Sephora;1579.28;Cocuk;20
7113;Pasabahce Mutfak Robot Süpürge;Ev-Yasam;Mutfak;Pasabahce;1966.15;Cocuk;61
7114;Nivea Makyaj Göz Kalemi;Kozmetik;Makyaj;Nivea;1550.56;Genc;44
7115;Reebok Fitness Eşofman Takımı;Spor;Fitness;Reebok;2207.73;Cocuk;93
7116;Hasbro Klasik Seti;Oyuncak;Klasik;Hasbro;2878.76;Genc;21
7117;Gigabyte Retro Seti;Oyun;Retro;Gigabyte;2183.28;Yetiskin;64
7118;Lenovo Yazilim Bilgisayar;Teknoloji;Yazilim;Lenovo;38343.39;Yasli;5
7119;Reeves Resim Koleksiyonu;Hobi-Sanat;Resim;Reeves;4295.08;Yasli;76
7120;Fender Analog Amfi;Muzik;Analog;Fender;10412.66;Yetiskin;59
7121;Playmobil Aksiyon Koleksiyonu;Oyuncak;Aksiyon;Playmobil;2820.88;Cocuk;90
7122;North Face Ekipman Spor Çantası;Spor;Ekipman;North Face;751.51;Genc;22
7123;Gucci Aksesuar Ceket;Moda;Aksesuar;Gucci;3539.01;Yasli;64
7124;Prada Klasik Saat;Moda;Klasik;Prada;4415.16;Genc;99
7125;Zara Aksesuar Saat;Moda;Aksesuar;Zara;5099.44;Cocuk;69
7126;Iletisim Kisisel Gelisim Romanı/Kitabı;Kitap;Kisisel Gelisim;Iletisim;124.65;Yetiskin;98
7127;HP Mobil Yasam Bilgisayar;Teknoloji;Mobil Yasam;HP;34532.82;Cocuk;27
7128;Reeves Kirtasiye Seti;Hobi-Sanat;Kirtasiye;Reeves;2320.92;Yetiskin;5
7129;Arzum Mutfak Kahve Makinesi;Ev-Yasam;Mutfak;Arzum;7632.29;Genc;14
7130;Meguiars Konfor Aksesuarı;Otomobil-Aksesuar;Konfor;Meguiars;5869.40;Yetiskin;95
7131;Winsor Newton El Sanatlari Seti;Hobi-Sanat;El Sanatlari;Winsor Newton;4776.93;Genc;91
7132;Metis Kisisel Gelisim Romanı/Kitabı;Kitap;Kisisel Gelisim;Metis;481.93;Yetiskin;91
7133;Pebeo Resim Seti;Hobi-Sanat;Resim;Pebeo;1369.42;Genc;62
7134;Lenovo Mobil Yasam Bilgisayar;Teknoloji;Mobil Yasam;Lenovo;33884.53;Yasli;64
7135;Nintendo Yayincilik Koleksiyonu;Oyun;Yayincilik;Nintendo;3564.21;Yasli;95
7136;Dogan Kitap Tarih Romanı/Kitabı;Kitap;Tarih;Dogan Kitap;464.36;Yetiskin;91
7137;Melissa Doug Egitici Paketi;Oyuncak;Egitici;Melissa Doug;4521.45;Cocuk;19
7138;Alfa Yayinlari Tarih Romanı/Kitabı;Kitap;Tarih;Alfa Yayinlari;368.05;Cocuk;19
7139;Nintendo Retro Seti;Oyun;Retro;Nintendo;185.20;Cocuk;15
7140;JBL Sahne Enstrüman;Muzik;Sahne;JBL;12049.20;Yasli;85
7141;English Home Dekorasyon Kahve Makinesi;Ev-Yasam;Dekorasyon;English Home;7223.58;Genc;36
7142;Liquitex El Sanatlari Paketi;Hobi-Sanat;El Sanatlari;Liquitex;3147.45;Yasli;81
7143;Michelin Konfor Aksesuarı;Otomobil-Aksesuar;Konfor;Michelin;1225.23;Cocuk;95
7144;Bridgestone Guvenlik Aksesuarı;Otomobil-Aksesuar;Guvenlik;Bridgestone;4881.73;Yetiskin;66
7145;Dogan Kitap Tarih Romanı/Kitabı;Kitap;Tarih;Dogan Kitap;143.15;Cocuk;32
7146;Corsair Yayincilik Seti;Oyun;Yayincilik;Corsair;4059.34;Yetiskin;38
7147;Xiaomi Mobil Yasam Akıllı Saat;Teknoloji;Mobil Yasam;Xiaomi;40566.09;Cocuk;26
7148;Puma Aksesuar Gözlük;Moda;Aksesuar;Puma;5831.29;Genc;58
7149;HP Yazilim Bilgisayar;Teknoloji;Yazilim;HP;28100.72;Yasli;88
7150;HP Yazilim Akıllı Saat;Teknoloji;Yazilim;HP;24284.87;Genc;11
7151;Metis Kisisel Gelisim Romanı/Kitabı;Kitap;Kisisel Gelisim;Metis;481.25;Cocuk;49
7152;Alfa Yayinlari Tarih Romanı/Kitabı;Kitap;Tarih;Alfa Yayinlari;174.76;Genc;90
7153;Metis Kisisel Gelisim Romanı/Kitabı;Kitap;Kisisel Gelisim;Metis;266.89;Cocuk;2
7154;Liquitex Resim Seti;Hobi-Sanat;Resim;Liquitex;1633.67;Cocuk;85
7155;Zowie Retro Seti;Oyun;Retro;Zowie;505.38;Cocuk;19
7156;Ikea Konfor Robot Süpürge;Ev-Yasam;Konfor;Ikea;2683.17;Genc;98
7157;Nvidia Retro Koleksiyonu;Oyun;Retro;Nvidia;3656.06;Yetiskin;63
7158;Zara Aksesuar Saat;Moda;Aksesuar;Zara;4308.85;Yetiskin;7
7159;Meguiars Arac Bakimi Aksesuarı;Otomobil-Aksesuar;Arac Bakimi;Meguiars;6523.05;Yetiskin;44
7160;Asus Mobil Yasam Tablet;Teknoloji;Mobil Yasam;Asus;13183.87;Yasli;99
7161;Bose Sahne Amfi;Muzik;Sahne;Bose;13366.71;Yetiskin;29
7162;Gibson Analog Enstrüman;Muzik;Analog;Gibson;22271.58;Genc;100
7163;Dell Yazilim Akıllı Saat;Teknoloji;Yazilim;Dell;27611.17;Yasli;19
7164;Levi's Klasik Çanta;Moda;Klasik;Levi's;726.03;Yetiskin;24
7165;Continental Guvenlik Aksesuarı;Otomobil-Aksesuar;Guvenlik;Continental;2772.06;Cocuk;85
7166;Madame Coco Dekorasyon Dekoratif Lamba;Ev-Yasam;Dekorasyon;Madame Coco;3141.43;Genc;98
7167;Salomon Outdoor Spor Çantası;Spor;Outdoor;Salomon;4829.31;Genc;28
7168;Gigabyte Yayincilik Seti;Oyun;Yayincilik;Gigabyte;4103.47;Genc;69
7169;Sephora Makyaj Nemlendirici;Kozmetik;Makyaj;Sephora;1990.91;Genc;7
7170;Gucci Klasik Parfüm;Moda;Klasik;Gucci;2388.39;Cocuk;73
7171;H&M Aksesuar Parfüm;Moda;Aksesuar;H&M;791.74;Genc;24
7172;Gigabyte E-Spor Koleksiyonu;Oyun;E-Spor;Gigabyte;3772.34;Cocuk;31
7173;Faber-Castell Kirtasiye Seti;Hobi-Sanat;Kirtasiye;Faber-Castell;2877.57;Genc;89
7174;Gigabyte E-Spor Paketi;Oyun;E-Spor;Gigabyte;3468.56;Cocuk;35
7175;Bose Sahne Amfi;Muzik;Sahne;Bose;20259.76;Yasli;45
7176;Corsair Yayincilik Seti;Oyun;Yayincilik;Corsair;3553.81;Cocuk;99
7177;VTech Egitici Seti;Oyuncak;Egitici;VTech;4606.99;Yetiskin;42
7178;Pegasus Kisisel Gelisim Romanı/Kitabı;Kitap;Kisisel Gelisim;Pegasus;164.95;Yasli;67
7179;Madame Coco Mutfak Dekoratif Lamba;Ev-Yasam;Mutfak;Madame Coco;11276.27;Genc;43
7180;Fender Studyo Amfi;Muzik;Studyo;Fender;5623.93;Yasli;6
7181;Spalding Fitness Koşu Ayakkabısı;Spor;Fitness;Spalding;4897.24;Yasli;23
7182;H&M Sokak Stili Saat;Moda;Sokak Stili;H&M;3481.93;Yetiskin;54
7183;Spin Master Aksiyon Koleksiyonu;Oyuncak;Aksiyon;Spin Master;237.96;Genc;46
7184;Lenovo Mobil Yasam Akıllı Telefon;Teknoloji;Mobil Yasam;Lenovo;32925.86;Genc;16
7185;Michelin Konfor Aksesuarı;Otomobil-Aksesuar;Konfor;Michelin;3708.45;Yetiskin;21
7186;LG Mobil Yasam Kulaklık;Teknoloji;Mobil Yasam;LG;30533.16;Yasli;39
7187;Chanel Parfum Göz Kalemi;Kozmetik;Parfum;Chanel;1241.57;Genc;73
7188;Is Bankasi Yayinlari Tarih Romanı/Kitabı;Kitap;Tarih;Is Bankasi Yayinlari;74.96;Cocuk;9
7189;Adidas Klasik Çanta;Moda;Klasik;Adidas;1621.13;Genc;87
7190;Decathlon Outdoor Eşofman Takımı;Spor;Outdoor;Decathlon;1563.02;Yetiskin;100
7191;Reebok Ekipman Spor Çantası;Spor;Ekipman;Reebok;4001.87;Yasli;74
7192;Corsair Retro Seti;Oyun;Retro;Corsair;1741.75;Genc;21
7193;VTech Aksiyon Seti;Oyuncak;Aksiyon;VTech;4660.80;Yasli;59
7194;Tefal Konfor Kahve Makinesi;Ev-Yasam;Konfor;Tefal;7382.89;Cocuk;69
7195;Dior Bakim Ruj;Kozmetik;Bakim;Dior;1625.30;Yetiskin;52
7196;Logitech Retro Koleksiyonu;Oyun;Retro;Logitech;1175.85;Cocuk;85
7197;Nvidia E-Spor Paketi;Oyun;E-Spor;Nvidia;4531.04;Yetiskin;36
7198;Sony Ev Ofis Akıllı Telefon;Teknoloji;Ev Ofis;Sony;25741.84;Cocuk;72
7199;Sparco Arac Bakimi Aksesuarı;Otomobil-Aksesuar;Arac Bakimi;Sparco;12585.96;Cocuk;95
7200;Castrol Konfor Aksesuarı;Otomobil-Aksesuar;Konfor;Castrol;6831.27;Yetiskin;86
7201;LG Yazilim Kulaklık;Teknoloji;Yazilim;LG;29528.86;Yetiskin;25
7202;Corsair Yayincilik Paketi;Oyun;Yayincilik;Corsair;1420.08;Genc;1
7203;Dogan Kitap Kisisel Gelisim Romanı/Kitabı;Kitap;Kisisel Gelisim;Dogan Kitap;427.50;Genc;33
7204;Tefal Dekorasyon Kahve Makinesi;Ev-Yasam;Dekorasyon;Tefal;10948.01;Cocuk;1
7205;Moleskine Kirtasiye Koleksiyonu;Hobi-Sanat;Kirtasiye;Moleskine;1315.09;Yetiskin;82
7206;Zowie E-Spor Seti;Oyun;E-Spor;Zowie;623.84;Yetiskin;67
7207;Salomon Fitness Eşofman Takımı;Spor;Fitness;Salomon;1217.86;Yetiskin;73
7208;Daler Rowney El Sanatlari Koleksiyonu;Hobi-Sanat;El Sanatlari;Daler Rowney;2332.11;Cocuk;94
7209;Can Yayinlari Edebiyat Romanı/Kitabı;Kitap;Edebiyat;Can Yayinlari;162.34;Yetiskin;17
7210;Roland Analog Pikap;Muzik;Analog;Roland;8576.37;Yetiskin;20
7211;Karaca Dekorasyon Dekoratif Lamba;Ev-Yasam;Dekorasyon;Karaca;3193.25;Yasli;75
7212;Asus Mobil Yasam Akıllı Saat;Teknoloji;Mobil Yasam;Asus;27128.46;Genc;61
7213;HP Ev Ofis Tablet;Teknoloji;Ev Ofis;HP;28129.23;Yetiskin;16
7214;Lenovo Yazilim Bilgisayar;Teknoloji;Yazilim;Lenovo;43446.17;Genc;9
7215;MAC Makyaj Nemlendirici;Kozmetik;Makyaj;MAC;1329.18;Genc;79
7216;Can Yayinlari Edebiyat Romanı/Kitabı;Kitap;Edebiyat;Can Yayinlari;202.21;Yasli;86
7217;Hot Wheels Aksiyon Paketi;Oyuncak;Aksiyon;Hot Wheels;843.35;Yasli;65
7218;Yapi Kredi Edebiyat Romanı/Kitabı;Kitap;Edebiyat;Yapi Kredi;469.65;Yasli;15
7219;Adidas Aksesuar Parfüm;Moda;Aksesuar;Adidas;2219.32;Genc;57
7220;Puma Klasik Gözlük;Moda;Klasik;Puma;5535.42;Genc;49
7221;Castelli Ekipman Spor Çantası;Spor;Ekipman;Castelli;6617.06;Yasli;78
7222;Apple Yazilim Akıllı Saat;Teknoloji;Yazilim;Apple;21651.77;Genc;76
7223;Daler Rowney El Sanatlari Paketi;Hobi-Sanat;El Sanatlari;Daler Rowney;3176.16;Genc;66
7224;Columbia Outdoor Eşofman Takımı;Spor;Outdoor;Columbia;6833.87;Genc;8
7225;Razer E-Spor Koleksiyonu;Oyun;E-Spor;Razer;3240.75;Yetiskin;9
7226;Dior Makyaj Cilt Serumu;Kozmetik;Makyaj;Dior;694.28;Genc;34
7227;VTech Klasik Seti;Oyuncak;Klasik;VTech;4918.79;Cocuk;93
7228;Audio-Technica Studyo DJ Ekipmanı;Muzik;Studyo;Audio-Technica;9805.71;Yetiskin;70
7229;Spin Master Egitici Seti;Oyuncak;Egitici;Spin Master;525.53;Cocuk;97
7230;Pebeo Kirtasiye Seti;Hobi-Sanat;Kirtasiye;Pebeo;3861.02;Yasli;37
7231;Hot Wheels Egitici Paketi;Oyuncak;Egitici;Hot Wheels;3331.06;Genc;7
7232;Lacoste Aksesuar Saat;Moda;Aksesuar;Lacoste;1434.14;Genc;12
7233;Arzum Mutfak Nevresim Takımı;Ev-Yasam;Mutfak;Arzum;5103.91;Yasli;18
7234;Prada Aksesuar Gözlük;Moda;Aksesuar;Prada;1520.70;Yetiskin;6
7235;Clinique Makyaj Cilt Serumu;Kozmetik;Makyaj;Clinique;1183.37;Yetiskin;19
7236;Meguiars Guvenlik Aksesuarı;Otomobil-Aksesuar;Guvenlik;Meguiars;13571.11;Cocuk;11
7237;H&M Sokak Stili Çanta;Moda;Sokak Stili;H&M;2644.44;Yetiskin;92
7238;Fisher-Price Egitici Koleksiyonu;Oyuncak;Egitici;Fisher-Price;691.32;Yasli;49
7239;Nike Klasik Gözlük;Moda;Klasik;Nike;4573.60;Genc;1
7240;Nintendo E-Spor Koleksiyonu;Oyun;E-Spor;Nintendo;2099.70;Yetiskin;28
7241;Lenovo Mobil Yasam Kulaklık;Teknoloji;Mobil Yasam;Lenovo;6230.27;Genc;82
7242;Nintendo E-Spor Koleksiyonu;Oyun;E-Spor;Nintendo;4668.50;Cocuk;59
7243;Dogan Kitap Tarih Romanı/Kitabı;Kitap;Tarih;Dogan Kitap;490.73;Yasli;7
7244;Faber-Castell Kirtasiye Seti;Hobi-Sanat;Kirtasiye;Faber-Castell;4217.02;Genc;27
7245;H&M Sokak Stili Parfüm;Moda;Sokak Stili;H&M;2596.75;Genc;64
7246;Alfa Yayinlari Edebiyat Romanı/Kitabı;Kitap;Edebiyat;Alfa Yayinlari;249.01;Cocuk;58
7247;Lacoste Klasik Çanta;Moda;Klasik;Lacoste;387.55;Yasli;34
7248;Nivea Parfum Nemlendirici;Kozmetik;Parfum;Nivea;1602.25;Genc;12
7249;Dior Parfum Nemlendirici;Kozmetik;Parfum;Dior;1772.06;Yasli;46
7250;Ithaki Kisisel Gelisim Romanı/Kitabı;Kitap;Kisisel Gelisim;Ithaki;242.02;Genc;49
7251;Karaca Konfor Dekoratif Lamba;Ev-Yasam;Konfor;Karaca;11913.40;Yasli;57
7252;Ithaki Kisisel Gelisim Romanı/Kitabı;Kitap;Kisisel Gelisim;Ithaki;358.82;Genc;52
7253;Corsair Retro Seti;Oyun;Retro;Corsair;2632.16;Genc;18
7254;Sephora Makyaj Nemlendirici;Kozmetik;Makyaj;Sephora;1059.61;Yetiskin;28
7255;Adidas Sokak Stili Gözlük;Moda;Sokak Stili;Adidas;4302.41;Cocuk;61
7256;Sony Mobil Yasam Tablet;Teknoloji;Mobil Yasam;Sony;13095.15;Yetiskin;98
7257;Prada Klasik Gözlük;Moda;Klasik;Prada;2120.86;Cocuk;5
7258;Philips Konfor Nevresim Takımı;Ev-Yasam;Konfor;Philips;9431.73;Yasli;98
7259;SteelSeries Yayincilik Paketi;Oyun;Yayincilik;SteelSeries;164.80;Yetiskin;34
7260;Ithaki Tarih Romanı/Kitabı;Kitap;Tarih;Ithaki;395.63;Genc;95
7261;Roland Sahne Enstrüman;Muzik;Sahne;Roland;11951.46;Genc;83
7262;Pioneer Konfor Aksesuarı;Otomobil-Aksesuar;Konfor;Pioneer;3127.40;Cocuk;65
7263;Derwent Kirtasiye Koleksiyonu;Hobi-Sanat;Kirtasiye;Derwent;530.50;Yasli;79
7264;MGA Entertainment Klasik Koleksiyonu;Oyuncak;Klasik;MGA Entertainment;3738.29;Yasli;29
7265;Lacoste Klasik Gözlük;Moda;Klasik;Lacoste;2237.72;Yetiskin;46
7266;Corsair Retro Koleksiyonu;Oyun;Retro;Corsair;2159.96;Genc;19
7267;Logitech Yayincilik Paketi;Oyun;Yayincilik;Logitech;4520.37;Yetiskin;88
7268;Huawei Ev Ofis Kulaklık;Teknoloji;Ev Ofis;Huawei;44314.75;Yasli;89
7269;Metis Tarih Romanı/Kitabı;Kitap;Tarih;Metis;120.83;Cocuk;36
7270;Playmobil Egitici Seti;Oyuncak;Egitici;Playmobil;4250.07;Yasli;21
7271;Spalding Ekipman Koşu Ayakkabısı;Spor;Ekipman;Spalding;6535.56;Genc;90
7272;North Face Ekipman Koşu Ayakkabısı;Spor;Ekipman;North Face;2919.67;Cocuk;78
7273;Zara Aksesuar Parfüm;Moda;Aksesuar;Zara;4765.76;Cocuk;9
7274;Estee Lauder Makyaj Ruj;Kozmetik;Makyaj;Estee Lauder;1451.09;Genc;75
7275;Mattel Aksiyon Seti;Oyuncak;Aksiyon;Mattel;3184.21;Yasli;6
7276;Bose Analog Amfi;Muzik;Analog;Bose;20411.97;Yasli;32
7277;Lacoste Klasik Çanta;Moda;Klasik;Lacoste;492.20;Yetiskin;82
7278;MAC Bakim Cilt Serumu;Kozmetik;Bakim;MAC;328.16;Cocuk;21
7279;Dell Yazilim Tablet;Teknoloji;Yazilim;Dell;38114.94;Cocuk;84
7280;HP Ev Ofis Kulaklık;Teknoloji;Ev Ofis;HP;39864.73;Yasli;60
7281;Michelin Konfor Aksesuarı;Otomobil-Aksesuar;Konfor;Michelin;12674.93;Yetiskin;47
7282;Mattel Aksiyon Koleksiyonu;Oyuncak;Aksiyon;Mattel;1664.54;Yasli;98
7283;Castelli Ekipman Spor Çantası;Spor;Ekipman;Castelli;7608.78;Yasli;15
7284;Marshall Sahne Amfi;Muzik;Sahne;Marshall;4299.32;Yetiskin;100
7285;Casio Studyo Amfi;Muzik;Studyo;Casio;2182.45;Genc;27
7286;Chanel Bakim Ruj;Kozmetik;Bakim;Chanel;356.19;Cocuk;22
7287;Madame Coco Dekorasyon Robot Süpürge;Ev-Yasam;Dekorasyon;Madame Coco;10409.26;Yetiskin;59
7288;Nvidia Retro Paketi;Oyun;Retro;Nvidia;3157.71;Yasli;75
7289;LG Mobil Yasam Tablet;Teknoloji;Mobil Yasam;LG;41971.33;Yetiskin;80
7290;Michelin Guvenlik Aksesuarı;Otomobil-Aksesuar;Guvenlik;Michelin;4300.33;Genc;86
7291;Daler Rowney Resim Seti;Hobi-Sanat;Resim;Daler Rowney;1099.72;Yasli;26
7292;Mattel Aksiyon Seti;Oyuncak;Aksiyon;Mattel;4706.51;Genc;53
7293;Meguiars Arac Bakimi Aksesuarı;Otomobil-Aksesuar;Arac Bakimi;Meguiars;11287.91;Cocuk;28
7294;LG Yazilim Bilgisayar;Teknoloji;Yazilim;LG;38825.26;Yetiskin;13
7295;Is Bankasi Yayinlari Edebiyat Romanı/Kitabı;Kitap;Edebiyat;Is Bankasi Yayinlari;86.30;Genc;42
7296;Zara Sokak Stili Çanta;Moda;Sokak Stili;Zara;3925.93;Genc;56
7297;Bridgestone Guvenlik Aksesuarı;Otomobil-Aksesuar;Guvenlik;Bridgestone;4182.79;Yetiskin;93
7298;Burberry Klasik Saat;Moda;Klasik;Burberry;2508.27;Yasli;53
7299;Nvidia Retro Koleksiyonu;Oyun;Retro;Nvidia;3295.69;Cocuk;24
7300;Fisher-Price Aksiyon Koleksiyonu;Oyuncak;Aksiyon;Fisher-Price;2135.51;Yetiskin;3
7301;Reebok Fitness Koşu Ayakkabısı;Spor;Fitness;Reebok;1477.63;Genc;50
7302;Pebeo Resim Paketi;Hobi-Sanat;Resim;Pebeo;2665.88;Genc;30
7303;Can Yayinlari Tarih Romanı/Kitabı;Kitap;Tarih;Can Yayinlari;109.96;Cocuk;62
7304;Marshall Sahne Enstrüman;Muzik;Sahne;Marshall;24576.52;Yasli;96
7305;Decathlon Outdoor Eşofman Takımı;Spor;Outdoor;Decathlon;4860.93;Cocuk;18
7306;Maybelline Parfum Ruj;Kozmetik;Parfum;Maybelline;697.15;Cocuk;3
7307;Madame Coco Mutfak Dekoratif Lamba;Ev-Yasam;Mutfak;Madame Coco;9162.04;Yetiskin;31
7308;Melissa Doug Egitici Seti;Oyuncak;Egitici;Melissa Doug;3841.38;Yetiskin;23
7309;Iletisim Kisisel Gelisim Romanı/Kitabı;Kitap;Kisisel Gelisim;Iletisim;446.03;Genc;29
7310;Spin Master Egitici Seti;Oyuncak;Egitici;Spin Master;4162.15;Yasli;45
7311;Wilson Ekipman Antrenman Ekipmanı;Spor;Ekipman;Wilson;3328.68;Yetiskin;83
7312;Chanel Bakim Cilt Serumu;Kozmetik;Bakim;Chanel;694.93;Cocuk;38
7313;Chanel Makyaj Ruj;Kozmetik;Makyaj;Chanel;1915.11;Genc;48
7314;Lacoste Klasik Ceket;Moda;Klasik;Lacoste;1463.70;Yasli;84
7315;Pegasus Edebiyat Romanı/Kitabı;Kitap;Edebiyat;Pegasus;397.65;Cocuk;54
7316;Asus Yazilim Kulaklık;Teknoloji;Yazilim;Asus;16627.30;Genc;40
7317;Adidas Sokak Stili Çanta;Moda;Sokak Stili;Adidas;3070.28;Yetiskin;78
7318;Casio Analog Enstrüman;Muzik;Analog;Casio;10199.46;Yetiskin;24
7319;Decathlon Outdoor Koşu Ayakkabısı;Spor;Outdoor;Decathlon;1154.68;Genc;61
7320;Castelli Outdoor Koşu Ayakkabısı;Spor;Outdoor;Castelli;5318.10;Yetiskin;13
7321;Columbia Fitness Eşofman Takımı;Spor;Fitness;Columbia;6872.95;Genc;71
7322;Roland Studyo Pikap;Muzik;Studyo;Roland;18720.28;Yetiskin;63
7323;Karaca Konfor Kahve Makinesi;Ev-Yasam;Konfor;Karaca;2539.18;Yetiskin;21
7324;Salomon Ekipman Koşu Ayakkabısı;Spor;Ekipman;Salomon;887.24;Yetiskin;48
7325;Nivea Parfum Göz Kalemi;Kozmetik;Parfum;Nivea;1425.23;Yasli;87
7326;Levi's Sokak Stili Saat;Moda;Sokak Stili;Levi's;3817.36;Yetiskin;90
7327;Bridgestone Guvenlik Aksesuarı;Otomobil-Aksesuar;Guvenlik;Bridgestone;4904.75;Genc;76
7328;Philips Dekorasyon Kahve Makinesi;Ev-Yasam;Dekorasyon;Philips;1454.30;Genc;7
7329;3M Konfor Aksesuarı;Otomobil-Aksesuar;Konfor;3M;6171.84;Genc;65
7330;Decathlon Ekipman Spor Çantası;Spor;Ekipman;Decathlon;3046.45;Yasli;51
7331;Continental Arac Bakimi Aksesuarı;Otomobil-Aksesuar;Arac Bakimi;Continental;2442.16;Genc;14
7332;Can Yayinlari Kisisel Gelisim Romanı/Kitabı;Kitap;Kisisel Gelisim;Can Yayinlari;472.11;Yasli;18
7333;Melissa Doug Aksiyon Paketi;Oyuncak;Aksiyon;Melissa Doug;4128.29;Yasli;46
7334;Prada Klasik Saat;Moda;Klasik;Prada;5931.97;Yasli;9
7335;SteelSeries Retro Paketi;Oyun;Retro;SteelSeries;683.74;Cocuk;22
7336;Fisher-Price Klasik Seti;Oyuncak;Klasik;Fisher-Price;4347.36;Cocuk;6
7337;HyperX Yayincilik Koleksiyonu;Oyun;Yayincilik;HyperX;3695.70;Yetiskin;90
7338;Canson El Sanatlari Paketi;Hobi-Sanat;El Sanatlari;Canson;2731.13;Genc;51
7339;Reebok Fitness Antrenman Ekipmanı;Spor;Fitness;Reebok;1102.80;Yetiskin;77
7340;Zara Klasik Parfüm;Moda;Klasik;Zara;4344.05;Yasli;92
7341;Chanel Parfum Ruj;Kozmetik;Parfum;Chanel;1052.05;Genc;93
7342;Lacoste Aksesuar Ceket;Moda;Aksesuar;Lacoste;5083.48;Cocuk;5
7343;Sennheiser Sahne Enstrüman;Muzik;Sahne;Sennheiser;16316.10;Yasli;59
7344;Zara Sokak Stili Çanta;Moda;Sokak Stili;Zara;5337.79;Yasli;6
7345;Derwent El Sanatlari Koleksiyonu;Hobi-Sanat;El Sanatlari;Derwent;1591.74;Genc;93
7346;English Home Mutfak Robot Süpürge;Ev-Yasam;Mutfak;English Home;5677.11;Cocuk;1
7347;JBL Analog Enstrüman;Muzik;Analog;JBL;4228.24;Genc;30
7348;Continental Konfor Aksesuarı;Otomobil-Aksesuar;Konfor;Continental;11512.71;Genc;2
7349;Yamaha Sahne Amfi;Muzik;Sahne;Yamaha;3997.27;Yetiskin;76
7350;Bosch Konfor Robot Süpürge;Ev-Yasam;Konfor;Bosch;6550.27;Yetiskin;74
7351;Alfa Yayinlari Kisisel Gelisim Romanı/Kitabı;Kitap;Kisisel Gelisim;Alfa Yayinlari;113.08;Genc;87
7352;Tefal Konfor Dekoratif Lamba;Ev-Yasam;Konfor;Tefal;5166.79;Yetiskin;60
7353;Adidas Klasik Parfüm;Moda;Klasik;Adidas;3493.47;Cocuk;75
7354;Lacoste Klasik Ceket;Moda;Klasik;Lacoste;4200.44;Yetiskin;33
7355;Continental Konfor Aksesuarı;Otomobil-Aksesuar;Konfor;Continental;14567.79;Yetiskin;13
7356;Beko Dekorasyon Nevresim Takımı;Ev-Yasam;Dekorasyon;Beko;10901.53;Cocuk;53
7357;Lenovo Ev Ofis Bilgisayar;Teknoloji;Ev Ofis;Lenovo;20741.51;Yasli;80
7358;Meguiars Arac Bakimi Aksesuarı;Otomobil-Aksesuar;Arac Bakimi;Meguiars;9232.58;Cocuk;25
7359;Meguiars Arac Bakimi Aksesuarı;Otomobil-Aksesuar;Arac Bakimi;Meguiars;9381.63;Yasli;99
7360;Philips Mutfak Dekoratif Lamba;Ev-Yasam;Mutfak;Philips;3632.43;Cocuk;58
7361;Derwent Kirtasiye Seti;Hobi-Sanat;Kirtasiye;Derwent;4525.64;Yasli;89
7362;Corsair E-Spor Paketi;Oyun;E-Spor;Corsair;577.64;Genc;70
7363;Pegasus Tarih Romanı/Kitabı;Kitap;Tarih;Pegasus;92.55;Yetiskin;83
7364;Derwent Resim Paketi;Hobi-Sanat;Resim;Derwent;953.18;Genc;90
7365;Nivea Bakim Göz Kalemi;Kozmetik;Bakim;Nivea;1461.25;Cocuk;62
7366;Huawei Mobil Yasam Kulaklık;Teknoloji;Mobil Yasam;Huawei;3186.19;Yetiskin;8
7367;Melissa Doug Aksiyon Seti;Oyuncak;Aksiyon;Melissa Doug;1086.06;Genc;77
7368;Dogan Kitap Edebiyat Romanı/Kitabı;Kitap;Edebiyat;Dogan Kitap;180.78;Yetiskin;99
7369;Daler Rowney Resim Seti;Hobi-Sanat;Resim;Daler Rowney;2939.85;Genc;13
7370;Karaca Dekorasyon Dekoratif Lamba;Ev-Yasam;Dekorasyon;Karaca;3814.91;Cocuk;67
7371;Everest Kisisel Gelisim Romanı/Kitabı;Kitap;Kisisel Gelisim;Everest;303.45;Genc;67
7372;Winsor Newton Resim Seti;Hobi-Sanat;Resim;Winsor Newton;4886.52;Yasli;51
7373;Zara Sokak Stili Gözlük;Moda;Sokak Stili;Zara;4692.25;Yetiskin;24
7374;Karaca Mutfak Robot Süpürge;Ev-Yasam;Mutfak;Karaca;3113.19;Yasli;15
7375;Castelli Outdoor Eşofman Takımı;Spor;Outdoor;Castelli;1392.36;Yasli;20
7376;Nintendo Yayincilik Koleksiyonu;Oyun;Yayincilik;Nintendo;1189.16;Yetiskin;6
7377;Bosch Guvenlik Aksesuarı;Otomobil-Aksesuar;Guvenlik;Bosch;3338.58;Yasli;28
7378;Michelin Arac Bakimi Aksesuarı;Otomobil-Aksesuar;Arac Bakimi;Michelin;12659.38;Yasli;53
7379;Estee Lauder Makyaj Göz Kalemi;Kozmetik;Makyaj;Estee Lauder;787.32;Genc;40
7380;Wilson Ekipman Eşofman Takımı;Spor;Ekipman;Wilson;1720.57;Cocuk;52
7381;SteelSeries E-Spor Paketi;Oyun;E-Spor;SteelSeries;2809.15;Yasli;43
7382;HP Ev Ofis Bilgisayar;Teknoloji;Ev Ofis;HP;33896.83;Genc;42
7383;Ithaki Edebiyat Romanı/Kitabı;Kitap;Edebiyat;Ithaki;164.40;Genc;12
7384;Daler Rowney El Sanatlari Seti;Hobi-Sanat;El Sanatlari;Daler Rowney;644.60;Yasli;87
7385;3M Arac Bakimi Aksesuarı;Otomobil-Aksesuar;Arac Bakimi;3M;9534.42;Cocuk;27
7386;Clinique Parfum Nemlendirici;Kozmetik;Parfum;Clinique;346.55;Yetiskin;30
7387;Metis Kisisel Gelisim Romanı/Kitabı;Kitap;Kisisel Gelisim;Metis;440.92;Genc;30
7388;North Face Fitness Koşu Ayakkabısı;Spor;Fitness;North Face;6968.33;Genc;68
7389;MGA Entertainment Klasik Seti;Oyuncak;Klasik;MGA Entertainment;1050.05;Yasli;3
7390;Philips Konfor Dekoratif Lamba;Ev-Yasam;Konfor;Philips;767.15;Yetiskin;45
7391;Columbia Ekipman Koşu Ayakkabısı;Spor;Ekipman;Columbia;2905.36;Cocuk;100
7392;Asus Mobil Yasam Tablet;Teknoloji;Mobil Yasam;Asus;11105.94;Cocuk;5
7393;Reebok Ekipman Eşofman Takımı;Spor;Ekipman;Reebok;4255.49;Yasli;46
7394;Iletisim Kisisel Gelisim Romanı/Kitabı;Kitap;Kisisel Gelisim;Iletisim;480.75;Cocuk;70
7395;Castrol Arac Bakimi Aksesuarı;Otomobil-Aksesuar;Arac Bakimi;Castrol;11931.92;Genc;24
7396;Reeves Resim Paketi;Hobi-Sanat;Resim;Reeves;2122.19;Yetiskin;94
7397;Mattel Aksiyon Paketi;Oyuncak;Aksiyon;Mattel;666.96;Cocuk;16
7398;Pasabahce Dekorasyon Nevresim Takımı;Ev-Yasam;Dekorasyon;Pasabahce;2414.52;Yetiskin;28
7399;Adidas Aksesuar Çanta;Moda;Aksesuar;Adidas;5922.61;Genc;40
7400;SteelSeries Retro Koleksiyonu;Oyun;Retro;SteelSeries;4699.57;Yetiskin;81
7401;Castelli Fitness Koşu Ayakkabısı;Spor;Fitness;Castelli;4774.13;Cocuk;48
7402;JBL Sahne DJ Ekipmanı;Muzik;Sahne;JBL;24394.13;Yetiskin;2
7403;Fender Studyo DJ Ekipmanı;Muzik;Studyo;Fender;24955.94;Yetiskin;81
7404;North Face Fitness Antrenman Ekipmanı;Spor;Fitness;North Face;6793.82;Genc;63
7405;Puma Sokak Stili Gözlük;Moda;Sokak Stili;Puma;1084.40;Yetiskin;59
7406;Michelin Guvenlik Aksesuarı;Otomobil-Aksesuar;Guvenlik;Michelin;509.19;Yetiskin;65
7407;JBL Analog DJ Ekipmanı;Muzik;Analog;JBL;19035.42;Cocuk;28
7408;Playmobil Egitici Koleksiyonu;Oyuncak;Egitici;Playmobil;585.92;Yasli;2
7409;Salomon Ekipman Koşu Ayakkabısı;Spor;Ekipman;Salomon;3875.30;Yasli;79
7410;Mattel Egitici Seti;Oyuncak;Egitici;Mattel;3866.85;Yetiskin;48
7411;Pioneer Guvenlik Aksesuarı;Otomobil-Aksesuar;Guvenlik;Pioneer;14571.55;Yasli;98
7412;Reebok Outdoor Eşofman Takımı;Spor;Outdoor;Reebok;4500.27;Yetiskin;66
7413;Dogan Kitap Kisisel Gelisim Romanı/Kitabı;Kitap;Kisisel Gelisim;Dogan Kitap;258.36;Genc;29
7414;Logitech Yayincilik Seti;Oyun;Yayincilik;Logitech;819.50;Yetiskin;79
7415;Bosch Konfor Dekoratif Lamba;Ev-Yasam;Konfor;Bosch;11517.12;Cocuk;23
7416;Mizuno Ekipman Antrenman Ekipmanı;Spor;Ekipman;Mizuno;2799.89;Yasli;72
7417;Estee Lauder Makyaj Nemlendirici;Kozmetik;Makyaj;Estee Lauder;1158.85;Yetiskin;12
7418;MAC Bakim Nemlendirici;Kozmetik;Bakim;MAC;1974.91;Cocuk;2
7419;Yapi Kredi Kisisel Gelisim Romanı/Kitabı;Kitap;Kisisel Gelisim;Yapi Kredi;452.11;Yasli;9
7420;Nintendo Yayincilik Seti;Oyun;Yayincilik;Nintendo;1709.62;Genc;52
7421;Zara Aksesuar Parfüm;Moda;Aksesuar;Zara;3997.50;Yetiskin;62
7422;Yamaha Analog Enstrüman;Muzik;Analog;Yamaha;17348.31;Yetiskin;71
7423;Yapi Kredi Kisisel Gelisim Romanı/Kitabı;Kitap;Kisisel Gelisim;Yapi Kredi;161.96;Genc;28
7424;Gigabyte Yayincilik Paketi;Oyun;Yayincilik;Gigabyte;3524.29;Yetiskin;12
7425;Nivea Makyaj Ruj;Kozmetik;Makyaj;Nivea;866.09;Genc;9
7426;Beko Konfor Dekoratif Lamba;Ev-Yasam;Konfor;Beko;11283.81;Genc;45
7427;Can Yayinlari Tarih Romanı/Kitabı;Kitap;Tarih;Can Yayinlari;406.32;Yasli;40
7428;Lacoste Aksesuar Ceket;Moda;Aksesuar;Lacoste;5513.61;Yasli;18
7429;Zara Klasik Gözlük;Moda;Klasik;Zara;4389.55;Yasli;68
7430;Zara Klasik Ceket;Moda;Klasik;Zara;2401.35;Cocuk;59
7431;Arzum Mutfak Dekoratif Lamba;Ev-Yasam;Mutfak;Arzum;8968.30;Yetiskin;5
7432;Castelli Fitness Spor Çantası;Spor;Fitness;Castelli;2522.60;Yetiskin;9
7433;Chanel Parfum Nemlendirici;Kozmetik;Parfum;Chanel;918.82;Genc;83
7434;Spalding Ekipman Eşofman Takımı;Spor;Ekipman;Spalding;4836.57;Yasli;22
7435;Metis Kisisel Gelisim Romanı/Kitabı;Kitap;Kisisel Gelisim;Metis;441.77;Yasli;87
7436;Yapi Kredi Kisisel Gelisim Romanı/Kitabı;Kitap;Kisisel Gelisim;Yapi Kredi;326.64;Yasli;50
7437;Bridgestone Konfor Aksesuarı;Otomobil-Aksesuar;Konfor;Bridgestone;1586.51;Yasli;20
7438;Under Armour Outdoor Spor Çantası;Spor;Outdoor;Under Armour;4772.23;Yetiskin;63
7439;Asus Yazilim Akıllı Telefon;Teknoloji;Yazilim;Asus;6405.14;Yetiskin;89
7440;LEGO Aksiyon Koleksiyonu;Oyuncak;Aksiyon;LEGO;2432.73;Genc;39
7441;Philips Mutfak Robot Süpürge;Ev-Yasam;Mutfak;Philips;5774.66;Cocuk;18
7442;Hot Wheels Aksiyon Paketi;Oyuncak;Aksiyon;Hot Wheels;4942.21;Genc;70
7443;Arzum Dekorasyon Kahve Makinesi;Ev-Yasam;Dekorasyon;Arzum;807.75;Yetiskin;76
7444;Hot Wheels Egitici Koleksiyonu;Oyuncak;Egitici;Hot Wheels;4944.91;Genc;52
7445;Mizuno Ekipman Spor Çantası;Spor;Ekipman;Mizuno;2857.26;Yetiskin;43
7446;Mizuno Ekipman Spor Çantası;Spor;Ekipman;Mizuno;6115.31;Yasli;82
7447;Zara Aksesuar Gözlük;Moda;Aksesuar;Zara;2930.06;Cocuk;84
7448;Pegasus Edebiyat Romanı/Kitabı;Kitap;Edebiyat;Pegasus;487.55;Genc;74
7449;Bosch Dekorasyon Robot Süpürge;Ev-Yasam;Dekorasyon;Bosch;10431.38;Genc;58
7450;Marshall Studyo Amfi;Muzik;Studyo;Marshall;3966.28;Cocuk;64
7451;Arzum Dekorasyon Robot Süpürge;Ev-Yasam;Dekorasyon;Arzum;6757.42;Genc;34
7452;Bose Studyo Pikap;Muzik;Studyo;Bose;15003.80;Genc;78
7453;Nintendo Yayincilik Paketi;Oyun;Yayincilik;Nintendo;2581.12;Yasli;56
7454;Bose Studyo DJ Ekipmanı;Muzik;Studyo;Bose;19079.56;Yetiskin;26
7455;Reebok Outdoor Eşofman Takımı;Spor;Outdoor;Reebok;6533.01;Yasli;32
7456;H&M Aksesuar Gözlük;Moda;Aksesuar;H&M;3036.14;Yetiskin;71
7457;Reebok Outdoor Koşu Ayakkabısı;Spor;Outdoor;Reebok;1388.63;Yetiskin;8
7458;Beko Konfor Robot Süpürge;Ev-Yasam;Konfor;Beko;10411.28;Genc;92
7459;Faber-Castell Resim Seti;Hobi-Sanat;Resim;Faber-Castell;1112.75;Genc;54
7460;Michelin Arac Bakimi Aksesuarı;Otomobil-Aksesuar;Arac Bakimi;Michelin;2701.23;Yasli;86
7461;Bosch Konfor Aksesuarı;Otomobil-Aksesuar;Konfor;Bosch;11371.04;Yetiskin;49
7462;Mattel Klasik Koleksiyonu;Oyuncak;Klasik;Mattel;214.85;Cocuk;55
7463;Casio Studyo Amfi;Muzik;Studyo;Casio;10407.67;Genc;37
7464;Faber-Castell Kirtasiye Seti;Hobi-Sanat;Kirtasiye;Faber-Castell;3778.85;Genc;90
7465;Hot Wheels Egitici Paketi;Oyuncak;Egitici;Hot Wheels;797.26;Yetiskin;5
7466;Fisher-Price Klasik Paketi;Oyuncak;Klasik;Fisher-Price;4018.90;Genc;48
7467;Goodyear Guvenlik Aksesuarı;Otomobil-Aksesuar;Guvenlik;Goodyear;738.52;Yasli;44
7468;Gucci Klasik Ceket;Moda;Klasik;Gucci;3580.83;Yasli;41
7469;MGA Entertainment Egitici Paketi;Oyuncak;Egitici;MGA Entertainment;976.03;Cocuk;77
7470;Ikea Konfor Nevresim Takımı;Ev-Yasam;Konfor;Ikea;7486.05;Yetiskin;41
7471;Gigabyte E-Spor Seti;Oyun;E-Spor;Gigabyte;4817.79;Cocuk;63
7472;Derwent Kirtasiye Paketi;Hobi-Sanat;Kirtasiye;Derwent;4711.63;Genc;11
7473;H&M Klasik Gözlük;Moda;Klasik;H&M;4729.77;Genc;84
7474;Casio Studyo DJ Ekipmanı;Muzik;Studyo;Casio;21412.73;Genc;83
7475;Under Armour Ekipman Eşofman Takımı;Spor;Ekipman;Under Armour;1600.70;Genc;83
7476;Winsor Newton Kirtasiye Seti;Hobi-Sanat;Kirtasiye;Winsor Newton;1192.31;Yetiskin;26
7477;Puma Aksesuar Çanta;Moda;Aksesuar;Puma;2829.47;Genc;82
7478;Nvidia Retro Koleksiyonu;Oyun;Retro;Nvidia;4352.95;Cocuk;21
7479;Bosch Mutfak Robot Süpürge;Ev-Yasam;Mutfak;Bosch;4039.37;Cocuk;99
7480;Maybelline Makyaj Cilt Serumu;Kozmetik;Makyaj;Maybelline;1656.27;Yetiskin;99
7481;Nike Aksesuar Saat;Moda;Aksesuar;Nike;5337.42;Cocuk;90
7482;Gigabyte E-Spor Koleksiyonu;Oyun;E-Spor;Gigabyte;3829.95;Yasli;66
7483;Chanel Parfum Göz Kalemi;Kozmetik;Parfum;Chanel;277.07;Genc;96
7484;MGA Entertainment Klasik Koleksiyonu;Oyuncak;Klasik;MGA Entertainment;745.04;Yetiskin;2
7485;Pioneer Guvenlik Aksesuarı;Otomobil-Aksesuar;Guvenlik;Pioneer;13713.50;Yetiskin;39
7486;Daler Rowney Kirtasiye Paketi;Hobi-Sanat;Kirtasiye;Daler Rowney;101.98;Genc;10
7487;Playmobil Klasik Koleksiyonu;Oyuncak;Klasik;Playmobil;925.66;Yetiskin;68
7488;Salomon Ekipman Koşu Ayakkabısı;Spor;Ekipman;Salomon;7676.36;Yasli;39
7489;Sparco Arac Bakimi Aksesuarı;Otomobil-Aksesuar;Arac Bakimi;Sparco;11877.90;Yetiskin;82
7490;Chanel Bakim Cilt Serumu;Kozmetik;Bakim;Chanel;1675.02;Yasli;37
7491;Maybelline Parfum Cilt Serumu;Kozmetik;Parfum;Maybelline;356.78;Cocuk;8
7492;MGA Entertainment Egitici Paketi;Oyuncak;Egitici;MGA Entertainment;1155.90;Genc;35
7493;Pebeo El Sanatlari Koleksiyonu;Hobi-Sanat;El Sanatlari;Pebeo;1522.38;Yetiskin;61
7494;Madame Coco Mutfak Dekoratif Lamba;Ev-Yasam;Mutfak;Madame Coco;3396.19;Yetiskin;34
7495;Sephora Parfum Nemlendirici;Kozmetik;Parfum;Sephora;1673.92;Genc;67
7496;Maybelline Parfum Ruj;Kozmetik;Parfum;Maybelline;979.86;Yetiskin;33
7497;Gigabyte Yayincilik Seti;Oyun;Yayincilik;Gigabyte;821.34;Yetiskin;42
7498;Ikea Dekorasyon Dekoratif Lamba;Ev-Yasam;Dekorasyon;Ikea;11711.98;Genc;9
7499;Prismacolor El Sanatlari Koleksiyonu;Hobi-Sanat;El Sanatlari;Prismacolor;1982.54;Yasli;34
7500;HP Yazilim Tablet;Teknoloji;Yazilim;HP;10412.55;Cocuk;87
7501;Tefal Mutfak Nevresim Takımı;Ev-Yasam;Mutfak;Tefal;9729.35;Genc;39
7502;Sephora Bakim Göz Kalemi;Kozmetik;Bakim;Sephora;826.95;Cocuk;35
7503;Sennheiser Analog Amfi;Muzik;Analog;Sennheiser;4504.75;Cocuk;23
7504;Under Armour Ekipman Spor Çantası;Spor;Ekipman;Under Armour;7318.33;Cocuk;81
7505;Hot Wheels Aksiyon Seti;Oyuncak;Aksiyon;Hot Wheels;1156.50;Yasli;6
7506;Hot Wheels Egitici Koleksiyonu;Oyuncak;Egitici;Hot Wheels;3817.03;Yetiskin;30
7507;Logitech E-Spor Seti;Oyun;E-Spor;Logitech;2160.79;Yasli;96
7508;MSI E-Spor Seti;Oyun;E-Spor;MSI;2846.08;Yasli;43
7509;Adidas Klasik Ceket;Moda;Klasik;Adidas;1153.54;Yetiskin;22
7510;Pioneer Konfor Aksesuarı;Otomobil-Aksesuar;Konfor;Pioneer;14286.34;Cocuk;73
7511;Mizuno Ekipman Eşofman Takımı;Spor;Ekipman;Mizuno;1211.12;Genc;85
7512;Meguiars Konfor Aksesuarı;Otomobil-Aksesuar;Konfor;Meguiars;1531.11;Yasli;27
7513;Melissa Doug Aksiyon Paketi;Oyuncak;Aksiyon;Melissa Doug;2787.67;Cocuk;84
7514;SteelSeries Yayincilik Seti;Oyun;Yayincilik;SteelSeries;2862.57;Cocuk;22
7515;Hasbro Egitici Seti;Oyuncak;Egitici;Hasbro;437.75;Yetiskin;22
7516;SteelSeries E-Spor Seti;Oyun;E-Spor;SteelSeries;4113.24;Yasli;12
7517;Nivea Parfum Ruj;Kozmetik;Parfum;Nivea;234.40;Genc;33
7518;Can Yayinlari Kisisel Gelisim Romanı/Kitabı;Kitap;Kisisel Gelisim;Can Yayinlari;209.92;Cocuk;48
7519;Castrol Arac Bakimi Aksesuarı;Otomobil-Aksesuar;Arac Bakimi;Castrol;8529.39;Cocuk;79
7520;Melissa Doug Aksiyon Koleksiyonu;Oyuncak;Aksiyon;Melissa Doug;2153.47;Yetiskin;82
7521;Maybelline Parfum Göz Kalemi;Kozmetik;Parfum;Maybelline;1070.79;Yetiskin;26
7522;Metis Edebiyat Romanı/Kitabı;Kitap;Edebiyat;Metis;59.18;Yasli;38
7523;Nintendo E-Spor Paketi;Oyun;E-Spor;Nintendo;3072.76;Cocuk;93
7524;H&M Sokak Stili Ceket;Moda;Sokak Stili;H&M;1536.69;Yetiskin;100
7525;Hasbro Aksiyon Koleksiyonu;Oyuncak;Aksiyon;Hasbro;2011.57;Yasli;4
7526;3M Arac Bakimi Aksesuarı;Otomobil-Aksesuar;Arac Bakimi;3M;14793.10;Cocuk;34
7527;Bosch Konfor Dekoratif Lamba;Ev-Yasam;Konfor;Bosch;9748.64;Yasli;22
7528;Pasabahce Dekorasyon Robot Süpürge;Ev-Yasam;Dekorasyon;Pasabahce;4977.77;Cocuk;80
7529;Roland Sahne Pikap;Muzik;Sahne;Roland;21824.81;Genc;7
7530;Lenovo Mobil Yasam Akıllı Saat;Teknoloji;Mobil Yasam;Lenovo;43780.73;Yetiskin;60
7531;Puma Sokak Stili Gözlük;Moda;Sokak Stili;Puma;4341.43;Yetiskin;21
7532;Burberry Aksesuar Parfüm;Moda;Aksesuar;Burberry;4207.41;Cocuk;3
7533;MGA Entertainment Egitici Seti;Oyuncak;Egitici;MGA Entertainment;4245.99;Yasli;36
7534;Karaca Dekorasyon Robot Süpürge;Ev-Yasam;Dekorasyon;Karaca;1611.62;Yasli;89
7535;Playmobil Klasik Koleksiyonu;Oyuncak;Klasik;Playmobil;3711.72;Cocuk;100
7536;Prada Aksesuar Parfüm;Moda;Aksesuar;Prada;2093.55;Yetiskin;83
7537;Sparco Konfor Aksesuarı;Otomobil-Aksesuar;Konfor;Sparco;11621.72;Yetiskin;66
7538;Moleskine Kirtasiye Seti;Hobi-Sanat;Kirtasiye;Moleskine;2736.70;Cocuk;86
7539;Roland Sahne Enstrüman;Muzik;Sahne;Roland;16498.33;Cocuk;23
7540;Nintendo E-Spor Seti;Oyun;E-Spor;Nintendo;4017.28;Cocuk;5
7541;Adidas Sokak Stili Saat;Moda;Sokak Stili;Adidas;5095.87;Yasli;38
7542;Fisher-Price Aksiyon Seti;Oyuncak;Aksiyon;Fisher-Price;1728.38;Yasli;96
7543;Pioneer Guvenlik Aksesuarı;Otomobil-Aksesuar;Guvenlik;Pioneer;7839.28;Yasli;99
7544;Mizuno Ekipman Eşofman Takımı;Spor;Ekipman;Mizuno;7555.49;Yetiskin;61
7545;Bosch Mutfak Kahve Makinesi;Ev-Yasam;Mutfak;Bosch;1002.77;Cocuk;58
7546;Goodyear Konfor Aksesuarı;Otomobil-Aksesuar;Konfor;Goodyear;11909.39;Cocuk;100
7547;Yapi Kredi Kisisel Gelisim Romanı/Kitabı;Kitap;Kisisel Gelisim;Yapi Kredi;335.22;Yasli;49
7548;Faber-Castell Resim Paketi;Hobi-Sanat;Resim;Faber-Castell;2432.57;Genc;47
7549;Pioneer Arac Bakimi Aksesuarı;Otomobil-Aksesuar;Arac Bakimi;Pioneer;7639.88;Cocuk;42
7550;Sparco Arac Bakimi Aksesuarı;Otomobil-Aksesuar;Arac Bakimi;Sparco;4154.40;Genc;61
7551;Under Armour Ekipman Antrenman Ekipmanı;Spor;Ekipman;Under Armour;7379.32;Cocuk;62
7552;Yapi Kredi Kisisel Gelisim Romanı/Kitabı;Kitap;Kisisel Gelisim;Yapi Kredi;146.91;Cocuk;15
7553;Chanel Bakim Ruj;Kozmetik;Bakim;Chanel;1394.92;Cocuk;72
7554;Pebeo El Sanatlari Koleksiyonu;Hobi-Sanat;El Sanatlari;Pebeo;4938.95;Yasli;48
7555;Michelin Arac Bakimi Aksesuarı;Otomobil-Aksesuar;Arac Bakimi;Michelin;11682.19;Yasli;88
7556;Gucci Klasik Saat;Moda;Klasik;Gucci;2229.06;Yetiskin;29
7557;LOreal Makyaj Cilt Serumu;Kozmetik;Makyaj;LOreal;1843.06;Yetiskin;97
7558;Canson Resim Paketi;Hobi-Sanat;Resim;Canson;2184.65;Yasli;10
7559;Nintendo Retro Seti;Oyun;Retro;Nintendo;590.33;Cocuk;16
7560;MSI Retro Koleksiyonu;Oyun;Retro;MSI;2714.08;Genc;74
7561;Nike Sokak Stili Saat;Moda;Sokak Stili;Nike;5220.11;Genc;24
7562;Apple Ev Ofis Akıllı Telefon;Teknoloji;Ev Ofis;Apple;44546.52;Genc;70
7563;Zara Sokak Stili Çanta;Moda;Sokak Stili;Zara;2925.64;Cocuk;7
7564;Burberry Sokak Stili Gözlük;Moda;Sokak Stili;Burberry;5383.29;Yetiskin;46
7565;Nivea Parfum Nemlendirici;Kozmetik;Parfum;Nivea;1185.47;Yasli;12
7566;Sephora Bakim Nemlendirici;Kozmetik;Bakim;Sephora;376.08;Genc;15
7567;English Home Dekorasyon Nevresim Takımı;Ev-Yasam;Dekorasyon;English Home;3268.16;Genc;36
7568;Clinique Bakim Cilt Serumu;Kozmetik;Bakim;Clinique;714.22;Yetiskin;9
7569;Ithaki Kisisel Gelisim Romanı/Kitabı;Kitap;Kisisel Gelisim;Ithaki;366.37;Genc;28
7570;Yapi Kredi Edebiyat Romanı/Kitabı;Kitap;Edebiyat;Yapi Kredi;252.63;Cocuk;94
7571;Bosch Mutfak Dekoratif Lamba;Ev-Yasam;Mutfak;Bosch;10938.32;Genc;46
7572;LEGO Klasik Paketi;Oyuncak;Klasik;LEGO;313.32;Yetiskin;33
7573;Bridgestone Konfor Aksesuarı;Otomobil-Aksesuar;Konfor;Bridgestone;3399.60;Yasli;47
7574;Pioneer Arac Bakimi Aksesuarı;Otomobil-Aksesuar;Arac Bakimi;Pioneer;10616.99;Yasli;48
7575;Mattel Klasik Paketi;Oyuncak;Klasik;Mattel;2246.51;Yasli;32
7576;Burberry Aksesuar Gözlük;Moda;Aksesuar;Burberry;1710.91;Yasli;76
7577;Sony Yazilim Akıllı Telefon;Teknoloji;Yazilim;Sony;22243.01;Genc;6
7578;Prada Klasik Parfüm;Moda;Klasik;Prada;1014.48;Yasli;45
7579;JBL Analog Pikap;Muzik;Analog;JBL;13098.85;Genc;52
7580;SteelSeries Yayincilik Seti;Oyun;Yayincilik;SteelSeries;1493.62;Yetiskin;73
7581;Fisher-Price Klasik Paketi;Oyuncak;Klasik;Fisher-Price;3982.14;Yasli;27
7582;Gucci Sokak Stili Saat;Moda;Sokak Stili;Gucci;3029.79;Cocuk;43
7583;Lenovo Ev Ofis Kulaklık;Teknoloji;Ev Ofis;Lenovo;6850.90;Cocuk;6
7584;Karaca Mutfak Robot Süpürge;Ev-Yasam;Mutfak;Karaca;8154.61;Yasli;41
7585;Sephora Parfum Nemlendirici;Kozmetik;Parfum;Sephora;893.19;Yasli;35
7586;Michelin Guvenlik Aksesuarı;Otomobil-Aksesuar;Guvenlik;Michelin;6011.11;Genc;99
7587;Nivea Parfum Cilt Serumu;Kozmetik;Parfum;Nivea;812.87;Cocuk;52
7588;Pebeo El Sanatlari Seti;Hobi-Sanat;El Sanatlari;Pebeo;1306.08;Cocuk;77
7589;Dior Bakim Cilt Serumu;Kozmetik;Bakim;Dior;164.68;Genc;11
7590;Decathlon Fitness Koşu Ayakkabısı;Spor;Fitness;Decathlon;3890.99;Cocuk;70
7591;Arzum Konfor Nevresim Takımı;Ev-Yasam;Konfor;Arzum;3318.66;Yasli;88
7592;Winsor Newton El Sanatlari Koleksiyonu;Hobi-Sanat;El Sanatlari;Winsor Newton;4543.10;Yasli;32
7593;Spalding Fitness Koşu Ayakkabısı;Spor;Fitness;Spalding;1484.23;Yetiskin;84
7594;Marshall Sahne Pikap;Muzik;Sahne;Marshall;17123.07;Genc;66
7595;Bosch Konfor Kahve Makinesi;Ev-Yasam;Konfor;Bosch;3576.18;Cocuk;12
7596;Estee Lauder Makyaj Ruj;Kozmetik;Makyaj;Estee Lauder;816.76;Genc;17
7597;Yapi Kredi Edebiyat Romanı/Kitabı;Kitap;Edebiyat;Yapi Kredi;285.36;Yetiskin;73
7598;Ithaki Tarih Romanı/Kitabı;Kitap;Tarih;Ithaki;157.21;Yetiskin;67
7599;3M Guvenlik Aksesuarı;Otomobil-Aksesuar;Guvenlik;3M;4772.75;Yasli;32
7600;Beko Mutfak Dekoratif Lamba;Ev-Yasam;Mutfak;Beko;404.39;Yetiskin;93
7601;Meguiars Guvenlik Aksesuarı;Otomobil-Aksesuar;Guvenlik;Meguiars;11373.16;Yasli;4
7602;MSI E-Spor Seti;Oyun;E-Spor;MSI;331.12;Yasli;24
7603;Razer E-Spor Koleksiyonu;Oyun;E-Spor;Razer;2951.30;Genc;48
7604;Gibson Sahne Pikap;Muzik;Sahne;Gibson;14497.36;Yasli;70
7605;Sephora Parfum Ruj;Kozmetik;Parfum;Sephora;1570.06;Cocuk;99
7606;Columbia Fitness Koşu Ayakkabısı;Spor;Fitness;Columbia;5501.60;Genc;41
7607;HyperX E-Spor Seti;Oyun;E-Spor;HyperX;2399.75;Cocuk;39
7608;Reeves El Sanatlari Koleksiyonu;Hobi-Sanat;El Sanatlari;Reeves;4107.89;Cocuk;17
7609;Prismacolor El Sanatlari Seti;Hobi-Sanat;El Sanatlari;Prismacolor;212.99;Genc;27
7610;LG Mobil Yasam Kulaklık;Teknoloji;Mobil Yasam;LG;26552.46;Yetiskin;48
7611;Philips Konfor Robot Süpürge;Ev-Yasam;Konfor;Philips;2023.12;Yetiskin;93
7612;Bosch Arac Bakimi Aksesuarı;Otomobil-Aksesuar;Arac Bakimi;Bosch;6942.58;Yasli;26
7613;Nike Aksesuar Ceket;Moda;Aksesuar;Nike;1948.59;Yasli;14
7614;Bose Studyo Pikap;Muzik;Studyo;Bose;7519.11;Cocuk;74
7615;Melissa Doug Klasik Seti;Oyuncak;Klasik;Melissa Doug;4210.93;Yetiskin;33
7616;Puma Klasik Saat;Moda;Klasik;Puma;4270.39;Yetiskin;83
7617;Columbia Fitness Koşu Ayakkabısı;Spor;Fitness;Columbia;4544.30;Genc;3
7618;Burberry Sokak Stili Saat;Moda;Sokak Stili;Burberry;356.53;Genc;71
7619;Mattel Aksiyon Seti;Oyuncak;Aksiyon;Mattel;1993.46;Yetiskin;95
7620;Continental Guvenlik Aksesuarı;Otomobil-Aksesuar;Guvenlik;Continental;2447.65;Yetiskin;13
7621;Playmobil Egitici Paketi;Oyuncak;Egitici;Playmobil;3630.46;Yetiskin;7
7622;Levi's Sokak Stili Gözlük;Moda;Sokak Stili;Levi's;4774.24;Genc;22
7623;Mattel Egitici Seti;Oyuncak;Egitici;Mattel;1412.49;Yasli;12
7624;Decathlon Fitness Spor Çantası;Spor;Fitness;Decathlon;5325.96;Yasli;59
7625;Gucci Klasik Ceket;Moda;Klasik;Gucci;353.85;Yasli;51
7626;Can Yayinlari Tarih Romanı/Kitabı;Kitap;Tarih;Can Yayinlari;53.79;Cocuk;39
7627;Nivea Parfum Ruj;Kozmetik;Parfum;Nivea;1584.59;Yasli;67
7628;Playmobil Aksiyon Koleksiyonu;Oyuncak;Aksiyon;Playmobil;299.38;Yasli;35
7629;Nike Klasik Ceket;Moda;Klasik;Nike;5909.10;Yasli;55
7630;Sennheiser Sahne DJ Ekipmanı;Muzik;Sahne;Sennheiser;10741.87;Yasli;40
7631;Canson El Sanatlari Seti;Hobi-Sanat;El Sanatlari;Canson;3774.27;Cocuk;10
7632;Fender Sahne DJ Ekipmanı;Muzik;Sahne;Fender;9221.16;Genc;17
7633;Arzum Mutfak Kahve Makinesi;Ev-Yasam;Mutfak;Arzum;6242.45;Genc;36
7634;Fisher-Price Klasik Seti;Oyuncak;Klasik;Fisher-Price;1017.89;Yasli;33
7635;Reeves Kirtasiye Koleksiyonu;Hobi-Sanat;Kirtasiye;Reeves;4299.42;Yetiskin;89
7636;Mattel Aksiyon Paketi;Oyuncak;Aksiyon;Mattel;1896.96;Yasli;90
7637;Beko Dekorasyon Dekoratif Lamba;Ev-Yasam;Dekorasyon;Beko;8797.04;Genc;63
7638;Is Bankasi Yayinlari Kisisel Gelisim Romanı/Kitabı;Kitap;Kisisel Gelisim;Is Bankasi Yayinlari;232.17;Cocuk;52
7639;Beko Konfor Kahve Makinesi;Ev-Yasam;Konfor;Beko;10067.49;Yetiskin;53
7640;Salomon Outdoor Antrenman Ekipmanı;Spor;Outdoor;Salomon;4700.78;Yetiskin;74
7641;Canson El Sanatlari Paketi;Hobi-Sanat;El Sanatlari;Canson;2178.64;Genc;50
7642;Spalding Fitness Eşofman Takımı;Spor;Fitness;Spalding;3677.85;Yasli;88
7643;Asus Mobil Yasam Akıllı Saat;Teknoloji;Mobil Yasam;Asus;43301.99;Yasli;46
7644;Nivea Parfum Ruj;Kozmetik;Parfum;Nivea;736.05;Yasli;44
7645;Ikea Dekorasyon Nevresim Takımı;Ev-Yasam;Dekorasyon;Ikea;9561.87;Cocuk;20
7646;Hot Wheels Aksiyon Paketi;Oyuncak;Aksiyon;Hot Wheels;2184.81;Yetiskin;38
7647;Gibson Studyo Enstrüman;Muzik;Studyo;Gibson;24022.21;Yasli;71
7648;Yamaha Studyo Pikap;Muzik;Studyo;Yamaha;10583.34;Yasli;64
7649;Castelli Ekipman Spor Çantası;Spor;Ekipman;Castelli;5501.53;Yetiskin;69
7650;Metis Kisisel Gelisim Romanı/Kitabı;Kitap;Kisisel Gelisim;Metis;392.15;Cocuk;14
7651;Fender Sahne Amfi;Muzik;Sahne;Fender;8226.68;Yasli;51
7652;H&M Sokak Stili Gözlük;Moda;Sokak Stili;H&M;5907.66;Yasli;65
7653;Mizuno Ekipman Antrenman Ekipmanı;Spor;Ekipman;Mizuno;1645.07;Genc;87
7654;Zara Sokak Stili Saat;Moda;Sokak Stili;Zara;377.21;Cocuk;59
7655;Michelin Guvenlik Aksesuarı;Otomobil-Aksesuar;Guvenlik;Michelin;12167.49;Cocuk;85
7656;Arzum Dekorasyon Nevresim Takımı;Ev-Yasam;Dekorasyon;Arzum;11335.18;Yasli;5
7657;Spin Master Klasik Koleksiyonu;Oyuncak;Klasik;Spin Master;526.11;Yetiskin;41
7658;Yapi Kredi Tarih Romanı/Kitabı;Kitap;Tarih;Yapi Kredi;109.14;Cocuk;67
7659;MAC Parfum Ruj;Kozmetik;Parfum;MAC;722.03;Yasli;66
7660;Beko Dekorasyon Dekoratif Lamba;Ev-Yasam;Dekorasyon;Beko;3863.40;Genc;25
7661;Arzum Dekorasyon Nevresim Takımı;Ev-Yasam;Dekorasyon;Arzum;11452.50;Cocuk;86
7662;Apple Ev Ofis Bilgisayar;Teknoloji;Ev Ofis;Apple;28417.81;Yasli;44
7663;Zara Aksesuar Gözlük;Moda;Aksesuar;Zara;3952.83;Yetiskin;46
7664;Madame Coco Konfor Dekoratif Lamba;Ev-Yasam;Konfor;Madame Coco;3432.02;Genc;23
7665;Is Bankasi Yayinlari Kisisel Gelisim Romanı/Kitabı;Kitap;Kisisel Gelisim;Is Bankasi Yayinlari;319.79;Yasli;82
7666;Continental Konfor Aksesuarı;Otomobil-Aksesuar;Konfor;Continental;1985.47;Genc;42
7667;Yapi Kredi Edebiyat Romanı/Kitabı;Kitap;Edebiyat;Yapi Kredi;131.17;Yasli;99
7668;Ithaki Edebiyat Romanı/Kitabı;Kitap;Edebiyat;Ithaki;487.16;Genc;39
7669;Derwent Kirtasiye Koleksiyonu;Hobi-Sanat;Kirtasiye;Derwent;3060.34;Genc;15
7670;Decathlon Fitness Koşu Ayakkabısı;Spor;Fitness;Decathlon;3529.80;Cocuk;97
7671;Apple Mobil Yasam Tablet;Teknoloji;Mobil Yasam;Apple;12181.85;Cocuk;55
7672;Lancome Bakim Cilt Serumu;Kozmetik;Bakim;Lancome;1696.55;Genc;84
7673;Karaca Dekorasyon Kahve Makinesi;Ev-Yasam;Dekorasyon;Karaca;5661.22;Genc;21
7674;Prismacolor Kirtasiye Koleksiyonu;Hobi-Sanat;Kirtasiye;Prismacolor;4156.45;Yetiskin;44
7675;Lenovo Ev Ofis Tablet;Teknoloji;Ev Ofis;Lenovo;6550.77;Cocuk;84
7676;Castelli Outdoor Antrenman Ekipmanı;Spor;Outdoor;Castelli;5363.86;Cocuk;42
7677;Sennheiser Analog DJ Ekipmanı;Muzik;Analog;Sennheiser;24251.94;Genc;54
7678;Arzum Dekorasyon Dekoratif Lamba;Ev-Yasam;Dekorasyon;Arzum;5088.14;Genc;14
7679;Pioneer Konfor Aksesuarı;Otomobil-Aksesuar;Konfor;Pioneer;13402.21;Genc;31
7680;Sparco Arac Bakimi Aksesuarı;Otomobil-Aksesuar;Arac Bakimi;Sparco;9971.62;Cocuk;90
7681;Roland Sahne DJ Ekipmanı;Muzik;Sahne;Roland;18292.56;Yetiskin;35
7682;Razer E-Spor Koleksiyonu;Oyun;E-Spor;Razer;2255.47;Yetiskin;6
7683;Corsair Retro Koleksiyonu;Oyun;Retro;Corsair;2150.56;Yasli;72
7684;Decathlon Ekipman Eşofman Takımı;Spor;Ekipman;Decathlon;4047.50;Yasli;80
7685;Daler Rowney Kirtasiye Paketi;Hobi-Sanat;Kirtasiye;Daler Rowney;140.51;Cocuk;98
7686;Faber-Castell El Sanatlari Koleksiyonu;Hobi-Sanat;El Sanatlari;Faber-Castell;3700.17;Yasli;39
7687;Derwent El Sanatlari Paketi;Hobi-Sanat;El Sanatlari;Derwent;1142.03;Cocuk;11
7688;Nike Aksesuar Çanta;Moda;Aksesuar;Nike;1823.70;Yetiskin;5
7689;Derwent Kirtasiye Koleksiyonu;Hobi-Sanat;Kirtasiye;Derwent;3353.29;Genc;38
7690;Columbia Ekipman Koşu Ayakkabısı;Spor;Ekipman;Columbia;4681.73;Cocuk;37
7691;Sparco Guvenlik Aksesuarı;Otomobil-Aksesuar;Guvenlik;Sparco;632.06;Yetiskin;29
7692;English Home Konfor Nevresim Takımı;Ev-Yasam;Konfor;English Home;5591.08;Cocuk;71
7693;Chanel Makyaj Göz Kalemi;Kozmetik;Makyaj;Chanel;1007.29;Cocuk;46
7694;Alfa Yayinlari Kisisel Gelisim Romanı/Kitabı;Kitap;Kisisel Gelisim;Alfa Yayinlari;429.95;Genc;61
7695;Melissa Doug Klasik Koleksiyonu;Oyuncak;Klasik;Melissa Doug;810.58;Yasli;92
7696;Meguiars Konfor Aksesuarı;Otomobil-Aksesuar;Konfor;Meguiars;2662.09;Genc;76
7697;Gibson Sahne Pikap;Muzik;Sahne;Gibson;17397.77;Genc;57
7698;Michelin Konfor Aksesuarı;Otomobil-Aksesuar;Konfor;Michelin;7025.48;Yetiskin;61
7699;Hasbro Egitici Koleksiyonu;Oyuncak;Egitici;Hasbro;1896.05;Yetiskin;22
7700;Metis Tarih Romanı/Kitabı;Kitap;Tarih;Metis;445.19;Cocuk;81
7701;Huawei Ev Ofis Bilgisayar;Teknoloji;Ev Ofis;Huawei;39748.67;Cocuk;81
7702;Lancome Parfum Cilt Serumu;Kozmetik;Parfum;Lancome;1191.69;Yasli;61
7703;JBL Studyo Enstrüman;Muzik;Studyo;JBL;15275.14;Genc;26
7704;Daler Rowney Kirtasiye Seti;Hobi-Sanat;Kirtasiye;Daler Rowney;699.56;Yetiskin;81
7705;Estee Lauder Parfum Cilt Serumu;Kozmetik;Parfum;Estee Lauder;976.58;Genc;9
7706;Daler Rowney Kirtasiye Paketi;Hobi-Sanat;Kirtasiye;Daler Rowney;4665.79;Cocuk;34
7707;Estee Lauder Makyaj Ruj;Kozmetik;Makyaj;Estee Lauder;561.72;Yasli;18
7708;Moleskine Kirtasiye Koleksiyonu;Hobi-Sanat;Kirtasiye;Moleskine;2751.77;Yetiskin;61
7709;Daler Rowney Resim Paketi;Hobi-Sanat;Resim;Daler Rowney;4711.96;Yasli;14
7710;Metis Edebiyat Romanı/Kitabı;Kitap;Edebiyat;Metis;141.99;Cocuk;25
7711;Beko Mutfak Nevresim Takımı;Ev-Yasam;Mutfak;Beko;9599.88;Yasli;74
7712;Samsung Yazilim Tablet;Teknoloji;Yazilim;Samsung;30518.38;Genc;4
7713;Prada Sokak Stili Gözlük;Moda;Sokak Stili;Prada;580.52;Yetiskin;53
7714;Marshall Analog Enstrüman;Muzik;Analog;Marshall;15458.57;Cocuk;17
7715;Ithaki Edebiyat Romanı/Kitabı;Kitap;Edebiyat;Ithaki;122.74;Cocuk;10
7716;Xiaomi Ev Ofis Akıllı Saat;Teknoloji;Ev Ofis;Xiaomi;35702.92;Cocuk;23
7717;Maybelline Makyaj Ruj;Kozmetik;Makyaj;Maybelline;856.85;Genc;87
7718;Salomon Ekipman Antrenman Ekipmanı;Spor;Ekipman;Salomon;4098.99;Genc;25
7719;Pebeo Kirtasiye Seti;Hobi-Sanat;Kirtasiye;Pebeo;3894.04;Genc;95
7720;Canson Kirtasiye Seti;Hobi-Sanat;Kirtasiye;Canson;2840.98;Cocuk;90
7721;Spalding Outdoor Eşofman Takımı;Spor;Outdoor;Spalding;7593.75;Genc;15
7722;Nintendo Yayincilik Paketi;Oyun;Yayincilik;Nintendo;1819.35;Yetiskin;33
7723;Sephora Parfum Ruj;Kozmetik;Parfum;Sephora;1931.52;Yasli;63
7724;Castrol Guvenlik Aksesuarı;Otomobil-Aksesuar;Guvenlik;Castrol;980.85;Yasli;80
7725;Pegasus Edebiyat Romanı/Kitabı;Kitap;Edebiyat;Pegasus;209.17;Genc;13
7726;English Home Konfor Robot Süpürge;Ev-Yasam;Konfor;English Home;2999.58;Yasli;70
7727;Asus Yazilim Akıllı Telefon;Teknoloji;Yazilim;Asus;11816.10;Cocuk;59
7728;Yamaha Studyo Amfi;Muzik;Studyo;Yamaha;4609.05;Yetiskin;16
7729;Lacoste Klasik Parfüm;Moda;Klasik;Lacoste;4404.73;Genc;47
7730;Burberry Klasik Ceket;Moda;Klasik;Burberry;3630.55;Cocuk;91
7731;Yamaha Sahne DJ Ekipmanı;Muzik;Sahne;Yamaha;17461.91;Yasli;28
7732;Sparco Konfor Aksesuarı;Otomobil-Aksesuar;Konfor;Sparco;5740.87;Cocuk;80
7733;Adidas Sokak Stili Ceket;Moda;Sokak Stili;Adidas;4831.32;Yasli;46
7734;Sephora Makyaj Cilt Serumu;Kozmetik;Makyaj;Sephora;1635.74;Cocuk;3
7735;Everest Edebiyat Romanı/Kitabı;Kitap;Edebiyat;Everest;179.08;Genc;68
7736;Under Armour Fitness Antrenman Ekipmanı;Spor;Fitness;Under Armour;3283.48;Yasli;59
7737;Logitech E-Spor Paketi;Oyun;E-Spor;Logitech;490.59;Yasli;98
7738;SteelSeries E-Spor Koleksiyonu;Oyun;E-Spor;SteelSeries;3314.88;Genc;45
7739;Lancome Parfum Nemlendirici;Kozmetik;Parfum;Lancome;1742.27;Genc;77
7740;Burberry Klasik Ceket;Moda;Klasik;Burberry;3934.02;Yetiskin;87
7741;Hot Wheels Aksiyon Koleksiyonu;Oyuncak;Aksiyon;Hot Wheels;164.48;Yetiskin;46
7742;3M Konfor Aksesuarı;Otomobil-Aksesuar;Konfor;3M;6029.56;Genc;47
7743;Castelli Fitness Eşofman Takımı;Spor;Fitness;Castelli;3086.12;Yasli;23
7744;Gucci Aksesuar Saat;Moda;Aksesuar;Gucci;879.25;Yetiskin;93
7745;Nivea Bakim Ruj;Kozmetik;Bakim;Nivea;322.31;Yetiskin;44
7746;Sparco Konfor Aksesuarı;Otomobil-Aksesuar;Konfor;Sparco;3032.37;Cocuk;69
7747;3M Arac Bakimi Aksesuarı;Otomobil-Aksesuar;Arac Bakimi;3M;12115.75;Yasli;6
7748;Gucci Aksesuar Çanta;Moda;Aksesuar;Gucci;5565.99;Yetiskin;86
7749;Ikea Dekorasyon Dekoratif Lamba;Ev-Yasam;Dekorasyon;Ikea;1680.74;Genc;32
7750;Sony Mobil Yasam Akıllı Telefon;Teknoloji;Mobil Yasam;Sony;33374.27;Genc;80
7751;Sparco Konfor Aksesuarı;Otomobil-Aksesuar;Konfor;Sparco;12451.87;Yetiskin;72
7752;Reebok Ekipman Eşofman Takımı;Spor;Ekipman;Reebok;1655.27;Cocuk;82
7753;Roland Sahne Enstrüman;Muzik;Sahne;Roland;10126.37;Genc;6
7754;Gigabyte Yayincilik Paketi;Oyun;Yayincilik;Gigabyte;3561.12;Cocuk;14
7755;Dogan Kitap Edebiyat Romanı/Kitabı;Kitap;Edebiyat;Dogan Kitap;388.33;Genc;50
7756;Burberry Sokak Stili Ceket;Moda;Sokak Stili;Burberry;4542.31;Cocuk;19
7757;MSI E-Spor Paketi;Oyun;E-Spor;MSI;2398.67;Yasli;7
7758;Estee Lauder Bakim Göz Kalemi;Kozmetik;Bakim;Estee Lauder;1329.99;Genc;53
7759;Gibson Analog Pikap;Muzik;Analog;Gibson;14019.60;Cocuk;23
7760;Yamaha Studyo Enstrüman;Muzik;Studyo;Yamaha;1051.41;Cocuk;27
7761;Nvidia Yayincilik Koleksiyonu;Oyun;Yayincilik;Nvidia;1035.06;Yetiskin;75
7762;Nivea Parfum Nemlendirici;Kozmetik;Parfum;Nivea;310.34;Yetiskin;6
7763;MGA Entertainment Aksiyon Paketi;Oyuncak;Aksiyon;MGA Entertainment;4394.67;Yasli;21
7764;Levi's Sokak Stili Parfüm;Moda;Sokak Stili;Levi's;447.80;Genc;82
7765;Pioneer Guvenlik Aksesuarı;Otomobil-Aksesuar;Guvenlik;Pioneer;14920.52;Yasli;28
7766;Canson Kirtasiye Paketi;Hobi-Sanat;Kirtasiye;Canson;4175.96;Cocuk;5
7767;Meguiars Konfor Aksesuarı;Otomobil-Aksesuar;Konfor;Meguiars;14178.98;Genc;94
7768;Derwent El Sanatlari Paketi;Hobi-Sanat;El Sanatlari;Derwent;3010.18;Yasli;88
7769;Michelin Guvenlik Aksesuarı;Otomobil-Aksesuar;Guvenlik;Michelin;2283.28;Yetiskin;36
7770;Sony Mobil Yasam Kulaklık;Teknoloji;Mobil Yasam;Sony;27222.27;Genc;69
7771;Mizuno Ekipman Antrenman Ekipmanı;Spor;Ekipman;Mizuno;4171.67;Genc;93
7772;Is Bankasi Yayinlari Edebiyat Romanı/Kitabı;Kitap;Edebiyat;Is Bankasi Yayinlari;142.25;Yetiskin;3
7773;Burberry Aksesuar Saat;Moda;Aksesuar;Burberry;4188.03;Cocuk;30
7774;Corsair Yayincilik Seti;Oyun;Yayincilik;Corsair;2282.11;Cocuk;23
7775;Iletisim Tarih Romanı/Kitabı;Kitap;Tarih;Iletisim;456.43;Yetiskin;13
7776;Castelli Fitness Antrenman Ekipmanı;Spor;Fitness;Castelli;7452.66;Cocuk;52
7777;SteelSeries E-Spor Koleksiyonu;Oyun;E-Spor;SteelSeries;252.17;Yetiskin;95
7778;VTech Aksiyon Seti;Oyuncak;Aksiyon;VTech;3944.74;Yasli;46
7779;Dior Parfum Nemlendirici;Kozmetik;Parfum;Dior;1813.22;Genc;29
7780;Levi's Klasik Gözlük;Moda;Klasik;Levi's;4738.43;Cocuk;43
7781;Ithaki Kisisel Gelisim Romanı/Kitabı;Kitap;Kisisel Gelisim;Ithaki;463.61;Yasli;27
7782;Karaca Dekorasyon Robot Süpürge;Ev-Yasam;Dekorasyon;Karaca;5891.17;Yasli;43
7783;Prada Aksesuar Çanta;Moda;Aksesuar;Prada;4636.73;Cocuk;45
7784;Iletisim Edebiyat Romanı/Kitabı;Kitap;Edebiyat;Iletisim;187.44;Cocuk;73
7785;Reebok Fitness Koşu Ayakkabısı;Spor;Fitness;Reebok;6249.01;Cocuk;94
7786;Wilson Outdoor Eşofman Takımı;Spor;Outdoor;Wilson;7100.86;Yasli;88
7787;Castelli Outdoor Spor Çantası;Spor;Outdoor;Castelli;1647.96;Yetiskin;39
7788;Everest Kisisel Gelisim Romanı/Kitabı;Kitap;Kisisel Gelisim;Everest;385.21;Yasli;99
7789;Logitech Retro Seti;Oyun;Retro;Logitech;1846.05;Yasli;98
7790;Nike Sokak Stili Parfüm;Moda;Sokak Stili;Nike;3456.31;Yasli;31
7791;Apple Yazilim Bilgisayar;Teknoloji;Yazilim;Apple;31339.96;Genc;88
7792;Moleskine Resim Seti;Hobi-Sanat;Resim;Moleskine;3488.93;Cocuk;46
7793;Lenovo Ev Ofis Akıllı Saat;Teknoloji;Ev Ofis;Lenovo;31931.23;Yetiskin;61
7794;LG Yazilim Akıllı Telefon;Teknoloji;Yazilim;LG;4870.79;Yetiskin;30
7795;Huawei Mobil Yasam Akıllı Saat;Teknoloji;Mobil Yasam;Huawei;15969.22;Genc;19
7796;VTech Klasik Seti;Oyuncak;Klasik;VTech;3542.46;Cocuk;26
7797;MSI E-Spor Seti;Oyun;E-Spor;MSI;3101.80;Genc;66
7798;MSI E-Spor Paketi;Oyun;E-Spor;MSI;2186.31;Yetiskin;88
7799;Corsair E-Spor Koleksiyonu;Oyun;E-Spor;Corsair;4473.64;Cocuk;22
7800;Burberry Sokak Stili Ceket;Moda;Sokak Stili;Burberry;1821.96;Yasli;91
7801;Pegasus Tarih Romanı/Kitabı;Kitap;Tarih;Pegasus;98.19;Genc;58
7802;Razer E-Spor Seti;Oyun;E-Spor;Razer;752.95;Genc;50
7803;Audio-Technica Studyo DJ Ekipmanı;Muzik;Studyo;Audio-Technica;6132.04;Cocuk;66
7804;Goodyear Arac Bakimi Aksesuarı;Otomobil-Aksesuar;Arac Bakimi;Goodyear;11263.45;Cocuk;37
7805;Bose Sahne Enstrüman;Muzik;Sahne;Bose;16860.46;Genc;97
7806;Adidas Sokak Stili Parfüm;Moda;Sokak Stili;Adidas;1833.29;Yasli;13
7807;Pioneer Guvenlik Aksesuarı;Otomobil-Aksesuar;Guvenlik;Pioneer;2725.59;Yasli;65
7808;Gigabyte E-Spor Koleksiyonu;Oyun;E-Spor;Gigabyte;2660.87;Yetiskin;15
7809;Philips Dekorasyon Kahve Makinesi;Ev-Yasam;Dekorasyon;Philips;10179.13;Cocuk;85
7810;Hasbro Klasik Paketi;Oyuncak;Klasik;Hasbro;104.11;Yasli;54
7811;Winsor Newton Kirtasiye Paketi;Hobi-Sanat;Kirtasiye;Winsor Newton;2408.55;Yasli;81
7812;Salomon Ekipman Antrenman Ekipmanı;Spor;Ekipman;Salomon;3351.51;Cocuk;79
7813;Gibson Sahne Pikap;Muzik;Sahne;Gibson;5953.71;Genc;92
7814;Philips Mutfak Dekoratif Lamba;Ev-Yasam;Mutfak;Philips;7018.15;Yasli;14
7815;Bridgestone Konfor Aksesuarı;Otomobil-Aksesuar;Konfor;Bridgestone;8852.60;Genc;34
7816;Marshall Studyo Pikap;Muzik;Studyo;Marshall;10801.15;Cocuk;19
7817;Philips Dekorasyon Nevresim Takımı;Ev-Yasam;Dekorasyon;Philips;7628.43;Genc;63
7818;Lancome Makyaj Cilt Serumu;Kozmetik;Makyaj;Lancome;1672.65;Cocuk;57
7819;H&M Aksesuar Çanta;Moda;Aksesuar;H&M;2590.58;Genc;84
7820;Tefal Dekorasyon Robot Süpürge;Ev-Yasam;Dekorasyon;Tefal;1026.78;Genc;87
7821;Casio Studyo Pikap;Muzik;Studyo;Casio;24395.88;Yasli;69
7822;Casio Studyo DJ Ekipmanı;Muzik;Studyo;Casio;14619.93;Yetiskin;13
7823;Castrol Konfor Aksesuarı;Otomobil-Aksesuar;Konfor;Castrol;11304.77;Yetiskin;51
7824;Salomon Ekipman Spor Çantası;Spor;Ekipman;Salomon;5291.41;Yasli;21
7825;Madame Coco Mutfak Kahve Makinesi;Ev-Yasam;Mutfak;Madame Coco;8519.97;Yasli;61
7826;LEGO Aksiyon Seti;Oyuncak;Aksiyon;LEGO;1947.87;Yasli;67
7827;LEGO Aksiyon Seti;Oyuncak;Aksiyon;LEGO;4273.55;Yasli;29
7828;Dell Yazilim Bilgisayar;Teknoloji;Yazilim;Dell;3654.21;Yasli;82
7829;Sony Yazilim Tablet;Teknoloji;Yazilim;Sony;23834.48;Cocuk;96
7830;Yamaha Sahne Enstrüman;Muzik;Sahne;Yamaha;24597.90;Genc;35
7831;Levi's Aksesuar Saat;Moda;Aksesuar;Levi's;3249.58;Genc;11
7832;Yapi Kredi Kisisel Gelisim Romanı/Kitabı;Kitap;Kisisel Gelisim;Yapi Kredi;377.15;Yetiskin;30
7833;Winsor Newton El Sanatlari Koleksiyonu;Hobi-Sanat;El Sanatlari;Winsor Newton;3542.19;Yasli;49
7834;Under Armour Outdoor Antrenman Ekipmanı;Spor;Outdoor;Under Armour;766.61;Yasli;41
7835;Yapi Kredi Tarih Romanı/Kitabı;Kitap;Tarih;Yapi Kredi;492.59;Yetiskin;19
7836;Nvidia Yayincilik Koleksiyonu;Oyun;Yayincilik;Nvidia;4386.62;Cocuk;8
7837;Maybelline Bakim Cilt Serumu;Kozmetik;Bakim;Maybelline;1418.14;Yetiskin;25
7838;Philips Konfor Robot Süpürge;Ev-Yasam;Konfor;Philips;6824.37;Yasli;4
7839;Bridgestone Guvenlik Aksesuarı;Otomobil-Aksesuar;Guvenlik;Bridgestone;8956.73;Yasli;47
7840;Fender Sahne Amfi;Muzik;Sahne;Fender;13015.78;Yetiskin;42
7841;Estee Lauder Parfum Ruj;Kozmetik;Parfum;Estee Lauder;357.35;Yetiskin;97
7842;Razer Retro Seti;Oyun;Retro;Razer;4069.59;Yasli;48
7843;Dogan Kitap Kisisel Gelisim Romanı/Kitabı;Kitap;Kisisel Gelisim;Dogan Kitap;267.84;Genc;17
7844;Gibson Sahne DJ Ekipmanı;Muzik;Sahne;Gibson;3736.92;Yetiskin;64
7845;Dior Parfum Nemlendirici;Kozmetik;Parfum;Dior;1370.24;Yasli;31
7846;Arzum Dekorasyon Kahve Makinesi;Ev-Yasam;Dekorasyon;Arzum;5396.08;Yetiskin;54
7847;Clinique Bakim Göz Kalemi;Kozmetik;Bakim;Clinique;603.12;Yasli;99
7848;Adidas Sokak Stili Saat;Moda;Sokak Stili;Adidas;3433.31;Genc;53
7849;JBL Studyo Amfi;Muzik;Studyo;JBL;17706.51;Cocuk;72
7850;Arzum Konfor Dekoratif Lamba;Ev-Yasam;Konfor;Arzum;9468.82;Cocuk;22
7851;Reebok Ekipman Eşofman Takımı;Spor;Ekipman;Reebok;2263.71;Yasli;89
7852;Dell Ev Ofis Tablet;Teknoloji;Ev Ofis;Dell;43889.87;Yasli;31
7853;Ithaki Edebiyat Romanı/Kitabı;Kitap;Edebiyat;Ithaki;133.41;Yetiskin;56
7854;Prismacolor Kirtasiye Paketi;Hobi-Sanat;Kirtasiye;Prismacolor;919.13;Yetiskin;79
7855;Alfa Yayinlari Kisisel Gelisim Romanı/Kitabı;Kitap;Kisisel Gelisim;Alfa Yayinlari;337.52;Cocuk;73
7856;Reebok Ekipman Koşu Ayakkabısı;Spor;Ekipman;Reebok;3120.95;Cocuk;2
7857;Xiaomi Yazilim Tablet;Teknoloji;Yazilim;Xiaomi;32856.59;Cocuk;48
7858;Nivea Parfum Göz Kalemi;Kozmetik;Parfum;Nivea;185.04;Genc;62
7859;Adidas Aksesuar Gözlük;Moda;Aksesuar;Adidas;5687.48;Cocuk;85
7860;Canson Kirtasiye Koleksiyonu;Hobi-Sanat;Kirtasiye;Canson;254.56;Yetiskin;94
7861;Adidas Aksesuar Ceket;Moda;Aksesuar;Adidas;2560.94;Yetiskin;64
7862;Corsair Retro Koleksiyonu;Oyun;Retro;Corsair;4525.53;Cocuk;100
7863;Mattel Egitici Koleksiyonu;Oyuncak;Egitici;Mattel;3934.10;Yasli;93
7864;Pegasus Edebiyat Romanı/Kitabı;Kitap;Edebiyat;Pegasus;207.78;Yetiskin;75
7865;Estee Lauder Makyaj Cilt Serumu;Kozmetik;Makyaj;Estee Lauder;1955.19;Yetiskin;91
7866;Liquitex El Sanatlari Seti;Hobi-Sanat;El Sanatlari;Liquitex;2261.49;Yetiskin;22
7867;Estee Lauder Makyaj Göz Kalemi;Kozmetik;Makyaj;Estee Lauder;472.77;Genc;77
7868;Philips Dekorasyon Nevresim Takımı;Ev-Yasam;Dekorasyon;Philips;5797.22;Cocuk;100
7869;Derwent El Sanatlari Koleksiyonu;Hobi-Sanat;El Sanatlari;Derwent;3182.78;Genc;23
7870;LG Yazilim Kulaklık;Teknoloji;Yazilim;LG;8450.38;Cocuk;71
7871;Mizuno Ekipman Spor Çantası;Spor;Ekipman;Mizuno;1664.85;Yasli;44
7872;LG Yazilim Akıllı Telefon;Teknoloji;Yazilim;LG;12839.38;Yasli;81
7873;Yapi Kredi Kisisel Gelisim Romanı/Kitabı;Kitap;Kisisel Gelisim;Yapi Kredi;404.55;Genc;12
7874;Columbia Outdoor Antrenman Ekipmanı;Spor;Outdoor;Columbia;3388.84;Yasli;24
7875;Lenovo Ev Ofis Tablet;Teknoloji;Ev Ofis;Lenovo;6474.67;Yetiskin;90
7876;Audio-Technica Studyo Enstrüman;Muzik;Studyo;Audio-Technica;8110.19;Cocuk;23
7877;Casio Sahne Enstrüman;Muzik;Sahne;Casio;17881.07;Cocuk;73
7878;Can Yayinlari Kisisel Gelisim Romanı/Kitabı;Kitap;Kisisel Gelisim;Can Yayinlari;268.98;Yetiskin;16
7879;Fender Analog Enstrüman;Muzik;Analog;Fender;6082.43;Yasli;65
7880;Logitech Yayincilik Paketi;Oyun;Yayincilik;Logitech;3714.35;Yasli;66
7881;Nintendo E-Spor Paketi;Oyun;E-Spor;Nintendo;4889.90;Genc;63
7882;Zara Klasik Parfüm;Moda;Klasik;Zara;5928.51;Genc;35
7883;LEGO Egitici Koleksiyonu;Oyuncak;Egitici;LEGO;2916.51;Cocuk;22
7884;Zowie Retro Koleksiyonu;Oyun;Retro;Zowie;3588.16;Yetiskin;9
7885;Corsair E-Spor Paketi;Oyun;E-Spor;Corsair;1510.57;Cocuk;58
7886;Nvidia E-Spor Seti;Oyun;E-Spor;Nvidia;2203.36;Yetiskin;75
7887;Burberry Sokak Stili Parfüm;Moda;Sokak Stili;Burberry;2272.86;Genc;31
7888;Gigabyte Yayincilik Koleksiyonu;Oyun;Yayincilik;Gigabyte;2162.35;Yasli;8
7889;Daler Rowney Kirtasiye Seti;Hobi-Sanat;Kirtasiye;Daler Rowney;324.37;Genc;73
7890;LG Yazilim Bilgisayar;Teknoloji;Yazilim;LG;25074.19;Yasli;37
7891;SteelSeries Yayincilik Seti;Oyun;Yayincilik;SteelSeries;1585.21;Yasli;98
7892;Dell Yazilim Kulaklık;Teknoloji;Yazilim;Dell;16618.63;Yetiskin;19
7893;Nvidia Retro Koleksiyonu;Oyun;Retro;Nvidia;185.30;Yetiskin;78
7894;Daler Rowney Kirtasiye Seti;Hobi-Sanat;Kirtasiye;Daler Rowney;573.69;Genc;54
7895;Dogan Kitap Tarih Romanı/Kitabı;Kitap;Tarih;Dogan Kitap;351.93;Yetiskin;48
7896;Apple Mobil Yasam Bilgisayar;Teknoloji;Mobil Yasam;Apple;40840.10;Cocuk;17
7897;Gigabyte Retro Koleksiyonu;Oyun;Retro;Gigabyte;429.51;Genc;3
7898;Nike Sokak Stili Parfüm;Moda;Sokak Stili;Nike;5367.64;Cocuk;26
7899;Razer Yayincilik Koleksiyonu;Oyun;Yayincilik;Razer;4452.01;Genc;85
7900;Winsor Newton Kirtasiye Paketi;Hobi-Sanat;Kirtasiye;Winsor Newton;4422.76;Yasli;67
7901;Logitech Yayincilik Seti;Oyun;Yayincilik;Logitech;1798.56;Cocuk;26
7902;MGA Entertainment Egitici Paketi;Oyuncak;Egitici;MGA Entertainment;526.68;Yetiskin;1
7903;Is Bankasi Yayinlari Edebiyat Romanı/Kitabı;Kitap;Edebiyat;Is Bankasi Yayinlari;51.95;Yetiskin;59
7904;Dior Makyaj Nemlendirici;Kozmetik;Makyaj;Dior;927.32;Cocuk;55
7905;Yamaha Sahne Amfi;Muzik;Sahne;Yamaha;4279.34;Yetiskin;11
7906;Melissa Doug Klasik Paketi;Oyuncak;Klasik;Melissa Doug;3656.84;Yasli;24
7907;Iletisim Tarih Romanı/Kitabı;Kitap;Tarih;Iletisim;157.46;Cocuk;44
7908;Pegasus Kisisel Gelisim Romanı/Kitabı;Kitap;Kisisel Gelisim;Pegasus;388.15;Genc;79
7909;Columbia Fitness Eşofman Takımı;Spor;Fitness;Columbia;7403.86;Cocuk;78
7910;Reeves Resim Paketi;Hobi-Sanat;Resim;Reeves;1023.97;Yasli;19
7911;Nintendo E-Spor Koleksiyonu;Oyun;E-Spor;Nintendo;2152.08;Genc;62
7912;Gucci Sokak Stili Parfüm;Moda;Sokak Stili;Gucci;3144.18;Yetiskin;15
7913;Sephora Bakim Göz Kalemi;Kozmetik;Bakim;Sephora;1753.54;Yasli;86
7914;Beko Mutfak Robot Süpürge;Ev-Yasam;Mutfak;Beko;897.44;Genc;54
7915;MAC Bakim Ruj;Kozmetik;Bakim;MAC;280.48;Yetiskin;87
7916;Asus Mobil Yasam Akıllı Saat;Teknoloji;Mobil Yasam;Asus;34379.18;Genc;23
7917;Hot Wheels Egitici Seti;Oyuncak;Egitici;Hot Wheels;615.31;Yetiskin;52
7918;MAC Makyaj Nemlendirici;Kozmetik;Makyaj;MAC;1057.80;Genc;99
7919;Is Bankasi Yayinlari Edebiyat Romanı/Kitabı;Kitap;Edebiyat;Is Bankasi Yayinlari;409.65;Cocuk;15
7920;Castelli Fitness Koşu Ayakkabısı;Spor;Fitness;Castelli;5101.51;Cocuk;77
7921;Levi's Klasik Gözlük;Moda;Klasik;Levi's;2141.55;Yasli;83
7922;Reebok Outdoor Antrenman Ekipmanı;Spor;Outdoor;Reebok;1425.76;Yetiskin;54
7923;Nvidia E-Spor Koleksiyonu;Oyun;E-Spor;Nvidia;4387.45;Cocuk;52
7924;Xiaomi Yazilim Tablet;Teknoloji;Yazilim;Xiaomi;5665.25;Cocuk;11
7925;Prada Sokak Stili Parfüm;Moda;Sokak Stili;Prada;3729.75;Cocuk;65
7926;Continental Guvenlik Aksesuarı;Otomobil-Aksesuar;Guvenlik;Continental;10352.07;Genc;41
7927;Daler Rowney El Sanatlari Paketi;Hobi-Sanat;El Sanatlari;Daler Rowney;3126.63;Genc;29
7928;Xiaomi Ev Ofis Kulaklık;Teknoloji;Ev Ofis;Xiaomi;38050.82;Yetiskin;23
7929;HP Mobil Yasam Akıllı Saat;Teknoloji;Mobil Yasam;HP;40023.56;Cocuk;44
7930;Estee Lauder Parfum Cilt Serumu;Kozmetik;Parfum;Estee Lauder;1055.06;Yetiskin;92
7931;MAC Makyaj Nemlendirici;Kozmetik;Makyaj;MAC;427.83;Cocuk;1
7932;Continental Guvenlik Aksesuarı;Otomobil-Aksesuar;Guvenlik;Continental;13768.46;Genc;93
7933;Nike Sokak Stili Parfüm;Moda;Sokak Stili;Nike;3156.05;Yetiskin;25
7934;Roland Studyo DJ Ekipmanı;Muzik;Studyo;Roland;20729.60;Yasli;36
7935;Sennheiser Analog Enstrüman;Muzik;Analog;Sennheiser;24999.11;Yetiskin;25
7936;Columbia Outdoor Antrenman Ekipmanı;Spor;Outdoor;Columbia;5604.48;Genc;100
7937;Dogan Kitap Tarih Romanı/Kitabı;Kitap;Tarih;Dogan Kitap;290.80;Genc;37
7938;Bosch Mutfak Nevresim Takımı;Ev-Yasam;Mutfak;Bosch;9744.65;Genc;72
7939;Apple Yazilim Akıllı Telefon;Teknoloji;Yazilim;Apple;27921.83;Genc;1
7940;Nvidia Yayincilik Paketi;Oyun;Yayincilik;Nvidia;187.71;Cocuk;9
7941;Faber-Castell El Sanatlari Koleksiyonu;Hobi-Sanat;El Sanatlari;Faber-Castell;4959.16;Cocuk;8
7942;Nvidia Yayincilik Seti;Oyun;Yayincilik;Nvidia;4863.32;Genc;1
7943;Pegasus Edebiyat Romanı/Kitabı;Kitap;Edebiyat;Pegasus;461.21;Yasli;85
7944;Michelin Guvenlik Aksesuarı;Otomobil-Aksesuar;Guvenlik;Michelin;9005.60;Yasli;3
7945;Pioneer Guvenlik Aksesuarı;Otomobil-Aksesuar;Guvenlik;Pioneer;2877.80;Genc;35
7946;Castrol Arac Bakimi Aksesuarı;Otomobil-Aksesuar;Arac Bakimi;Castrol;8452.42;Yetiskin;66
7947;3M Arac Bakimi Aksesuarı;Otomobil-Aksesuar;Arac Bakimi;3M;10569.31;Yetiskin;59
7948;Spalding Outdoor Antrenman Ekipmanı;Spor;Outdoor;Spalding;7389.36;Yetiskin;5
7949;Casio Sahne Amfi;Muzik;Sahne;Casio;3592.97;Yetiskin;19
7950;Levi's Aksesuar Saat;Moda;Aksesuar;Levi's;496.49;Yasli;56
7951;Sparco Konfor Aksesuarı;Otomobil-Aksesuar;Konfor;Sparco;3576.95;Yetiskin;97
7952;Pegasus Tarih Romanı/Kitabı;Kitap;Tarih;Pegasus;368.88;Yasli;76
7953;Goodyear Arac Bakimi Aksesuarı;Otomobil-Aksesuar;Arac Bakimi;Goodyear;11926.73;Cocuk;59
7954;Reeves Resim Seti;Hobi-Sanat;Resim;Reeves;861.46;Cocuk;98
7955;Karaca Dekorasyon Dekoratif Lamba;Ev-Yasam;Dekorasyon;Karaca;11851.56;Yetiskin;46
7956;Burberry Klasik Gözlük;Moda;Klasik;Burberry;1518.14;Cocuk;36
7957;Castrol Arac Bakimi Aksesuarı;Otomobil-Aksesuar;Arac Bakimi;Castrol;6048.89;Cocuk;54
7958;MGA Entertainment Egitici Seti;Oyuncak;Egitici;MGA Entertainment;2699.65;Cocuk;76
7959;Dior Bakim Göz Kalemi;Kozmetik;Bakim;Dior;186.03;Cocuk;97
7960;SteelSeries Yayincilik Seti;Oyun;Yayincilik;SteelSeries;1676.61;Cocuk;40
7961;Nvidia E-Spor Paketi;Oyun;E-Spor;Nvidia;1078.57;Yasli;11
7962;Corsair Yayincilik Seti;Oyun;Yayincilik;Corsair;3144.82;Yetiskin;86
7963;Logitech E-Spor Koleksiyonu;Oyun;E-Spor;Logitech;2609.51;Yasli;30
7964;Maybelline Parfum Nemlendirici;Kozmetik;Parfum;Maybelline;633.62;Cocuk;73
7965;Asus Ev Ofis Bilgisayar;Teknoloji;Ev Ofis;Asus;44921.81;Yasli;66
7966;Nike Aksesuar Saat;Moda;Aksesuar;Nike;5493.01;Cocuk;46
7967;Pebeo Kirtasiye Koleksiyonu;Hobi-Sanat;Kirtasiye;Pebeo;1609.01;Cocuk;68
7968;Bridgestone Konfor Aksesuarı;Otomobil-Aksesuar;Konfor;Bridgestone;572.78;Yasli;61
7969;Fender Analog Pikap;Muzik;Analog;Fender;3018.59;Yasli;34
7970;Lacoste Aksesuar Çanta;Moda;Aksesuar;Lacoste;664.16;Yetiskin;20
7971;Reebok Fitness Spor Çantası;Spor;Fitness;Reebok;718.73;Yetiskin;69
7972;Madame Coco Mutfak Dekoratif Lamba;Ev-Yasam;Mutfak;Madame Coco;3816.42;Genc;66
7973;Bosch Mutfak Dekoratif Lamba;Ev-Yasam;Mutfak;Bosch;10735.88;Genc;96
7974;Yapi Kredi Kisisel Gelisim Romanı/Kitabı;Kitap;Kisisel Gelisim;Yapi Kredi;198.76;Yasli;13
7975;Salomon Outdoor Spor Çantası;Spor;Outdoor;Salomon;1389.92;Yetiskin;83
7976;Everest Tarih Romanı/Kitabı;Kitap;Tarih;Everest;287.72;Yasli;88
7977;Spalding Fitness Antrenman Ekipmanı;Spor;Fitness;Spalding;3302.48;Genc;44
7978;Fisher-Price Egitici Koleksiyonu;Oyuncak;Egitici;Fisher-Price;4400.97;Genc;73
7979;Xiaomi Yazilim Kulaklık;Teknoloji;Yazilim;Xiaomi;3350.60;Yetiskin;96
7980;Casio Sahne Enstrüman;Muzik;Sahne;Casio;13612.34;Cocuk;68
7981;HyperX Yayincilik Paketi;Oyun;Yayincilik;HyperX;3519.28;Yetiskin;45
7982;Hasbro Aksiyon Paketi;Oyuncak;Aksiyon;Hasbro;705.25;Yasli;49
7983;Bridgestone Guvenlik Aksesuarı;Otomobil-Aksesuar;Guvenlik;Bridgestone;11430.79;Cocuk;80
7984;Puma Klasik Gözlük;Moda;Klasik;Puma;4379.72;Yetiskin;21
7985;Sennheiser Studyo DJ Ekipmanı;Muzik;Studyo;Sennheiser;23147.92;Yetiskin;2
7986;Gigabyte Retro Seti;Oyun;Retro;Gigabyte;1393.46;Yasli;45
7987;Pebeo Kirtasiye Paketi;Hobi-Sanat;Kirtasiye;Pebeo;3504.70;Cocuk;75
7988;Columbia Fitness Eşofman Takımı;Spor;Fitness;Columbia;4568.95;Cocuk;79
7989;JBL Analog Amfi;Muzik;Analog;JBL;2052.20;Genc;46
7990;Decathlon Ekipman Eşofman Takımı;Spor;Ekipman;Decathlon;7921.24;Cocuk;34
7991;Derwent El Sanatlari Paketi;Hobi-Sanat;El Sanatlari;Derwent;1606.74;Genc;9
7992;Nintendo Retro Paketi;Oyun;Retro;Nintendo;300.10;Genc;24
7993;Meguiars Konfor Aksesuarı;Otomobil-Aksesuar;Konfor;Meguiars;6493.36;Yasli;93
7994;Pebeo Kirtasiye Seti;Hobi-Sanat;Kirtasiye;Pebeo;4690.26;Genc;54
7995;Wilson Fitness Eşofman Takımı;Spor;Fitness;Wilson;1956.67;Yetiskin;30
7996;Estee Lauder Makyaj Nemlendirici;Kozmetik;Makyaj;Estee Lauder;1066.17;Genc;85
7997;Fisher-Price Klasik Paketi;Oyuncak;Klasik;Fisher-Price;448.71;Genc;25
7998;Is Bankasi Yayinlari Tarih Romanı/Kitabı;Kitap;Tarih;Is Bankasi Yayinlari;347.77;Yasli;27
7999;Corsair E-Spor Paketi;Oyun;E-Spor;Corsair;887.17;Yetiskin;99
8000;Winsor Newton Resim Seti;Hobi-Sanat;Resim;Winsor Newton;971.87;Cocuk;69
8001;Fisher-Price Egitici Koleksiyonu;Oyuncak;Egitici;Fisher-Price;1994.21;Yasli;70
8002;Yamaha Studyo Enstrüman;Muzik;Studyo;Yamaha;22125.48;Yasli;80
8003;LEGO Egitici Seti;Oyuncak;Egitici;LEGO;2878.79;Yetiskin;12
8004;Melissa Doug Klasik Paketi;Oyuncak;Klasik;Melissa Doug;3528.82;Yasli;83
8005;Columbia Fitness Koşu Ayakkabısı;Spor;Fitness;Columbia;3127.93;Yasli;42
8006;Xiaomi Yazilim Akıllı Saat;Teknoloji;Yazilim;Xiaomi;26409.94;Yasli;52
8007;Pebeo El Sanatlari Paketi;Hobi-Sanat;El Sanatlari;Pebeo;1494.29;Yetiskin;88
8008;LOreal Bakim Ruj;Kozmetik;Bakim;LOreal;1602.99;Yetiskin;25
8009;Pebeo Resim Koleksiyonu;Hobi-Sanat;Resim;Pebeo;3464.35;Yasli;51
8010;SteelSeries Retro Seti;Oyun;Retro;SteelSeries;4687.73;Genc;45
8011;English Home Konfor Dekoratif Lamba;Ev-Yasam;Konfor;English Home;3844.57;Genc;35
8012;3M Arac Bakimi Aksesuarı;Otomobil-Aksesuar;Arac Bakimi;3M;10522.78;Genc;66
8013;Bose Analog Pikap;Muzik;Analog;Bose;11367.02;Yasli;26
8014;Logitech E-Spor Paketi;Oyun;E-Spor;Logitech;944.88;Yetiskin;62
8015;Nintendo E-Spor Koleksiyonu;Oyun;E-Spor;Nintendo;2233.25;Genc;45
8016;Metis Edebiyat Romanı/Kitabı;Kitap;Edebiyat;Metis;208.08;Yasli;3
8017;Sennheiser Analog Enstrüman;Muzik;Analog;Sennheiser;6397.64;Cocuk;13
8018;Fender Studyo Enstrüman;Muzik;Studyo;Fender;10641.84;Yasli;17
8019;Zowie Yayincilik Koleksiyonu;Oyun;Yayincilik;Zowie;3308.82;Yetiskin;50
8020;Xiaomi Ev Ofis Akıllı Telefon;Teknoloji;Ev Ofis;Xiaomi;3176.61;Yasli;55
8021;Burberry Sokak Stili Parfüm;Moda;Sokak Stili;Burberry;4270.73;Genc;98
8022;SteelSeries Yayincilik Seti;Oyun;Yayincilik;SteelSeries;2504.11;Cocuk;98
8023;Gibson Studyo Pikap;Muzik;Studyo;Gibson;11044.95;Genc;55
8024;Madame Coco Konfor Nevresim Takımı;Ev-Yasam;Konfor;Madame Coco;9054.97;Yasli;10
8025;Madame Coco Konfor Dekoratif Lamba;Ev-Yasam;Konfor;Madame Coco;5880.97;Cocuk;36
8026;LOreal Bakim Göz Kalemi;Kozmetik;Bakim;LOreal;1159.24;Genc;45
8027;Under Armour Fitness Koşu Ayakkabısı;Spor;Fitness;Under Armour;6433.67;Cocuk;59
8028;Ikea Mutfak Nevresim Takımı;Ev-Yasam;Mutfak;Ikea;4180.12;Yasli;38
8029;Liquitex Kirtasiye Paketi;Hobi-Sanat;Kirtasiye;Liquitex;941.80;Yasli;99
8030;Levi's Aksesuar Saat;Moda;Aksesuar;Levi's;5430.40;Yasli;95
8031;Nike Sokak Stili Saat;Moda;Sokak Stili;Nike;2529.81;Yetiskin;66
8032;Alfa Yayinlari Tarih Romanı/Kitabı;Kitap;Tarih;Alfa Yayinlari;132.49;Yasli;44
8033;Pasabahce Mutfak Kahve Makinesi;Ev-Yasam;Mutfak;Pasabahce;5922.54;Yetiskin;95
8034;Nike Aksesuar Ceket;Moda;Aksesuar;Nike;5872.64;Yetiskin;29
8035;Continental Arac Bakimi Aksesuarı;Otomobil-Aksesuar;Arac Bakimi;Continental;6705.78;Cocuk;4
8036;Xiaomi Mobil Yasam Tablet;Teknoloji;Mobil Yasam;Xiaomi;13366.97;Yasli;89
8037;Hot Wheels Klasik Koleksiyonu;Oyuncak;Klasik;Hot Wheels;2537.50;Yasli;41
8038;Burberry Aksesuar Saat;Moda;Aksesuar;Burberry;4545.55;Yasli;89
8039;LG Mobil Yasam Kulaklık;Teknoloji;Mobil Yasam;LG;10153.33;Yetiskin;92
8040;Marshall Analog Enstrüman;Muzik;Analog;Marshall;19406.47;Yetiskin;79
8041;Madame Coco Dekorasyon Kahve Makinesi;Ev-Yasam;Dekorasyon;Madame Coco;2310.48;Yasli;63
8042;Sennheiser Analog Enstrüman;Muzik;Analog;Sennheiser;2149.87;Yasli;15
8043;Alfa Yayinlari Kisisel Gelisim Romanı/Kitabı;Kitap;Kisisel Gelisim;Alfa Yayinlari;437.17;Yasli;79
8044;SteelSeries E-Spor Paketi;Oyun;E-Spor;SteelSeries;3758.08;Genc;30
8045;Xiaomi Mobil Yasam Kulaklık;Teknoloji;Mobil Yasam;Xiaomi;34183.20;Yasli;34
8046;Spin Master Klasik Paketi;Oyuncak;Klasik;Spin Master;1039.87;Yetiskin;95
8047;Sephora Parfum Cilt Serumu;Kozmetik;Parfum;Sephora;1588.22;Yasli;24
8048;Burberry Sokak Stili Saat;Moda;Sokak Stili;Burberry;4177.17;Cocuk;64
8049;Huawei Ev Ofis Akıllı Saat;Teknoloji;Ev Ofis;Huawei;13846.55;Yasli;88
8050;JBL Sahne Pikap;Muzik;Sahne;JBL;17225.52;Genc;23
8051;Estee Lauder Makyaj Nemlendirici;Kozmetik;Makyaj;Estee Lauder;856.06;Yasli;76
8052;Spalding Outdoor Antrenman Ekipmanı;Spor;Outdoor;Spalding;7942.78;Yetiskin;43
8053;Daler Rowney El Sanatlari Seti;Hobi-Sanat;El Sanatlari;Daler Rowney;676.39;Yasli;87
8054;HyperX E-Spor Seti;Oyun;E-Spor;HyperX;1690.17;Cocuk;45
8055;Prismacolor El Sanatlari Paketi;Hobi-Sanat;El Sanatlari;Prismacolor;1141.49;Yetiskin;43
8056;Fender Sahne DJ Ekipmanı;Muzik;Sahne;Fender;12424.95;Yetiskin;6
8057;LG Yazilim Bilgisayar;Teknoloji;Yazilim;LG;7217.55;Genc;60
8058;LOreal Parfum Göz Kalemi;Kozmetik;Parfum;LOreal;1708.86;Genc;46
8059;Gigabyte Retro Koleksiyonu;Oyun;Retro;Gigabyte;4649.80;Yetiskin;87
8060;Razer Yayincilik Seti;Oyun;Yayincilik;Razer;4858.00;Genc;6
8061;Continental Arac Bakimi Aksesuarı;Otomobil-Aksesuar;Arac Bakimi;Continental;1986.00;Yasli;74
8062;Audio-Technica Studyo Enstrüman;Muzik;Studyo;Audio-Technica;6098.43;Cocuk;28
8063;Chanel Bakim Göz Kalemi;Kozmetik;Bakim;Chanel;1204.41;Yasli;98
8064;MGA Entertainment Egitici Seti;Oyuncak;Egitici;MGA Entertainment;4506.39;Yasli;76
8065;Pioneer Guvenlik Aksesuarı;Otomobil-Aksesuar;Guvenlik;Pioneer;10838.17;Genc;34
8066;Derwent El Sanatlari Paketi;Hobi-Sanat;El Sanatlari;Derwent;4923.89;Yetiskin;7
8067;Pebeo El Sanatlari Paketi;Hobi-Sanat;El Sanatlari;Pebeo;3068.20;Genc;22
8068;Clinique Bakim Göz Kalemi;Kozmetik;Bakim;Clinique;1115.83;Cocuk;5
8069;Burberry Sokak Stili Saat;Moda;Sokak Stili;Burberry;2561.53;Yasli;19
8070;Sparco Arac Bakimi Aksesuarı;Otomobil-Aksesuar;Arac Bakimi;Sparco;9111.34;Cocuk;9
8071;Chanel Bakim Göz Kalemi;Kozmetik;Bakim;Chanel;548.51;Yasli;54
8072;Reeves El Sanatlari Seti;Hobi-Sanat;El Sanatlari;Reeves;444.57;Cocuk;14
8073;Logitech Retro Seti;Oyun;Retro;Logitech;1326.85;Yasli;39
8074;Meguiars Guvenlik Aksesuarı;Otomobil-Aksesuar;Guvenlik;Meguiars;9864.38;Yetiskin;36
8075;Gucci Aksesuar Parfüm;Moda;Aksesuar;Gucci;2177.75;Genc;62
8076;Tefal Mutfak Robot Süpürge;Ev-Yasam;Mutfak;Tefal;4187.16;Cocuk;50
8077;Dell Ev Ofis Akıllı Saat;Teknoloji;Ev Ofis;Dell;6293.93;Yetiskin;54
8078;Samsung Yazilim Akıllı Telefon;Teknoloji;Yazilim;Samsung;44903.78;Genc;79
8079;Castelli Ekipman Spor Çantası;Spor;Ekipman;Castelli;6214.51;Genc;73
8080;Spalding Outdoor Eşofman Takımı;Spor;Outdoor;Spalding;3982.33;Genc;27
8081;Lacoste Sokak Stili Çanta;Moda;Sokak Stili;Lacoste;872.56;Yasli;6
8082;Zowie Yayincilik Koleksiyonu;Oyun;Yayincilik;Zowie;3810.60;Yasli;73
8083;Bosch Konfor Robot Süpürge;Ev-Yasam;Konfor;Bosch;401.45;Cocuk;7
8084;Castelli Ekipman Spor Çantası;Spor;Ekipman;Castelli;7123.44;Yasli;87
8085;Audio-Technica Studyo Pikap;Muzik;Studyo;Audio-Technica;19634.72;Cocuk;59
8086;Nivea Makyaj Göz Kalemi;Kozmetik;Makyaj;Nivea;198.00;Genc;89
8087;Pasabahce Dekorasyon Nevresim Takımı;Ev-Yasam;Dekorasyon;Pasabahce;4027.28;Yasli;40
8088;VTech Egitici Koleksiyonu;Oyuncak;Egitici;VTech;2373.38;Cocuk;88
8089;Philips Dekorasyon Dekoratif Lamba;Ev-Yasam;Dekorasyon;Philips;4832.56;Genc;69
8090;Zowie E-Spor Koleksiyonu;Oyun;E-Spor;Zowie;3551.91;Cocuk;15
8091;Mizuno Outdoor Eşofman Takımı;Spor;Outdoor;Mizuno;6380.73;Yetiskin;8
8092;Apple Ev Ofis Akıllı Telefon;Teknoloji;Ev Ofis;Apple;27416.85;Yetiskin;44
8093;Maybelline Bakim Nemlendirici;Kozmetik;Bakim;Maybelline;470.58;Genc;36
8094;Salomon Outdoor Spor Çantası;Spor;Outdoor;Salomon;3402.22;Yasli;15
8095;Playmobil Klasik Seti;Oyuncak;Klasik;Playmobil;3581.70;Yetiskin;59
8096;Pegasus Tarih Romanı/Kitabı;Kitap;Tarih;Pegasus;206.07;Cocuk;86
8097;Karaca Dekorasyon Robot Süpürge;Ev-Yasam;Dekorasyon;Karaca;9054.64;Yasli;8
8098;Pioneer Arac Bakimi Aksesuarı;Otomobil-Aksesuar;Arac Bakimi;Pioneer;12823.96;Yetiskin;13
8099;Playmobil Aksiyon Koleksiyonu;Oyuncak;Aksiyon;Playmobil;290.78;Yasli;65
8100;Ikea Konfor Dekoratif Lamba;Ev-Yasam;Konfor;Ikea;3604.46;Yasli;77
8101;Meguiars Konfor Aksesuarı;Otomobil-Aksesuar;Konfor;Meguiars;9186.87;Yasli;14
8102;Razer Yayincilik Koleksiyonu;Oyun;Yayincilik;Razer;2930.30;Yasli;12
8103;Adidas Aksesuar Çanta;Moda;Aksesuar;Adidas;871.01;Genc;13
8104;Apple Yazilim Akıllı Telefon;Teknoloji;Yazilim;Apple;8253.64;Cocuk;66
8105;Beko Mutfak Kahve Makinesi;Ev-Yasam;Mutfak;Beko;1881.72;Yetiskin;71
8106;Adidas Aksesuar Saat;Moda;Aksesuar;Adidas;778.87;Yetiskin;92
8107;Nintendo Retro Seti;Oyun;Retro;Nintendo;3507.17;Genc;22
8108;Bose Analog Pikap;Muzik;Analog;Bose;24797.75;Yetiskin;37
8109;MAC Makyaj Ruj;Kozmetik;Makyaj;MAC;1288.49;Yetiskin;90
8110;Alfa Yayinlari Edebiyat Romanı/Kitabı;Kitap;Edebiyat;Alfa Yayinlari;98.40;Cocuk;100
8111;Bose Studyo Enstrüman;Muzik;Studyo;Bose;3001.82;Yetiskin;17
8112;MSI E-Spor Seti;Oyun;E-Spor;MSI;778.21;Yetiskin;26
8113;Mizuno Outdoor Spor Çantası;Spor;Outdoor;Mizuno;7892.91;Yasli;31
8114;Huawei Yazilim Bilgisayar;Teknoloji;Yazilim;Huawei;16186.66;Cocuk;19
8115;Metis Edebiyat Romanı/Kitabı;Kitap;Edebiyat;Metis;441.05;Genc;94
8116;Hot Wheels Egitici Paketi;Oyuncak;Egitici;Hot Wheels;2795.13;Genc;18
8117;Dior Makyaj Ruj;Kozmetik;Makyaj;Dior;745.48;Yetiskin;9
8118;Logitech Yayincilik Paketi;Oyun;Yayincilik;Logitech;4986.66;Yasli;95
8119;Fisher-Price Aksiyon Paketi;Oyuncak;Aksiyon;Fisher-Price;4709.47;Yasli;86
8120;Burberry Sokak Stili Parfüm;Moda;Sokak Stili;Burberry;5495.88;Cocuk;80
8121;Continental Konfor Aksesuarı;Otomobil-Aksesuar;Konfor;Continental;3481.47;Yetiskin;56
8122;Yapi Kredi Kisisel Gelisim Romanı/Kitabı;Kitap;Kisisel Gelisim;Yapi Kredi;461.67;Yetiskin;11
8123;Gibson Studyo Amfi;Muzik;Studyo;Gibson;20508.63;Cocuk;53
8124;Mattel Egitici Paketi;Oyuncak;Egitici;Mattel;3301.76;Cocuk;27
8125;MAC Parfum Göz Kalemi;Kozmetik;Parfum;MAC;642.50;Cocuk;11
8126;Dogan Kitap Kisisel Gelisim Romanı/Kitabı;Kitap;Kisisel Gelisim;Dogan Kitap;253.84;Yetiskin;9
8127;Adidas Sokak Stili Ceket;Moda;Sokak Stili;Adidas;5411.94;Genc;56
8128;Arzum Mutfak Nevresim Takımı;Ev-Yasam;Mutfak;Arzum;2366.38;Yetiskin;17
8129;Bose Sahne Pikap;Muzik;Sahne;Bose;16251.76;Genc;97
8130;Roland Analog DJ Ekipmanı;Muzik;Analog;Roland;5012.14;Yasli;62
8131;Goodyear Guvenlik Aksesuarı;Otomobil-Aksesuar;Guvenlik;Goodyear;12414.30;Yasli;55
8132;Under Armour Outdoor Antrenman Ekipmanı;Spor;Outdoor;Under Armour;1857.02;Cocuk;9
8133;3M Konfor Aksesuarı;Otomobil-Aksesuar;Konfor;3M;4244.20;Yetiskin;98
8134;Bose Analog DJ Ekipmanı;Muzik;Analog;Bose;21068.26;Yasli;32
8135;Winsor Newton Resim Koleksiyonu;Hobi-Sanat;Resim;Winsor Newton;4892.49;Genc;12
8136;Madame Coco Konfor Nevresim Takımı;Ev-Yasam;Konfor;Madame Coco;11332.84;Yetiskin;34
8137;Derwent El Sanatlari Paketi;Hobi-Sanat;El Sanatlari;Derwent;2569.56;Cocuk;99
8138;Adidas Sokak Stili Ceket;Moda;Sokak Stili;Adidas;4619.92;Yasli;33
8139;Puma Klasik Ceket;Moda;Klasik;Puma;5586.73;Yetiskin;94
8140;Bose Analog DJ Ekipmanı;Muzik;Analog;Bose;1205.08;Cocuk;100
8141;Metis Tarih Romanı/Kitabı;Kitap;Tarih;Metis;246.81;Genc;48
8142;Under Armour Outdoor Antrenman Ekipmanı;Spor;Outdoor;Under Armour;7250.11;Yetiskin;48
8143;Reebok Fitness Spor Çantası;Spor;Fitness;Reebok;4453.88;Yasli;82
8144;Yapi Kredi Kisisel Gelisim Romanı/Kitabı;Kitap;Kisisel Gelisim;Yapi Kredi;286.36;Yetiskin;15
8145;Zara Klasik Parfüm;Moda;Klasik;Zara;1207.59;Cocuk;62
8146;Nvidia Yayincilik Seti;Oyun;Yayincilik;Nvidia;660.31;Yetiskin;19
8147;Michelin Arac Bakimi Aksesuarı;Otomobil-Aksesuar;Arac Bakimi;Michelin;10337.27;Cocuk;94
8148;Can Yayinlari Kisisel Gelisim Romanı/Kitabı;Kitap;Kisisel Gelisim;Can Yayinlari;116.74;Cocuk;72
8149;Roland Sahne Amfi;Muzik;Sahne;Roland;10421.29;Cocuk;76
8150;Meguiars Konfor Aksesuarı;Otomobil-Aksesuar;Konfor;Meguiars;9362.44;Genc;65
8151;Winsor Newton Kirtasiye Koleksiyonu;Hobi-Sanat;Kirtasiye;Winsor Newton;2905.89;Cocuk;45
8152;LOreal Bakim Cilt Serumu;Kozmetik;Bakim;LOreal;1530.10;Genc;74
8153;Estee Lauder Bakim Nemlendirici;Kozmetik;Bakim;Estee Lauder;1058.04;Genc;39
8154;Bose Studyo Enstrüman;Muzik;Studyo;Bose;4197.82;Yetiskin;91
8155;Playmobil Aksiyon Paketi;Oyuncak;Aksiyon;Playmobil;2504.52;Yetiskin;10
8156;Bosch Dekorasyon Kahve Makinesi;Ev-Yasam;Dekorasyon;Bosch;10625.12;Cocuk;86
8157;Ikea Dekorasyon Robot Süpürge;Ev-Yasam;Dekorasyon;Ikea;10086.93;Yetiskin;4
8158;Maybelline Bakim Nemlendirici;Kozmetik;Bakim;Maybelline;466.85;Cocuk;18
8159;Arzum Konfor Kahve Makinesi;Ev-Yasam;Konfor;Arzum;11746.47;Yetiskin;91
8160;Pioneer Konfor Aksesuarı;Otomobil-Aksesuar;Konfor;Pioneer;6929.20;Yasli;7
8161;MAC Parfum Cilt Serumu;Kozmetik;Parfum;MAC;542.20;Genc;37
8162;Castrol Arac Bakimi Aksesuarı;Otomobil-Aksesuar;Arac Bakimi;Castrol;7678.23;Cocuk;13
8163;HyperX E-Spor Paketi;Oyun;E-Spor;HyperX;3795.73;Yetiskin;11
8164;Marshall Analog Enstrüman;Muzik;Analog;Marshall;20875.27;Cocuk;25
8165;Castelli Ekipman Koşu Ayakkabısı;Spor;Ekipman;Castelli;1092.36;Genc;78
8166;Goodyear Konfor Aksesuarı;Otomobil-Aksesuar;Konfor;Goodyear;9429.15;Yetiskin;29
8167;Pasabahce Konfor Kahve Makinesi;Ev-Yasam;Konfor;Pasabahce;11562.24;Genc;94
8168;Sony Mobil Yasam Kulaklık;Teknoloji;Mobil Yasam;Sony;7495.61;Genc;43
8169;Bridgestone Arac Bakimi Aksesuarı;Otomobil-Aksesuar;Arac Bakimi;Bridgestone;11458.23;Yetiskin;57
8170;Columbia Fitness Koşu Ayakkabısı;Spor;Fitness;Columbia;4440.66;Yetiskin;24
8171;H&M Sokak Stili Saat;Moda;Sokak Stili;H&M;4632.62;Cocuk;59
8172;Goodyear Guvenlik Aksesuarı;Otomobil-Aksesuar;Guvenlik;Goodyear;14625.76;Yasli;77
8173;Razer Retro Paketi;Oyun;Retro;Razer;3686.16;Yetiskin;49
8174;Estee Lauder Parfum Nemlendirici;Kozmetik;Parfum;Estee Lauder;1306.25;Cocuk;63
8175;Estee Lauder Bakim Ruj;Kozmetik;Bakim;Estee Lauder;1618.37;Yasli;26
8176;Apple Mobil Yasam Kulaklık;Teknoloji;Mobil Yasam;Apple;18742.68;Cocuk;50
8177;Puma Klasik Saat;Moda;Klasik;Puma;4826.54;Yasli;47
8178;North Face Ekipman Antrenman Ekipmanı;Spor;Ekipman;North Face;656.26;Genc;20
8179;Sparco Konfor Aksesuarı;Otomobil-Aksesuar;Konfor;Sparco;1686.71;Yasli;3
8180;Estee Lauder Parfum Ruj;Kozmetik;Parfum;Estee Lauder;1011.84;Genc;39
8181;Clinique Makyaj Göz Kalemi;Kozmetik;Makyaj;Clinique;1566.44;Cocuk;53
8182;Alfa Yayinlari Kisisel Gelisim Romanı/Kitabı;Kitap;Kisisel Gelisim;Alfa Yayinlari;216.38;Yetiskin;57
8183;Sephora Makyaj Nemlendirici;Kozmetik;Makyaj;Sephora;1690.45;Yasli;51
8184;Gibson Analog Enstrüman;Muzik;Analog;Gibson;4754.02;Yasli;48
8185;MSI Retro Seti;Oyun;Retro;MSI;3432.18;Yasli;66
8186;Castrol Guvenlik Aksesuarı;Otomobil-Aksesuar;Guvenlik;Castrol;14819.58;Yetiskin;58
8187;HP Ev Ofis Tablet;Teknoloji;Ev Ofis;HP;29619.00;Yasli;65
8188;Bosch Mutfak Kahve Makinesi;Ev-Yasam;Mutfak;Bosch;9426.38;Cocuk;19
8189;Maybelline Bakim Nemlendirici;Kozmetik;Bakim;Maybelline;1241.67;Genc;89
8190;Moleskine El Sanatlari Seti;Hobi-Sanat;El Sanatlari;Moleskine;2862.86;Yasli;22
8191;Pebeo El Sanatlari Paketi;Hobi-Sanat;El Sanatlari;Pebeo;2204.51;Yetiskin;38
8192;Goodyear Guvenlik Aksesuarı;Otomobil-Aksesuar;Guvenlik;Goodyear;2316.99;Cocuk;75
8193;Bosch Arac Bakimi Aksesuarı;Otomobil-Aksesuar;Arac Bakimi;Bosch;12322.74;Cocuk;82
8194;Casio Sahne Pikap;Muzik;Sahne;Casio;10165.73;Cocuk;74
8195;Zara Aksesuar Çanta;Moda;Aksesuar;Zara;4720.00;Genc;44
8196;Karaca Mutfak Robot Süpürge;Ev-Yasam;Mutfak;Karaca;10186.31;Genc;33
8197;Playmobil Aksiyon Seti;Oyuncak;Aksiyon;Playmobil;2862.90;Yetiskin;72
8198;Winsor Newton Kirtasiye Seti;Hobi-Sanat;Kirtasiye;Winsor Newton;4873.67;Yetiskin;64
8199;Continental Arac Bakimi Aksesuarı;Otomobil-Aksesuar;Arac Bakimi;Continental;11364.17;Genc;2
8200;Spin Master Aksiyon Paketi;Oyuncak;Aksiyon;Spin Master;1970.21;Genc;85
8201;Dior Makyaj Göz Kalemi;Kozmetik;Makyaj;Dior;1941.46;Yetiskin;19
8202;Sony Mobil Yasam Tablet;Teknoloji;Mobil Yasam;Sony;20806.65;Yasli;34
8203;Huawei Ev Ofis Tablet;Teknoloji;Ev Ofis;Huawei;10358.49;Cocuk;76
8204;Puma Aksesuar Parfüm;Moda;Aksesuar;Puma;3471.11;Yasli;55
8205;Sony Ev Ofis Bilgisayar;Teknoloji;Ev Ofis;Sony;28712.12;Yetiskin;73
8206;Winsor Newton Kirtasiye Seti;Hobi-Sanat;Kirtasiye;Winsor Newton;2360.35;Cocuk;61
8207;Daler Rowney El Sanatlari Koleksiyonu;Hobi-Sanat;El Sanatlari;Daler Rowney;977.46;Yetiskin;23
8208;LG Yazilim Bilgisayar;Teknoloji;Yazilim;LG;36559.60;Yasli;72
8209;Castelli Fitness Eşofman Takımı;Spor;Fitness;Castelli;2191.78;Yasli;36
8210;Zowie Yayincilik Paketi;Oyun;Yayincilik;Zowie;1899.96;Cocuk;49
8211;Yapi Kredi Kisisel Gelisim Romanı/Kitabı;Kitap;Kisisel Gelisim;Yapi Kredi;281.06;Yetiskin;19
8212;Bosch Konfor Kahve Makinesi;Ev-Yasam;Konfor;Bosch;1081.85;Genc;60
8213;Melissa Doug Aksiyon Paketi;Oyuncak;Aksiyon;Melissa Doug;4574.79;Cocuk;6
8214;Faber-Castell El Sanatlari Paketi;Hobi-Sanat;El Sanatlari;Faber-Castell;4702.45;Genc;89
8215;Melissa Doug Aksiyon Koleksiyonu;Oyuncak;Aksiyon;Melissa Doug;3264.83;Cocuk;82
8216;Fisher-Price Klasik Koleksiyonu;Oyuncak;Klasik;Fisher-Price;1015.85;Yetiskin;28
8217;Burberry Klasik Ceket;Moda;Klasik;Burberry;576.75;Yasli;5
8218;Clinique Parfum Ruj;Kozmetik;Parfum;Clinique;1030.59;Yasli;32
8219;3M Arac Bakimi Aksesuarı;Otomobil-Aksesuar;Arac Bakimi;3M;1400.26;Cocuk;59
8220;Faber-Castell Resim Paketi;Hobi-Sanat;Resim;Faber-Castell;2308.90;Yasli;86
8221;Mattel Klasik Paketi;Oyuncak;Klasik;Mattel;3317.39;Cocuk;86
8222;Yapi Kredi Edebiyat Romanı/Kitabı;Kitap;Edebiyat;Yapi Kredi;210.85;Yasli;99
8223;Wilson Ekipman Antrenman Ekipmanı;Spor;Ekipman;Wilson;5926.55;Yasli;51
8224;Reebok Fitness Spor Çantası;Spor;Fitness;Reebok;4078.09;Yasli;59
8225;Adidas Sokak Stili Çanta;Moda;Sokak Stili;Adidas;5912.31;Yetiskin;65
8226;Roland Studyo Pikap;Muzik;Studyo;Roland;16183.96;Cocuk;63
8227;Madame Coco Dekorasyon Kahve Makinesi;Ev-Yasam;Dekorasyon;Madame Coco;596.22;Yetiskin;90
8228;Daler Rowney Resim Seti;Hobi-Sanat;Resim;Daler Rowney;1595.48;Yasli;68
8229;Bose Analog Amfi;Muzik;Analog;Bose;17194.25;Cocuk;24
8230;Goodyear Konfor Aksesuarı;Otomobil-Aksesuar;Konfor;Goodyear;13898.58;Yasli;17
8231;Prada Aksesuar Çanta;Moda;Aksesuar;Prada;5557.40;Yasli;42
8232;Chanel Bakim Nemlendirici;Kozmetik;Bakim;Chanel;1491.15;Yetiskin;12
8233;Logitech E-Spor Koleksiyonu;Oyun;E-Spor;Logitech;3637.53;Cocuk;28
8234;VTech Klasik Seti;Oyuncak;Klasik;VTech;2957.64;Yasli;52
8235;Gigabyte Retro Koleksiyonu;Oyun;Retro;Gigabyte;3176.05;Cocuk;92
8236;HyperX E-Spor Seti;Oyun;E-Spor;HyperX;1125.76;Genc;61
8237;MGA Entertainment Klasik Koleksiyonu;Oyuncak;Klasik;MGA Entertainment;461.70;Yetiskin;41
8238;Yapi Kredi Edebiyat Romanı/Kitabı;Kitap;Edebiyat;Yapi Kredi;305.03;Genc;54
8239;Marshall Studyo Pikap;Muzik;Studyo;Marshall;19141.43;Genc;7
8240;Pioneer Arac Bakimi Aksesuarı;Otomobil-Aksesuar;Arac Bakimi;Pioneer;7894.49;Cocuk;57
8241;JBL Sahne DJ Ekipmanı;Muzik;Sahne;JBL;19897.59;Yetiskin;81
8242;Alfa Yayinlari Kisisel Gelisim Romanı/Kitabı;Kitap;Kisisel Gelisim;Alfa Yayinlari;221.70;Yasli;100
8243;Logitech E-Spor Paketi;Oyun;E-Spor;Logitech;3811.18;Yasli;11
8244;Iletisim Kisisel Gelisim Romanı/Kitabı;Kitap;Kisisel Gelisim;Iletisim;83.48;Yasli;44
8245;Adidas Sokak Stili Saat;Moda;Sokak Stili;Adidas;2481.83;Yasli;98
8246;MGA Entertainment Klasik Paketi;Oyuncak;Klasik;MGA Entertainment;4760.57;Genc;52
8247;Yapi Kredi Edebiyat Romanı/Kitabı;Kitap;Edebiyat;Yapi Kredi;96.76;Genc;28
8248;Continental Konfor Aksesuarı;Otomobil-Aksesuar;Konfor;Continental;10740.07;Genc;60
8249;Mattel Klasik Paketi;Oyuncak;Klasik;Mattel;3369.04;Yasli;40
8250;Ikea Dekorasyon Robot Süpürge;Ev-Yasam;Dekorasyon;Ikea;2784.57;Cocuk;17
8251;Samsung Ev Ofis Akıllı Telefon;Teknoloji;Ev Ofis;Samsung;8892.26;Yasli;51
8252;Ithaki Tarih Romanı/Kitabı;Kitap;Tarih;Ithaki;448.03;Yasli;5
8253;Fisher-Price Klasik Koleksiyonu;Oyuncak;Klasik;Fisher-Price;4535.00;Yetiskin;42
8254;Chanel Bakim Nemlendirici;Kozmetik;Bakim;Chanel;1562.49;Yasli;28
8255;Columbia Fitness Koşu Ayakkabısı;Spor;Fitness;Columbia;3967.31;Genc;84
8256;Alfa Yayinlari Edebiyat Romanı/Kitabı;Kitap;Edebiyat;Alfa Yayinlari;365.30;Yetiskin;43
8257;Ikea Mutfak Nevresim Takımı;Ev-Yasam;Mutfak;Ikea;10349.75;Cocuk;80
8258;Mattel Egitici Paketi;Oyuncak;Egitici;Mattel;2018.62;Cocuk;75
8259;Columbia Fitness Eşofman Takımı;Spor;Fitness;Columbia;600.67;Yasli;40
8260;Mizuno Ekipman Spor Çantası;Spor;Ekipman;Mizuno;4865.57;Yasli;75
8261;Dior Makyaj Ruj;Kozmetik;Makyaj;Dior;1975.92;Genc;44
8262;Puma Klasik Çanta;Moda;Klasik;Puma;5436.48;Cocuk;53
8263;Nvidia Yayincilik Koleksiyonu;Oyun;Yayincilik;Nvidia;3735.68;Cocuk;52
8264;3M Konfor Aksesuarı;Otomobil-Aksesuar;Konfor;3M;1076.37;Genc;61
8265;Winsor Newton Resim Seti;Hobi-Sanat;Resim;Winsor Newton;2896.79;Yetiskin;87
8266;Audio-Technica Analog DJ Ekipmanı;Muzik;Analog;Audio-Technica;24594.64;Yetiskin;69
8267;Winsor Newton Kirtasiye Seti;Hobi-Sanat;Kirtasiye;Winsor Newton;2207.41;Yasli;95
8268;Liquitex El Sanatlari Paketi;Hobi-Sanat;El Sanatlari;Liquitex;2039.46;Cocuk;55
8269;Daler Rowney El Sanatlari Paketi;Hobi-Sanat;El Sanatlari;Daler Rowney;2371.05;Genc;69
8270;Everest Kisisel Gelisim Romanı/Kitabı;Kitap;Kisisel Gelisim;Everest;261.66;Yetiskin;60
8271;Dogan Kitap Edebiyat Romanı/Kitabı;Kitap;Edebiyat;Dogan Kitap;217.27;Yetiskin;11
8272;Liquitex Kirtasiye Seti;Hobi-Sanat;Kirtasiye;Liquitex;3131.99;Yasli;27
8273;Decathlon Outdoor Antrenman Ekipmanı;Spor;Outdoor;Decathlon;1204.77;Yasli;62
8274;Castrol Guvenlik Aksesuarı;Otomobil-Aksesuar;Guvenlik;Castrol;12830.86;Cocuk;95
8275;Huawei Yazilim Bilgisayar;Teknoloji;Yazilim;Huawei;11382.36;Yasli;83
8276;Pegasus Edebiyat Romanı/Kitabı;Kitap;Edebiyat;Pegasus;391.25;Yetiskin;4
8277;Lancome Bakim Cilt Serumu;Kozmetik;Bakim;Lancome;1872.37;Cocuk;10
8278;Beko Dekorasyon Dekoratif Lamba;Ev-Yasam;Dekorasyon;Beko;10366.54;Yasli;45
8279;Audio-Technica Sahne Pikap;Muzik;Sahne;Audio-Technica;14448.99;Genc;84
8280;JBL Analog DJ Ekipmanı;Muzik;Analog;JBL;21427.11;Yetiskin;81
8281;Gibson Analog DJ Ekipmanı;Muzik;Analog;Gibson;3460.01;Yetiskin;59
8282;Zara Aksesuar Çanta;Moda;Aksesuar;Zara;3019.37;Cocuk;72
8283;Madame Coco Mutfak Kahve Makinesi;Ev-Yasam;Mutfak;Madame Coco;10975.44;Yasli;54
8284;Spin Master Egitici Seti;Oyuncak;Egitici;Spin Master;1120.57;Genc;66
8285;Prada Aksesuar Ceket;Moda;Aksesuar;Prada;3725.62;Cocuk;70
8286;Audio-Technica Studyo DJ Ekipmanı;Muzik;Studyo;Audio-Technica;2860.44;Yasli;12
8287;Levi's Klasik Ceket;Moda;Klasik;Levi's;3443.44;Cocuk;18
8288;Burberry Aksesuar Çanta;Moda;Aksesuar;Burberry;4318.96;Yasli;72
8289;Tefal Konfor Dekoratif Lamba;Ev-Yasam;Konfor;Tefal;11442.29;Yasli;81
8290;Pioneer Konfor Aksesuarı;Otomobil-Aksesuar;Konfor;Pioneer;1550.18;Cocuk;99
8291;Lenovo Ev Ofis Akıllı Telefon;Teknoloji;Ev Ofis;Lenovo;5038.49;Genc;46
8292;Meguiars Arac Bakimi Aksesuarı;Otomobil-Aksesuar;Arac Bakimi;Meguiars;459.36;Genc;86
8293;Hot Wheels Egitici Koleksiyonu;Oyuncak;Egitici;Hot Wheels;1494.52;Yetiskin;2
8294;Prismacolor Resim Seti;Hobi-Sanat;Resim;Prismacolor;2138.15;Genc;37
8295;HyperX E-Spor Koleksiyonu;Oyun;E-Spor;HyperX;1211.09;Yetiskin;85
8296;Karaca Dekorasyon Nevresim Takımı;Ev-Yasam;Dekorasyon;Karaca;11774.32;Yetiskin;20
8297;Bosch Dekorasyon Dekoratif Lamba;Ev-Yasam;Dekorasyon;Bosch;3738.98;Yasli;16
8298;Madame Coco Konfor Nevresim Takımı;Ev-Yasam;Konfor;Madame Coco;6827.90;Genc;10
8299;Michelin Arac Bakimi Aksesuarı;Otomobil-Aksesuar;Arac Bakimi;Michelin;13205.30;Yasli;66
8300;Tefal Mutfak Nevresim Takımı;Ev-Yasam;Mutfak;Tefal;6315.70;Cocuk;1
8301;Alfa Yayinlari Edebiyat Romanı/Kitabı;Kitap;Edebiyat;Alfa Yayinlari;384.73;Yetiskin;53
8302;Lenovo Mobil Yasam Kulaklık;Teknoloji;Mobil Yasam;Lenovo;23264.06;Yasli;22
8303;HP Mobil Yasam Kulaklık;Teknoloji;Mobil Yasam;HP;42557.93;Cocuk;57
8304;Chanel Parfum Göz Kalemi;Kozmetik;Parfum;Chanel;1642.01;Genc;44
8305;Is Bankasi Yayinlari Tarih Romanı/Kitabı;Kitap;Tarih;Is Bankasi Yayinlari;351.63;Cocuk;81
8306;Wilson Ekipman Koşu Ayakkabısı;Spor;Ekipman;Wilson;1434.94;Genc;98
8307;Mizuno Outdoor Spor Çantası;Spor;Outdoor;Mizuno;3252.09;Cocuk;13
8308;Spalding Outdoor Eşofman Takımı;Spor;Outdoor;Spalding;4430.12;Yasli;20
8309;MGA Entertainment Aksiyon Paketi;Oyuncak;Aksiyon;MGA Entertainment;1004.63;Yetiskin;93
8310;Tefal Konfor Robot Süpürge;Ev-Yasam;Konfor;Tefal;7571.16;Yetiskin;32
8311;Metis Tarih Romanı/Kitabı;Kitap;Tarih;Metis;136.90;Genc;93
8312;Asus Ev Ofis Tablet;Teknoloji;Ev Ofis;Asus;3529.61;Yetiskin;91
8313;Apple Yazilim Tablet;Teknoloji;Yazilim;Apple;37249.59;Genc;49
8314;Mattel Aksiyon Paketi;Oyuncak;Aksiyon;Mattel;2900.80;Genc;38
8315;HP Yazilim Akıllı Telefon;Teknoloji;Yazilim;HP;44463.17;Yetiskin;96
8316;Nintendo E-Spor Paketi;Oyun;E-Spor;Nintendo;312.99;Yasli;59
8317;Roland Sahne Pikap;Muzik;Sahne;Roland;17199.46;Yasli;9
8318;Logitech Retro Seti;Oyun;Retro;Logitech;328.21;Cocuk;18
8319;Roland Sahne Enstrüman;Muzik;Sahne;Roland;3344.63;Genc;27
8320;Can Yayinlari Kisisel Gelisim Romanı/Kitabı;Kitap;Kisisel Gelisim;Can Yayinlari;203.23;Cocuk;48
8321;Prada Klasik Çanta;Moda;Klasik;Prada;2259.15;Yasli;5
8322;Razer Retro Paketi;Oyun;Retro;Razer;1428.51;Genc;67
8323;Samsung Yazilim Akıllı Telefon;Teknoloji;Yazilim;Samsung;27008.70;Cocuk;47
8324;Meguiars Konfor Aksesuarı;Otomobil-Aksesuar;Konfor;Meguiars;6533.80;Yasli;75
8325;LOreal Parfum Ruj;Kozmetik;Parfum;LOreal;1310.56;Yasli;57
8326;Tefal Konfor Nevresim Takımı;Ev-Yasam;Konfor;Tefal;3749.04;Genc;62
8327;Hasbro Klasik Seti;Oyuncak;Klasik;Hasbro;4749.64;Yasli;80
8328;Asus Mobil Yasam Akıllı Saat;Teknoloji;Mobil Yasam;Asus;34125.20;Genc;24
8329;Under Armour Ekipman Koşu Ayakkabısı;Spor;Ekipman;Under Armour;7129.69;Yasli;89
8330;3M Arac Bakimi Aksesuarı;Otomobil-Aksesuar;Arac Bakimi;3M;1760.58;Cocuk;95
8331;Ikea Dekorasyon Robot Süpürge;Ev-Yasam;Dekorasyon;Ikea;7264.28;Yasli;75
8332;Can Yayinlari Kisisel Gelisim Romanı/Kitabı;Kitap;Kisisel Gelisim;Can Yayinlari;281.07;Genc;12
8333;Meguiars Konfor Aksesuarı;Otomobil-Aksesuar;Konfor;Meguiars;1420.77;Yasli;90
8334;Pebeo Resim Paketi;Hobi-Sanat;Resim;Pebeo;3420.40;Cocuk;80
8335;Tefal Dekorasyon Nevresim Takımı;Ev-Yasam;Dekorasyon;Tefal;7838.11;Yasli;87
8336;Corsair Retro Koleksiyonu;Oyun;Retro;Corsair;2025.24;Cocuk;37
8337;Wilson Ekipman Spor Çantası;Spor;Ekipman;Wilson;5647.32;Yasli;5
8338;Meguiars Konfor Aksesuarı;Otomobil-Aksesuar;Konfor;Meguiars;10892.62;Cocuk;44
8339;Castrol Guvenlik Aksesuarı;Otomobil-Aksesuar;Guvenlik;Castrol;11448.30;Cocuk;4
8340;Columbia Fitness Koşu Ayakkabısı;Spor;Fitness;Columbia;5137.39;Yasli;68
8341;Goodyear Guvenlik Aksesuarı;Otomobil-Aksesuar;Guvenlik;Goodyear;14739.12;Yasli;39
8342;Dell Mobil Yasam Akıllı Telefon;Teknoloji;Mobil Yasam;Dell;8523.42;Genc;65
8343;Audio-Technica Analog DJ Ekipmanı;Muzik;Analog;Audio-Technica;16125.46;Cocuk;5
8344;Meguiars Konfor Aksesuarı;Otomobil-Aksesuar;Konfor;Meguiars;8845.98;Genc;63
8345;HP Ev Ofis Bilgisayar;Teknoloji;Ev Ofis;HP;43365.02;Genc;32
8346;SteelSeries Yayincilik Koleksiyonu;Oyun;Yayincilik;SteelSeries;866.05;Yasli;98
8347;Dogan Kitap Tarih Romanı/Kitabı;Kitap;Tarih;Dogan Kitap;206.10;Yetiskin;25
8348;Adidas Sokak Stili Saat;Moda;Sokak Stili;Adidas;5458.40;Yetiskin;99
8349;Michelin Konfor Aksesuarı;Otomobil-Aksesuar;Konfor;Michelin;14172.99;Genc;2
8350;Continental Arac Bakimi Aksesuarı;Otomobil-Aksesuar;Arac Bakimi;Continental;7744.21;Genc;95
8351;Huawei Mobil Yasam Bilgisayar;Teknoloji;Mobil Yasam;Huawei;14626.83;Yetiskin;39
8352;HP Mobil Yasam Bilgisayar;Teknoloji;Mobil Yasam;HP;19000.44;Yasli;50
8353;Canson Resim Paketi;Hobi-Sanat;Resim;Canson;2292.51;Cocuk;5
8354;Bose Analog Amfi;Muzik;Analog;Bose;9366.18;Cocuk;40
8355;Bose Studyo Pikap;Muzik;Studyo;Bose;8620.21;Yetiskin;38
8356;Salomon Ekipman Eşofman Takımı;Spor;Ekipman;Salomon;5253.47;Yetiskin;83
8357;Meguiars Konfor Aksesuarı;Otomobil-Aksesuar;Konfor;Meguiars;5011.86;Cocuk;5
8358;Canson Resim Koleksiyonu;Hobi-Sanat;Resim;Canson;3962.80;Yasli;31
8359;Playmobil Klasik Koleksiyonu;Oyuncak;Klasik;Playmobil;153.21;Yetiskin;96
8360;North Face Outdoor Antrenman Ekipmanı;Spor;Outdoor;North Face;2421.12;Genc;42
8361;Karaca Konfor Kahve Makinesi;Ev-Yasam;Konfor;Karaca;11651.58;Genc;18
8362;Faber-Castell Kirtasiye Paketi;Hobi-Sanat;Kirtasiye;Faber-Castell;1443.27;Yasli;30
8363;MSI E-Spor Seti;Oyun;E-Spor;MSI;4020.24;Cocuk;84
8364;Tefal Mutfak Nevresim Takımı;Ev-Yasam;Mutfak;Tefal;4561.17;Yetiskin;93
8365;Nike Klasik Ceket;Moda;Klasik;Nike;5421.29;Yasli;79
8366;MSI Yayincilik Seti;Oyun;Yayincilik;MSI;2238.61;Cocuk;33
8367;Roland Studyo Pikap;Muzik;Studyo;Roland;5007.44;Cocuk;43
8368;Salomon Fitness Koşu Ayakkabısı;Spor;Fitness;Salomon;6105.50;Cocuk;31
8369;HP Yazilim Kulaklık;Teknoloji;Yazilim;HP;38180.54;Genc;5
8370;Philips Konfor Dekoratif Lamba;Ev-Yasam;Konfor;Philips;4575.45;Yetiskin;75
8371;Chanel Makyaj Ruj;Kozmetik;Makyaj;Chanel;1041.01;Yetiskin;4
8372;Castelli Fitness Spor Çantası;Spor;Fitness;Castelli;3928.68;Genc;56
8373;Wilson Outdoor Koşu Ayakkabısı;Spor;Outdoor;Wilson;3551.04;Cocuk;71
8374;LEGO Egitici Seti;Oyuncak;Egitici;LEGO;4043.30;Yetiskin;17
8375;Sony Ev Ofis Kulaklık;Teknoloji;Ev Ofis;Sony;6784.21;Yasli;96
8376;Fisher-Price Aksiyon Paketi;Oyuncak;Aksiyon;Fisher-Price;399.33;Yasli;97
8377;Columbia Outdoor Eşofman Takımı;Spor;Outdoor;Columbia;3844.70;Cocuk;33
8378;Spin Master Egitici Seti;Oyuncak;Egitici;Spin Master;4211.14;Cocuk;93
8379;Pasabahce Dekorasyon Dekoratif Lamba;Ev-Yasam;Dekorasyon;Pasabahce;7370.16;Yetiskin;82
8380;Hot Wheels Klasik Seti;Oyuncak;Klasik;Hot Wheels;3431.80;Cocuk;21
8381;Philips Dekorasyon Robot Süpürge;Ev-Yasam;Dekorasyon;Philips;2410.76;Yetiskin;79
8382;Tefal Konfor Dekoratif Lamba;Ev-Yasam;Konfor;Tefal;4464.58;Yasli;70
8383;Continental Konfor Aksesuarı;Otomobil-Aksesuar;Konfor;Continental;5927.95;Yetiskin;37
8384;Mizuno Fitness Eşofman Takımı;Spor;Fitness;Mizuno;1221.05;Cocuk;30
8385;Philips Konfor Robot Süpürge;Ev-Yasam;Konfor;Philips;2799.25;Cocuk;79
8386;3M Konfor Aksesuarı;Otomobil-Aksesuar;Konfor;3M;4049.27;Yetiskin;32
8387;North Face Ekipman Spor Çantası;Spor;Ekipman;North Face;4739.37;Genc;11
8388;Adidas Aksesuar Parfüm;Moda;Aksesuar;Adidas;5469.55;Genc;6
8389;Xiaomi Ev Ofis Tablet;Teknoloji;Ev Ofis;Xiaomi;40478.22;Cocuk;23
8390;Dior Parfum Ruj;Kozmetik;Parfum;Dior;1916.16;Yetiskin;38
8391;Burberry Klasik Saat;Moda;Klasik;Burberry;1612.93;Cocuk;44
8392;Corsair Yayincilik Paketi;Oyun;Yayincilik;Corsair;4814.05;Yetiskin;73
8393;Winsor Newton Resim Seti;Hobi-Sanat;Resim;Winsor Newton;2470.79;Yasli;98
8394;Iletisim Kisisel Gelisim Romanı/Kitabı;Kitap;Kisisel Gelisim;Iletisim;390.33;Genc;63
8395;Derwent Resim Koleksiyonu;Hobi-Sanat;Resim;Derwent;1388.73;Yetiskin;51
8396;Philips Mutfak Nevresim Takımı;Ev-Yasam;Mutfak;Philips;11135.49;Genc;59
8397;Columbia Ekipman Antrenman Ekipmanı;Spor;Ekipman;Columbia;5624.61;Cocuk;37
8398;Marshall Analog Enstrüman;Muzik;Analog;Marshall;18819.12;Cocuk;82
8399;LOreal Bakim Ruj;Kozmetik;Bakim;LOreal;1560.50;Cocuk;86
8400;MGA Entertainment Aksiyon Koleksiyonu;Oyuncak;Aksiyon;MGA Entertainment;3640.69;Yasli;90
8401;Chanel Parfum Ruj;Kozmetik;Parfum;Chanel;1854.49;Genc;72
8402;Lenovo Mobil Yasam Akıllı Telefon;Teknoloji;Mobil Yasam;Lenovo;18581.34;Yetiskin;46
8403;Sephora Parfum Cilt Serumu;Kozmetik;Parfum;Sephora;1907.70;Yasli;96
8404;Metis Edebiyat Romanı/Kitabı;Kitap;Edebiyat;Metis;447.80;Cocuk;40
8405;Ikea Dekorasyon Robot Süpürge;Ev-Yasam;Dekorasyon;Ikea;9506.44;Yetiskin;12
8406;Sony Ev Ofis Akıllı Saat;Teknoloji;Ev Ofis;Sony;11093.79;Genc;75
8407;Lenovo Mobil Yasam Kulaklık;Teknoloji;Mobil Yasam;Lenovo;43536.21;Yasli;100
8408;SteelSeries Retro Koleksiyonu;Oyun;Retro;SteelSeries;2337.69;Yasli;80
8409;Spin Master Aksiyon Koleksiyonu;Oyuncak;Aksiyon;Spin Master;4683.89;Genc;10
8410;Roland Studyo Amfi;Muzik;Studyo;Roland;4791.63;Cocuk;28
8411;Moleskine El Sanatlari Koleksiyonu;Hobi-Sanat;El Sanatlari;Moleskine;3372.81;Cocuk;24
8412;Wilson Fitness Eşofman Takımı;Spor;Fitness;Wilson;6618.18;Genc;71
8413;Wilson Ekipman Eşofman Takımı;Spor;Ekipman;Wilson;2820.18;Cocuk;65
8414;Gucci Klasik Saat;Moda;Klasik;Gucci;3518.95;Cocuk;94
8415;Michelin Arac Bakimi Aksesuarı;Otomobil-Aksesuar;Arac Bakimi;Michelin;6794.50;Cocuk;15
8416;Clinique Bakim Nemlendirici;Kozmetik;Bakim;Clinique;1042.04;Genc;34
8417;Clinique Parfum Ruj;Kozmetik;Parfum;Clinique;849.71;Cocuk;24
8418;Dogan Kitap Tarih Romanı/Kitabı;Kitap;Tarih;Dogan Kitap;101.07;Genc;53
8419;Reebok Ekipman Antrenman Ekipmanı;Spor;Ekipman;Reebok;6156.42;Yasli;79
8420;3M Konfor Aksesuarı;Otomobil-Aksesuar;Konfor;3M;14504.97;Genc;7
8421;Hasbro Klasik Seti;Oyuncak;Klasik;Hasbro;1422.53;Yasli;61
8422;LEGO Egitici Paketi;Oyuncak;Egitici;LEGO;3355.49;Yetiskin;69
8423;Gigabyte E-Spor Seti;Oyun;E-Spor;Gigabyte;1511.74;Genc;72
8424;Levi's Klasik Gözlük;Moda;Klasik;Levi's;4148.05;Yasli;18
8425;Hasbro Aksiyon Koleksiyonu;Oyuncak;Aksiyon;Hasbro;1748.60;Cocuk;22
8426;Castrol Guvenlik Aksesuarı;Otomobil-Aksesuar;Guvenlik;Castrol;12353.68;Yasli;51
8427;Burberry Aksesuar Gözlük;Moda;Aksesuar;Burberry;493.69;Yasli;70
8428;LOreal Makyaj Göz Kalemi;Kozmetik;Makyaj;LOreal;310.35;Cocuk;8
8429;Yamaha Sahne Enstrüman;Muzik;Sahne;Yamaha;21891.25;Yasli;44
8430;Tefal Mutfak Kahve Makinesi;Ev-Yasam;Mutfak;Tefal;5746.49;Genc;65
8431;Huawei Yazilim Kulaklık;Teknoloji;Yazilim;Huawei;5848.47;Cocuk;54
8432;Decathlon Fitness Antrenman Ekipmanı;Spor;Fitness;Decathlon;6573.16;Cocuk;47
8433;Sephora Makyaj Nemlendirici;Kozmetik;Makyaj;Sephora;1853.46;Yasli;18
8434;Continental Konfor Aksesuarı;Otomobil-Aksesuar;Konfor;Continental;13135.20;Yetiskin;9
8435;Corsair E-Spor Koleksiyonu;Oyun;E-Spor;Corsair;887.91;Genc;75
8436;Gibson Analog Enstrüman;Muzik;Analog;Gibson;19740.72;Cocuk;19
8437;Pioneer Guvenlik Aksesuarı;Otomobil-Aksesuar;Guvenlik;Pioneer;2085.98;Yetiskin;93
8438;Melissa Doug Klasik Koleksiyonu;Oyuncak;Klasik;Melissa Doug;2942.31;Yasli;36
8439;Meguiars Arac Bakimi Aksesuarı;Otomobil-Aksesuar;Arac Bakimi;Meguiars;11058.67;Genc;5
8440;Michelin Konfor Aksesuarı;Otomobil-Aksesuar;Konfor;Michelin;9294.87;Yasli;73
8441;Columbia Ekipman Spor Çantası;Spor;Ekipman;Columbia;3555.84;Genc;10
8442;Michelin Arac Bakimi Aksesuarı;Otomobil-Aksesuar;Arac Bakimi;Michelin;9562.96;Yasli;18
8443;Castrol Arac Bakimi Aksesuarı;Otomobil-Aksesuar;Arac Bakimi;Castrol;13191.93;Cocuk;51
8444;Marshall Studyo Pikap;Muzik;Studyo;Marshall;1269.78;Yasli;7
8445;Alfa Yayinlari Edebiyat Romanı/Kitabı;Kitap;Edebiyat;Alfa Yayinlari;243.36;Genc;47
8446;Nintendo Yayincilik Seti;Oyun;Yayincilik;Nintendo;4973.56;Cocuk;42
8447;Nivea Bakim Nemlendirici;Kozmetik;Bakim;Nivea;1146.04;Yetiskin;38
8448;Yamaha Studyo DJ Ekipmanı;Muzik;Studyo;Yamaha;3358.76;Yasli;85
8449;Philips Konfor Kahve Makinesi;Ev-Yasam;Konfor;Philips;6605.09;Yetiskin;78
8450;Marshall Analog Amfi;Muzik;Analog;Marshall;21373.55;Cocuk;93
8451;Castrol Arac Bakimi Aksesuarı;Otomobil-Aksesuar;Arac Bakimi;Castrol;12706.80;Yetiskin;74
8452;Faber-Castell Resim Seti;Hobi-Sanat;Resim;Faber-Castell;4152.83;Yetiskin;71
8453;Lacoste Aksesuar Ceket;Moda;Aksesuar;Lacoste;1951.09;Yetiskin;46
8454;Nvidia Yayincilik Koleksiyonu;Oyun;Yayincilik;Nvidia;3086.10;Yasli;68
8455;MAC Parfum Göz Kalemi;Kozmetik;Parfum;MAC;407.98;Yasli;97
8456;Lenovo Mobil Yasam Kulaklık;Teknoloji;Mobil Yasam;Lenovo;43728.02;Cocuk;24
8457;Under Armour Fitness Antrenman Ekipmanı;Spor;Fitness;Under Armour;7896.98;Yasli;67
8458;Hot Wheels Aksiyon Koleksiyonu;Oyuncak;Aksiyon;Hot Wheels;4027.12;Cocuk;34
8459;Nintendo Retro Paketi;Oyun;Retro;Nintendo;4977.45;Yetiskin;37
8460;Bose Sahne Enstrüman;Muzik;Sahne;Bose;5085.58;Yetiskin;25
8461;Prismacolor El Sanatlari Seti;Hobi-Sanat;El Sanatlari;Prismacolor;3773.67;Cocuk;23
8462;Meguiars Guvenlik Aksesuarı;Otomobil-Aksesuar;Guvenlik;Meguiars;10620.73;Yetiskin;35
8463;Nintendo Retro Koleksiyonu;Oyun;Retro;Nintendo;1759.68;Cocuk;55
8464;Bose Studyo DJ Ekipmanı;Muzik;Studyo;Bose;6752.26;Yetiskin;4
8465;Puma Aksesuar Çanta;Moda;Aksesuar;Puma;1379.78;Yasli;15
8466;Spalding Ekipman Spor Çantası;Spor;Ekipman;Spalding;2830.17;Yasli;32
8467;Reebok Fitness Eşofman Takımı;Spor;Fitness;Reebok;5155.23;Cocuk;19
8468;Columbia Ekipman Spor Çantası;Spor;Ekipman;Columbia;1168.68;Yetiskin;59
8469;Arzum Dekorasyon Kahve Makinesi;Ev-Yasam;Dekorasyon;Arzum;10758.93;Yasli;90
8470;HyperX Retro Paketi;Oyun;Retro;HyperX;2645.23;Cocuk;34
8471;Castrol Arac Bakimi Aksesuarı;Otomobil-Aksesuar;Arac Bakimi;Castrol;2100.39;Yasli;18
8472;Philips Dekorasyon Dekoratif Lamba;Ev-Yasam;Dekorasyon;Philips;9260.58;Yasli;21
8473;Wilson Fitness Koşu Ayakkabısı;Spor;Fitness;Wilson;3036.59;Genc;96
8474;Liquitex Resim Paketi;Hobi-Sanat;Resim;Liquitex;4870.75;Yetiskin;42
8475;Arzum Dekorasyon Nevresim Takımı;Ev-Yasam;Dekorasyon;Arzum;1745.91;Cocuk;21
8476;Roland Studyo Pikap;Muzik;Studyo;Roland;19543.81;Cocuk;6
8477;Corsair Yayincilik Paketi;Oyun;Yayincilik;Corsair;1842.15;Yetiskin;65
8478;Prismacolor Kirtasiye Paketi;Hobi-Sanat;Kirtasiye;Prismacolor;4558.56;Cocuk;45
8479;Yapi Kredi Edebiyat Romanı/Kitabı;Kitap;Edebiyat;Yapi Kredi;355.67;Cocuk;98
8480;Zowie Retro Paketi;Oyun;Retro;Zowie;1835.18;Genc;23
8481;Canson Resim Paketi;Hobi-Sanat;Resim;Canson;1595.31;Genc;54
8482;Spin Master Aksiyon Paketi;Oyuncak;Aksiyon;Spin Master;568.84;Genc;61
8483;Corsair E-Spor Paketi;Oyun;E-Spor;Corsair;2325.06;Yetiskin;43
8484;Ikea Dekorasyon Robot Süpürge;Ev-Yasam;Dekorasyon;Ikea;7472.66;Yetiskin;71
8485;Beko Mutfak Kahve Makinesi;Ev-Yasam;Mutfak;Beko;5452.58;Yetiskin;63
8486;Samsung Mobil Yasam Tablet;Teknoloji;Mobil Yasam;Samsung;4624.43;Genc;63
8487;Levi's Klasik Parfüm;Moda;Klasik;Levi's;2642.56;Yetiskin;36
8488;Castrol Konfor Aksesuarı;Otomobil-Aksesuar;Konfor;Castrol;9058.73;Yetiskin;38
8489;Madame Coco Mutfak Dekoratif Lamba;Ev-Yasam;Mutfak;Madame Coco;10047.19;Genc;29
8490;Adidas Klasik Parfüm;Moda;Klasik;Adidas;3154.72;Genc;57
8491;JBL Sahne DJ Ekipmanı;Muzik;Sahne;JBL;21737.72;Yasli;75
8492;Karaca Konfor Kahve Makinesi;Ev-Yasam;Konfor;Karaca;9016.36;Genc;50
8493;Iletisim Edebiyat Romanı/Kitabı;Kitap;Edebiyat;Iletisim;355.73;Cocuk;79
8494;LOreal Parfum Ruj;Kozmetik;Parfum;LOreal;1696.57;Cocuk;57
8495;Lacoste Sokak Stili Çanta;Moda;Sokak Stili;Lacoste;1399.28;Genc;89
8496;Moleskine Kirtasiye Paketi;Hobi-Sanat;Kirtasiye;Moleskine;3930.75;Cocuk;89
8497;Faber-Castell Resim Paketi;Hobi-Sanat;Resim;Faber-Castell;1388.98;Genc;44
8498;Pegasus Tarih Romanı/Kitabı;Kitap;Tarih;Pegasus;251.13;Yasli;55
8499;Prada Sokak Stili Parfüm;Moda;Sokak Stili;Prada;1648.86;Yetiskin;39
8500;Derwent Resim Koleksiyonu;Hobi-Sanat;Resim;Derwent;3642.81;Genc;41
8501;Samsung Mobil Yasam Kulaklık;Teknoloji;Mobil Yasam;Samsung;6851.29;Yasli;37
8502;Levi's Aksesuar Parfüm;Moda;Aksesuar;Levi's;2617.18;Yasli;23
8503;Mizuno Fitness Koşu Ayakkabısı;Spor;Fitness;Mizuno;7662.33;Genc;76
8504;Sephora Bakim Nemlendirici;Kozmetik;Bakim;Sephora;1093.87;Cocuk;4
8505;Michelin Guvenlik Aksesuarı;Otomobil-Aksesuar;Guvenlik;Michelin;8423.48;Yetiskin;64
8506;Audio-Technica Analog Pikap;Muzik;Analog;Audio-Technica;19891.06;Cocuk;80
8507;Is Bankasi Yayinlari Tarih Romanı/Kitabı;Kitap;Tarih;Is Bankasi Yayinlari;267.74;Genc;77
8508;Sephora Parfum Cilt Serumu;Kozmetik;Parfum;Sephora;1503.46;Yetiskin;23
8509;Canson Resim Paketi;Hobi-Sanat;Resim;Canson;2479.52;Yasli;45
8510;Tefal Dekorasyon Dekoratif Lamba;Ev-Yasam;Dekorasyon;Tefal;1926.90;Yasli;4
8511;Pasabahce Mutfak Nevresim Takımı;Ev-Yasam;Mutfak;Pasabahce;4871.80;Cocuk;54
8512;Madame Coco Dekorasyon Nevresim Takımı;Ev-Yasam;Dekorasyon;Madame Coco;8656.06;Genc;26
8513;HP Mobil Yasam Kulaklık;Teknoloji;Mobil Yasam;HP;6934.44;Cocuk;71
8514;Moleskine Kirtasiye Paketi;Hobi-Sanat;Kirtasiye;Moleskine;818.25;Genc;29
8515;Dior Bakim Cilt Serumu;Kozmetik;Bakim;Dior;653.47;Cocuk;54
8516;Hot Wheels Klasik Paketi;Oyuncak;Klasik;Hot Wheels;1633.17;Yetiskin;94
8517;Continental Arac Bakimi Aksesuarı;Otomobil-Aksesuar;Arac Bakimi;Continental;13674.77;Yasli;15
8518;Nvidia Retro Koleksiyonu;Oyun;Retro;Nvidia;3788.12;Yasli;86
8519;Sony Yazilim Akıllı Telefon;Teknoloji;Yazilim;Sony;12847.44;Yetiskin;1
8520;Xiaomi Yazilim Akıllı Saat;Teknoloji;Yazilim;Xiaomi;28801.57;Cocuk;32
8521;Nike Aksesuar Gözlük;Moda;Aksesuar;Nike;3065.59;Cocuk;29
8522;Columbia Ekipman Eşofman Takımı;Spor;Ekipman;Columbia;1056.29;Yetiskin;13
8523;Everest Tarih Romanı/Kitabı;Kitap;Tarih;Everest;250.17;Yetiskin;17
8524;Estee Lauder Makyaj Ruj;Kozmetik;Makyaj;Estee Lauder;1200.61;Yasli;34
8525;3M Konfor Aksesuarı;Otomobil-Aksesuar;Konfor;3M;4307.16;Cocuk;69
8526;Spin Master Aksiyon Koleksiyonu;Oyuncak;Aksiyon;Spin Master;3638.55;Yasli;14
8527;Nvidia Retro Koleksiyonu;Oyun;Retro;Nvidia;991.10;Cocuk;99
8528;Madame Coco Mutfak Nevresim Takımı;Ev-Yasam;Mutfak;Madame Coco;3050.03;Yetiskin;19
8529;Sennheiser Sahne Amfi;Muzik;Sahne;Sennheiser;21489.40;Yasli;85
8530;Pioneer Arac Bakimi Aksesuarı;Otomobil-Aksesuar;Arac Bakimi;Pioneer;1859.94;Genc;49
8531;MGA Entertainment Klasik Seti;Oyuncak;Klasik;MGA Entertainment;2392.83;Yasli;76
8532;Everest Kisisel Gelisim Romanı/Kitabı;Kitap;Kisisel Gelisim;Everest;377.95;Genc;80
8533;Philips Mutfak Robot Süpürge;Ev-Yasam;Mutfak;Philips;6845.40;Cocuk;32
8534;Reebok Outdoor Koşu Ayakkabısı;Spor;Outdoor;Reebok;3921.89;Yasli;90
8535;Decathlon Ekipman Koşu Ayakkabısı;Spor;Ekipman;Decathlon;4601.15;Cocuk;48
8536;Logitech E-Spor Seti;Oyun;E-Spor;Logitech;3545.20;Cocuk;9
8537;Zara Aksesuar Saat;Moda;Aksesuar;Zara;1750.43;Genc;65
8538;Michelin Guvenlik Aksesuarı;Otomobil-Aksesuar;Guvenlik;Michelin;3988.21;Cocuk;8
8539;North Face Outdoor Spor Çantası;Spor;Outdoor;North Face;3429.42;Cocuk;20
8540;LEGO Egitici Paketi;Oyuncak;Egitici;LEGO;1173.02;Cocuk;34
8541;Bosch Guvenlik Aksesuarı;Otomobil-Aksesuar;Guvenlik;Bosch;2733.01;Genc;64
8542;Asus Mobil Yasam Bilgisayar;Teknoloji;Mobil Yasam;Asus;21346.56;Genc;60
8543;Salomon Fitness Antrenman Ekipmanı;Spor;Fitness;Salomon;5977.50;Genc;69
8544;Mattel Aksiyon Koleksiyonu;Oyuncak;Aksiyon;Mattel;1722.46;Genc;90
8545;H&M Sokak Stili Parfüm;Moda;Sokak Stili;H&M;5285.21;Genc;84
8546;Yapi Kredi Tarih Romanı/Kitabı;Kitap;Tarih;Yapi Kredi;376.94;Genc;90
8547;Pioneer Arac Bakimi Aksesuarı;Otomobil-Aksesuar;Arac Bakimi;Pioneer;5793.66;Cocuk;44
8548;Roland Analog Enstrüman;Muzik;Analog;Roland;10471.36;Yetiskin;26
8549;Dior Parfum Ruj;Kozmetik;Parfum;Dior;1529.03;Cocuk;14
8550;3M Konfor Aksesuarı;Otomobil-Aksesuar;Konfor;3M;1057.07;Genc;9
8551;Beko Dekorasyon Dekoratif Lamba;Ev-Yasam;Dekorasyon;Beko;2871.89;Yetiskin;81
8552;Chanel Makyaj Göz Kalemi;Kozmetik;Makyaj;Chanel;1845.79;Cocuk;63
8553;Puma Sokak Stili Gözlük;Moda;Sokak Stili;Puma;5610.84;Yetiskin;82
8554;Logitech Yayincilik Seti;Oyun;Yayincilik;Logitech;4549.57;Yetiskin;40
8555;Reebok Ekipman Koşu Ayakkabısı;Spor;Ekipman;Reebok;3285.44;Genc;95
8556;Dior Bakim Nemlendirici;Kozmetik;Bakim;Dior;1780.34;Cocuk;23
8557;Is Bankasi Yayinlari Edebiyat Romanı/Kitabı;Kitap;Edebiyat;Is Bankasi Yayinlari;85.59;Cocuk;28
8558;Meguiars Guvenlik Aksesuarı;Otomobil-Aksesuar;Guvenlik;Meguiars;511.65;Cocuk;1
8559;Dogan Kitap Edebiyat Romanı/Kitabı;Kitap;Edebiyat;Dogan Kitap;359.09;Genc;9
8560;MSI Retro Seti;Oyun;Retro;MSI;931.98;Yasli;44
8561;Yapi Kredi Kisisel Gelisim Romanı/Kitabı;Kitap;Kisisel Gelisim;Yapi Kredi;96.01;Genc;95
8562;Pasabahce Mutfak Nevresim Takımı;Ev-Yasam;Mutfak;Pasabahce;11480.65;Genc;43
8563;Corsair Retro Koleksiyonu;Oyun;Retro;Corsair;2549.36;Genc;100
8564;Pioneer Arac Bakimi Aksesuarı;Otomobil-Aksesuar;Arac Bakimi;Pioneer;13094.03;Cocuk;26
8565;Prada Sokak Stili Çanta;Moda;Sokak Stili;Prada;5854.14;Cocuk;7
8566;Xiaomi Yazilim Kulaklık;Teknoloji;Yazilim;Xiaomi;31946.06;Yasli;36
8567;Hot Wheels Egitici Paketi;Oyuncak;Egitici;Hot Wheels;4338.01;Genc;94
8568;MGA Entertainment Klasik Seti;Oyuncak;Klasik;MGA Entertainment;3744.77;Genc;63
8569;Gibson Analog Enstrüman;Muzik;Analog;Gibson;19803.32;Genc;9
8570;Reebok Outdoor Eşofman Takımı;Spor;Outdoor;Reebok;5020.27;Yasli;91
8571;Continental Arac Bakimi Aksesuarı;Otomobil-Aksesuar;Arac Bakimi;Continental;2377.81;Yetiskin;30
8572;Alfa Yayinlari Edebiyat Romanı/Kitabı;Kitap;Edebiyat;Alfa Yayinlari;420.90;Cocuk;65
8573;Melissa Doug Egitici Seti;Oyuncak;Egitici;Melissa Doug;2670.55;Cocuk;44
8574;Gibson Studyo Amfi;Muzik;Studyo;Gibson;11174.01;Genc;69
8575;Beko Konfor Nevresim Takımı;Ev-Yasam;Konfor;Beko;9193.82;Yasli;36
8576;Wilson Outdoor Koşu Ayakkabısı;Spor;Outdoor;Wilson;3722.55;Yasli;95
8577;Tefal Konfor Nevresim Takımı;Ev-Yasam;Konfor;Tefal;11608.03;Yasli;74
8578;Logitech E-Spor Seti;Oyun;E-Spor;Logitech;2821.46;Genc;68
8579;Melissa Doug Egitici Koleksiyonu;Oyuncak;Egitici;Melissa Doug;1084.87;Yetiskin;33
8580;English Home Mutfak Kahve Makinesi;Ev-Yasam;Mutfak;English Home;5851.99;Yasli;59
8581;Mizuno Fitness Eşofman Takımı;Spor;Fitness;Mizuno;1511.01;Yetiskin;19
8582;Samsung Mobil Yasam Akıllı Telefon;Teknoloji;Mobil Yasam;Samsung;12884.03;Cocuk;47
8583;Bridgestone Konfor Aksesuarı;Otomobil-Aksesuar;Konfor;Bridgestone;6822.41;Cocuk;21
8584;Pioneer Konfor Aksesuarı;Otomobil-Aksesuar;Konfor;Pioneer;8542.84;Yetiskin;70
8585;Bridgestone Arac Bakimi Aksesuarı;Otomobil-Aksesuar;Arac Bakimi;Bridgestone;14860.24;Yasli;61
8586;Dior Bakim Göz Kalemi;Kozmetik;Bakim;Dior;1545.67;Yetiskin;17
8587;Gigabyte Retro Koleksiyonu;Oyun;Retro;Gigabyte;2851.59;Yetiskin;83
8588;Puma Aksesuar Çanta;Moda;Aksesuar;Puma;3731.25;Genc;90
8589;Adidas Klasik Parfüm;Moda;Klasik;Adidas;3319.71;Genc;28
8590;Estee Lauder Bakim Ruj;Kozmetik;Bakim;Estee Lauder;1401.42;Genc;86
8591;Pasabahce Dekorasyon Kahve Makinesi;Ev-Yasam;Dekorasyon;Pasabahce;1580.30;Yetiskin;39
8592;Under Armour Fitness Eşofman Takımı;Spor;Fitness;Under Armour;5047.82;Cocuk;9
8593;Alfa Yayinlari Tarih Romanı/Kitabı;Kitap;Tarih;Alfa Yayinlari;235.07;Yasli;73
8594;Spalding Ekipman Eşofman Takımı;Spor;Ekipman;Spalding;1454.87;Yasli;14
8595;Xiaomi Ev Ofis Tablet;Teknoloji;Ev Ofis;Xiaomi;9157.78;Yetiskin;16
8596;Sony Mobil Yasam Tablet;Teknoloji;Mobil Yasam;Sony;3312.45;Cocuk;71
8597;Metis Tarih Romanı/Kitabı;Kitap;Tarih;Metis;198.06;Cocuk;8
8598;H&M Sokak Stili Gözlük;Moda;Sokak Stili;H&M;5376.30;Yetiskin;64
8599;Pegasus Edebiyat Romanı/Kitabı;Kitap;Edebiyat;Pegasus;344.13;Cocuk;8
8600;Liquitex El Sanatlari Koleksiyonu;Hobi-Sanat;El Sanatlari;Liquitex;797.64;Yasli;64
8601;Puma Sokak Stili Ceket;Moda;Sokak Stili;Puma;1556.75;Yetiskin;10
8602;Pioneer Arac Bakimi Aksesuarı;Otomobil-Aksesuar;Arac Bakimi;Pioneer;6583.33;Yasli;32
8603;Ithaki Kisisel Gelisim Romanı/Kitabı;Kitap;Kisisel Gelisim;Ithaki;225.92;Genc;12
8604;Tefal Konfor Nevresim Takımı;Ev-Yasam;Konfor;Tefal;4886.06;Yetiskin;35
8605;Gigabyte Yayincilik Seti;Oyun;Yayincilik;Gigabyte;4075.83;Yetiskin;24
8606;Gigabyte Yayincilik Koleksiyonu;Oyun;Yayincilik;Gigabyte;1249.72;Genc;53
8607;Pasabahce Mutfak Robot Süpürge;Ev-Yasam;Mutfak;Pasabahce;5949.92;Yasli;66
8608;Canson Resim Seti;Hobi-Sanat;Resim;Canson;4388.43;Yetiskin;78
8609;Bosch Konfor Aksesuarı;Otomobil-Aksesuar;Konfor;Bosch;6185.73;Cocuk;77
8610;Bose Sahne DJ Ekipmanı;Muzik;Sahne;Bose;4180.88;Cocuk;90
8611;Maybelline Parfum Cilt Serumu;Kozmetik;Parfum;Maybelline;595.41;Cocuk;90
8612;Arzum Dekorasyon Kahve Makinesi;Ev-Yasam;Dekorasyon;Arzum;5222.41;Yetiskin;78
8613;Karaca Konfor Dekoratif Lamba;Ev-Yasam;Konfor;Karaca;7585.71;Cocuk;2
8614;Nvidia Retro Koleksiyonu;Oyun;Retro;Nvidia;4609.93;Genc;74
8615;Levi's Aksesuar Çanta;Moda;Aksesuar;Levi's;5760.46;Genc;4
8616;Pasabahce Konfor Nevresim Takımı;Ev-Yasam;Konfor;Pasabahce;2182.46;Genc;20
8617;Castelli Outdoor Spor Çantası;Spor;Outdoor;Castelli;6190.53;Cocuk;18
8618;Bosch Mutfak Kahve Makinesi;Ev-Yasam;Mutfak;Bosch;10121.43;Genc;83
8619;Dell Yazilim Akıllı Telefon;Teknoloji;Yazilim;Dell;16142.47;Cocuk;68
8620;MSI E-Spor Seti;Oyun;E-Spor;MSI;1988.69;Yetiskin;100
8621;Goodyear Guvenlik Aksesuarı;Otomobil-Aksesuar;Guvenlik;Goodyear;6341.25;Genc;80
8622;Faber-Castell Resim Seti;Hobi-Sanat;Resim;Faber-Castell;324.46;Yetiskin;15
8623;LG Yazilim Tablet;Teknoloji;Yazilim;LG;36597.66;Genc;66
8624;English Home Dekorasyon Robot Süpürge;Ev-Yasam;Dekorasyon;English Home;10104.16;Cocuk;71
8625;Arzum Mutfak Kahve Makinesi;Ev-Yasam;Mutfak;Arzum;2662.36;Yasli;22
8626;Logitech Yayincilik Seti;Oyun;Yayincilik;Logitech;2506.37;Cocuk;79
8627;Nintendo E-Spor Seti;Oyun;E-Spor;Nintendo;3652.52;Yetiskin;13
8628;Beko Mutfak Nevresim Takımı;Ev-Yasam;Mutfak;Beko;6868.07;Yetiskin;23
8629;Huawei Yazilim Akıllı Saat;Teknoloji;Yazilim;Huawei;29379.41;Genc;18
8630;Hot Wheels Klasik Paketi;Oyuncak;Klasik;Hot Wheels;621.07;Yasli;83
8631;Can Yayinlari Kisisel Gelisim Romanı/Kitabı;Kitap;Kisisel Gelisim;Can Yayinlari;461.20;Genc;59
8632;MSI Retro Seti;Oyun;Retro;MSI;392.73;Cocuk;1
8633;Beko Dekorasyon Robot Süpürge;Ev-Yasam;Dekorasyon;Beko;7404.72;Yasli;22
8634;MAC Parfum Göz Kalemi;Kozmetik;Parfum;MAC;1508.41;Yasli;8
8635;MSI Yayincilik Seti;Oyun;Yayincilik;MSI;2888.36;Yasli;90
8636;Spin Master Klasik Seti;Oyuncak;Klasik;Spin Master;106.02;Genc;89
8637;Bridgestone Arac Bakimi Aksesuarı;Otomobil-Aksesuar;Arac Bakimi;Bridgestone;14744.38;Yetiskin;75
8638;Fisher-Price Egitici Paketi;Oyuncak;Egitici;Fisher-Price;575.36;Cocuk;6
8639;Goodyear Guvenlik Aksesuarı;Otomobil-Aksesuar;Guvenlik;Goodyear;8813.92;Yetiskin;46
8640;Pasabahce Mutfak Kahve Makinesi;Ev-Yasam;Mutfak;Pasabahce;3753.79;Yetiskin;87
8641;MSI E-Spor Seti;Oyun;E-Spor;MSI;1151.76;Yetiskin;7
8642;Zara Aksesuar Saat;Moda;Aksesuar;Zara;3862.52;Yetiskin;77
8643;MGA Entertainment Klasik Koleksiyonu;Oyuncak;Klasik;MGA Entertainment;4159.89;Genc;49
8644;Casio Sahne DJ Ekipmanı;Muzik;Sahne;Casio;24827.72;Genc;47
8645;Huawei Ev Ofis Akıllı Telefon;Teknoloji;Ev Ofis;Huawei;4149.87;Yasli;62
8646;Hasbro Egitici Koleksiyonu;Oyuncak;Egitici;Hasbro;4216.21;Cocuk;13
8647;Nintendo E-Spor Koleksiyonu;Oyun;E-Spor;Nintendo;2135.45;Yasli;61
8648;Derwent Resim Paketi;Hobi-Sanat;Resim;Derwent;3709.89;Genc;100
8649;Wilson Outdoor Koşu Ayakkabısı;Spor;Outdoor;Wilson;6695.69;Genc;63
8650;Playmobil Klasik Seti;Oyuncak;Klasik;Playmobil;4080.94;Genc;85
8651;Bose Studyo Enstrüman;Muzik;Studyo;Bose;5869.28;Genc;61
8652;Spalding Outdoor Eşofman Takımı;Spor;Outdoor;Spalding;1588.10;Yasli;71
8653;Goodyear Arac Bakimi Aksesuarı;Otomobil-Aksesuar;Arac Bakimi;Goodyear;14859.60;Yasli;72
8654;Xiaomi Ev Ofis Bilgisayar;Teknoloji;Ev Ofis;Xiaomi;24709.16;Yetiskin;72
8655;Dogan Kitap Kisisel Gelisim Romanı/Kitabı;Kitap;Kisisel Gelisim;Dogan Kitap;373.81;Genc;80
8656;Roland Sahne Enstrüman;Muzik;Sahne;Roland;21074.56;Cocuk;52
8657;Sephora Makyaj Ruj;Kozmetik;Makyaj;Sephora;1135.26;Genc;74
8658;Derwent El Sanatlari Seti;Hobi-Sanat;El Sanatlari;Derwent;4304.70;Yasli;49
8659;Lenovo Mobil Yasam Bilgisayar;Teknoloji;Mobil Yasam;Lenovo;36111.79;Yasli;79
8660;English Home Dekorasyon Dekoratif Lamba;Ev-Yasam;Dekorasyon;English Home;5598.96;Yetiskin;26
8661;Spalding Fitness Spor Çantası;Spor;Fitness;Spalding;2629.39;Yetiskin;46
8662;Beko Konfor Dekoratif Lamba;Ev-Yasam;Konfor;Beko;10144.25;Yasli;12
8663;Under Armour Fitness Eşofman Takımı;Spor;Fitness;Under Armour;2371.67;Yetiskin;74
8664;Puma Klasik Çanta;Moda;Klasik;Puma;5448.75;Yasli;19
8665;Mattel Aksiyon Seti;Oyuncak;Aksiyon;Mattel;4923.38;Yetiskin;35
8666;Wilson Ekipman Eşofman Takımı;Spor;Ekipman;Wilson;2273.70;Cocuk;9
8667;Lacoste Sokak Stili Parfüm;Moda;Sokak Stili;Lacoste;1734.47;Genc;11
8668;Fender Sahne Pikap;Muzik;Sahne;Fender;19414.89;Yetiskin;69
8669;Gucci Klasik Saat;Moda;Klasik;Gucci;5705.11;Yasli;58
8670;MSI E-Spor Seti;Oyun;E-Spor;MSI;2039.64;Yasli;93
8671;Lancome Makyaj Nemlendirici;Kozmetik;Makyaj;Lancome;1395.37;Yasli;32
8672;Spalding Outdoor Antrenman Ekipmanı;Spor;Outdoor;Spalding;3998.10;Yasli;72
8673;Nvidia E-Spor Koleksiyonu;Oyun;E-Spor;Nvidia;642.75;Yasli;38
8674;Daler Rowney Kirtasiye Paketi;Hobi-Sanat;Kirtasiye;Daler Rowney;600.76;Genc;59
8675;Bose Sahne Amfi;Muzik;Sahne;Bose;10328.44;Cocuk;20
8676;Derwent Resim Seti;Hobi-Sanat;Resim;Derwent;3474.91;Cocuk;6
8677;Reebok Outdoor Antrenman Ekipmanı;Spor;Outdoor;Reebok;6654.00;Genc;7
8678;Bose Sahne Amfi;Muzik;Sahne;Bose;1985.37;Yetiskin;15
8679;Wilson Ekipman Antrenman Ekipmanı;Spor;Ekipman;Wilson;5701.61;Genc;72
8680;Dior Bakim Ruj;Kozmetik;Bakim;Dior;222.74;Yasli;37
8681;Beko Dekorasyon Robot Süpürge;Ev-Yasam;Dekorasyon;Beko;532.65;Yetiskin;74
8682;Prismacolor Kirtasiye Koleksiyonu;Hobi-Sanat;Kirtasiye;Prismacolor;3867.34;Yasli;1
8683;Audio-Technica Studyo Enstrüman;Muzik;Studyo;Audio-Technica;9459.40;Cocuk;70
8684;Karaca Dekorasyon Robot Süpürge;Ev-Yasam;Dekorasyon;Karaca;5608.12;Cocuk;80
8685;Nvidia E-Spor Paketi;Oyun;E-Spor;Nvidia;1340.18;Yetiskin;18
8686;Corsair Retro Koleksiyonu;Oyun;Retro;Corsair;3462.90;Yetiskin;18
8687;Ithaki Kisisel Gelisim Romanı/Kitabı;Kitap;Kisisel Gelisim;Ithaki;245.92;Genc;90
8688;Bose Studyo Pikap;Muzik;Studyo;Bose;17892.86;Yasli;21
8689;English Home Dekorasyon Robot Süpürge;Ev-Yasam;Dekorasyon;English Home;1574.51;Yasli;80
8690;Michelin Arac Bakimi Aksesuarı;Otomobil-Aksesuar;Arac Bakimi;Michelin;14871.72;Yasli;82
8691;JBL Sahne DJ Ekipmanı;Muzik;Sahne;JBL;7874.19;Genc;68
8692;Castrol Konfor Aksesuarı;Otomobil-Aksesuar;Konfor;Castrol;12890.02;Yetiskin;86
8693;Prismacolor El Sanatlari Koleksiyonu;Hobi-Sanat;El Sanatlari;Prismacolor;2213.92;Yasli;82
8694;Bridgestone Konfor Aksesuarı;Otomobil-Aksesuar;Konfor;Bridgestone;1724.75;Yetiskin;98
8695;Is Bankasi Yayinlari Tarih Romanı/Kitabı;Kitap;Tarih;Is Bankasi Yayinlari;455.43;Genc;96
8696;Everest Kisisel Gelisim Romanı/Kitabı;Kitap;Kisisel Gelisim;Everest;465.61;Cocuk;23
8697;Bridgestone Konfor Aksesuarı;Otomobil-Aksesuar;Konfor;Bridgestone;6834.56;Yetiskin;24
8698;Audio-Technica Studyo Enstrüman;Muzik;Studyo;Audio-Technica;5469.00;Cocuk;35
8699;H&M Klasik Çanta;Moda;Klasik;H&M;5297.37;Genc;46
8700;Spin Master Egitici Koleksiyonu;Oyuncak;Egitici;Spin Master;1073.03;Cocuk;41
8701;Pasabahce Dekorasyon Robot Süpürge;Ev-Yasam;Dekorasyon;Pasabahce;11501.09;Genc;84
8702;Alfa Yayinlari Tarih Romanı/Kitabı;Kitap;Tarih;Alfa Yayinlari;64.16;Genc;46
8703;Castrol Arac Bakimi Aksesuarı;Otomobil-Aksesuar;Arac Bakimi;Castrol;2931.01;Genc;60
8704;Samsung Ev Ofis Akıllı Saat;Teknoloji;Ev Ofis;Samsung;39816.72;Yetiskin;83
8705;Dell Yazilim Akıllı Saat;Teknoloji;Yazilim;Dell;21499.84;Yasli;27
8706;Corsair Retro Paketi;Oyun;Retro;Corsair;4729.67;Yetiskin;1
8707;LG Yazilim Bilgisayar;Teknoloji;Yazilim;LG;15379.87;Yetiskin;87
8708;Playmobil Egitici Paketi;Oyuncak;Egitici;Playmobil;2759.80;Yasli;26
8709;Beko Mutfak Nevresim Takımı;Ev-Yasam;Mutfak;Beko;2182.94;Yetiskin;23
8710;Mizuno Outdoor Koşu Ayakkabısı;Spor;Outdoor;Mizuno;5889.71;Yasli;11
8711;Daler Rowney Kirtasiye Seti;Hobi-Sanat;Kirtasiye;Daler Rowney;2808.59;Cocuk;25
8712;Karaca Konfor Nevresim Takımı;Ev-Yasam;Konfor;Karaca;5757.39;Genc;76
8713;Zara Sokak Stili Parfüm;Moda;Sokak Stili;Zara;4465.74;Yetiskin;67
8714;Clinique Bakim Cilt Serumu;Kozmetik;Bakim;Clinique;454.78;Genc;54
8715;Lenovo Ev Ofis Akıllı Telefon;Teknoloji;Ev Ofis;Lenovo;3998.37;Yetiskin;40
8716;Apple Ev Ofis Bilgisayar;Teknoloji;Ev Ofis;Apple;16399.92;Genc;93
8717;Xiaomi Mobil Yasam Bilgisayar;Teknoloji;Mobil Yasam;Xiaomi;14497.41;Yetiskin;23
8718;Arzum Konfor Robot Süpürge;Ev-Yasam;Konfor;Arzum;11856.05;Cocuk;95
8719;English Home Dekorasyon Dekoratif Lamba;Ev-Yasam;Dekorasyon;English Home;10195.48;Cocuk;30
8720;Pioneer Arac Bakimi Aksesuarı;Otomobil-Aksesuar;Arac Bakimi;Pioneer;1430.45;Genc;28
8721;Bose Studyo Pikap;Muzik;Studyo;Bose;17860.32;Yetiskin;92
8722;Fender Studyo Amfi;Muzik;Studyo;Fender;11456.25;Cocuk;15
8723;Winsor Newton El Sanatlari Koleksiyonu;Hobi-Sanat;El Sanatlari;Winsor Newton;1402.62;Yasli;44
8724;Castrol Guvenlik Aksesuarı;Otomobil-Aksesuar;Guvenlik;Castrol;14347.12;Cocuk;34
8725;HyperX Yayincilik Paketi;Oyun;Yayincilik;HyperX;1414.94;Yetiskin;29
8726;Bosch Konfor Dekoratif Lamba;Ev-Yasam;Konfor;Bosch;8603.33;Yetiskin;55
8727;Hasbro Egitici Koleksiyonu;Oyuncak;Egitici;Hasbro;1274.57;Genc;24
8728;Nvidia Retro Seti;Oyun;Retro;Nvidia;3880.59;Yasli;53
8729;Decathlon Ekipman Spor Çantası;Spor;Ekipman;Decathlon;7803.74;Yetiskin;36
8730;Sephora Parfum Ruj;Kozmetik;Parfum;Sephora;1088.28;Yetiskin;80
8731;Moleskine Kirtasiye Seti;Hobi-Sanat;Kirtasiye;Moleskine;4825.46;Yetiskin;50
8732;Samsung Yazilim Bilgisayar;Teknoloji;Yazilim;Samsung;44628.43;Yetiskin;68
8733;Zowie Retro Seti;Oyun;Retro;Zowie;1766.24;Genc;23
8734;Salomon Ekipman Antrenman Ekipmanı;Spor;Ekipman;Salomon;926.73;Genc;86
8735;Casio Analog DJ Ekipmanı;Muzik;Analog;Casio;15813.70;Cocuk;71
8736;Goodyear Guvenlik Aksesuarı;Otomobil-Aksesuar;Guvenlik;Goodyear;7936.09;Cocuk;82
8737;Audio-Technica Sahne Enstrüman;Muzik;Sahne;Audio-Technica;13266.09;Yetiskin;94
8738;Samsung Ev Ofis Bilgisayar;Teknoloji;Ev Ofis;Samsung;11590.64;Cocuk;1
8739;English Home Mutfak Robot Süpürge;Ev-Yasam;Mutfak;English Home;11353.46;Cocuk;54
8740;Arzum Konfor Dekoratif Lamba;Ev-Yasam;Konfor;Arzum;11481.49;Cocuk;15
8741;Castrol Arac Bakimi Aksesuarı;Otomobil-Aksesuar;Arac Bakimi;Castrol;11648.10;Genc;6
8742;Yamaha Sahne Amfi;Muzik;Sahne;Yamaha;3731.85;Genc;75
8743;Apple Mobil Yasam Akıllı Telefon;Teknoloji;Mobil Yasam;Apple;40340.16;Genc;88
8744;Madame Coco Dekorasyon Kahve Makinesi;Ev-Yasam;Dekorasyon;Madame Coco;10047.29;Yetiskin;70
8745;Prada Aksesuar Saat;Moda;Aksesuar;Prada;1758.26;Yetiskin;24
8746;Castrol Arac Bakimi Aksesuarı;Otomobil-Aksesuar;Arac Bakimi;Castrol;8317.64;Yetiskin;83
8747;3M Konfor Aksesuarı;Otomobil-Aksesuar;Konfor;3M;13888.96;Cocuk;84
8748;Maybelline Bakim Göz Kalemi;Kozmetik;Bakim;Maybelline;981.94;Yasli;10
8749;MSI E-Spor Seti;Oyun;E-Spor;MSI;2842.74;Genc;55
8750;MGA Entertainment Aksiyon Seti;Oyuncak;Aksiyon;MGA Entertainment;3318.73;Yetiskin;94
8751;Audio-Technica Studyo Enstrüman;Muzik;Studyo;Audio-Technica;23146.04;Genc;4
8752;Lancome Makyaj Göz Kalemi;Kozmetik;Makyaj;Lancome;942.53;Genc;41
8753;Clinique Bakim Nemlendirici;Kozmetik;Bakim;Clinique;604.73;Genc;8
8754;LG Yazilim Akıllı Telefon;Teknoloji;Yazilim;LG;43357.73;Yasli;56
8755;Arzum Mutfak Dekoratif Lamba;Ev-Yasam;Mutfak;Arzum;6470.30;Genc;60
8756;Wilson Ekipman Spor Çantası;Spor;Ekipman;Wilson;4453.57;Cocuk;96
8757;Marshall Studyo Enstrüman;Muzik;Studyo;Marshall;22817.08;Yetiskin;3
8758;Audio-Technica Analog Pikap;Muzik;Analog;Audio-Technica;12585.99;Genc;34
8759;Gucci Klasik Saat;Moda;Klasik;Gucci;5624.64;Yasli;91
8760;Nivea Parfum Nemlendirici;Kozmetik;Parfum;Nivea;1416.40;Genc;100
8761;Fender Sahne DJ Ekipmanı;Muzik;Sahne;Fender;13074.63;Yasli;95
8762;English Home Dekorasyon Nevresim Takımı;Ev-Yasam;Dekorasyon;English Home;10499.55;Yasli;90
8763;Faber-Castell Kirtasiye Paketi;Hobi-Sanat;Kirtasiye;Faber-Castell;4387.79;Yasli;14
8764;Mattel Egitici Koleksiyonu;Oyuncak;Egitici;Mattel;4282.20;Genc;53
8765;Lacoste Aksesuar Ceket;Moda;Aksesuar;Lacoste;796.93;Yasli;25
8766;Bose Studyo DJ Ekipmanı;Muzik;Studyo;Bose;15433.50;Genc;45
8767;HyperX E-Spor Paketi;Oyun;E-Spor;HyperX;2684.20;Yetiskin;92
8768;English Home Mutfak Dekoratif Lamba;Ev-Yasam;Mutfak;English Home;6681.16;Yetiskin;59
8769;Gibson Studyo DJ Ekipmanı;Muzik;Studyo;Gibson;15718.01;Yetiskin;53
8770;Chanel Parfum Cilt Serumu;Kozmetik;Parfum;Chanel;1382.83;Yasli;58
8771;Playmobil Aksiyon Paketi;Oyuncak;Aksiyon;Playmobil;3942.66;Yasli;90
8772;Lancome Makyaj Cilt Serumu;Kozmetik;Makyaj;Lancome;661.28;Yetiskin;13
8773;Nike Aksesuar Gözlük;Moda;Aksesuar;Nike;1805.71;Yasli;75
8774;Bose Analog Amfi;Muzik;Analog;Bose;11534.60;Yasli;6
8775;Prismacolor El Sanatlari Paketi;Hobi-Sanat;El Sanatlari;Prismacolor;1576.30;Cocuk;72
8776;Sony Mobil Yasam Akıllı Saat;Teknoloji;Mobil Yasam;Sony;23427.93;Genc;52
8777;Pasabahce Mutfak Robot Süpürge;Ev-Yasam;Mutfak;Pasabahce;10172.07;Yasli;54
8778;Meguiars Arac Bakimi Aksesuarı;Otomobil-Aksesuar;Arac Bakimi;Meguiars;8424.38;Yetiskin;74
8779;Zara Sokak Stili Saat;Moda;Sokak Stili;Zara;659.87;Yetiskin;52
8780;Sennheiser Studyo Amfi;Muzik;Studyo;Sennheiser;8192.98;Yetiskin;26
8781;Nintendo Retro Paketi;Oyun;Retro;Nintendo;4330.07;Yasli;100
8782;Gucci Aksesuar Ceket;Moda;Aksesuar;Gucci;1393.14;Yetiskin;52
8783;Gibson Analog DJ Ekipmanı;Muzik;Analog;Gibson;19220.08;Yetiskin;38
8784;Meguiars Guvenlik Aksesuarı;Otomobil-Aksesuar;Guvenlik;Meguiars;1978.09;Yetiskin;68
8785;Razer Yayincilik Koleksiyonu;Oyun;Yayincilik;Razer;2923.42;Cocuk;47
8786;Yamaha Analog Amfi;Muzik;Analog;Yamaha;2603.12;Genc;97
8787;Gucci Klasik Parfüm;Moda;Klasik;Gucci;4171.63;Cocuk;18
8788;Daler Rowney El Sanatlari Seti;Hobi-Sanat;El Sanatlari;Daler Rowney;4678.35;Yetiskin;51
8789;Reeves El Sanatlari Koleksiyonu;Hobi-Sanat;El Sanatlari;Reeves;4925.83;Yetiskin;50
8790;Ikea Konfor Kahve Makinesi;Ev-Yasam;Konfor;Ikea;9149.48;Cocuk;41
8791;Karaca Mutfak Nevresim Takımı;Ev-Yasam;Mutfak;Karaca;7081.02;Yetiskin;100
8792;Decathlon Fitness Eşofman Takımı;Spor;Fitness;Decathlon;6639.26;Yasli;61
8793;Fisher-Price Klasik Seti;Oyuncak;Klasik;Fisher-Price;1653.30;Yetiskin;64
8794;Fisher-Price Aksiyon Koleksiyonu;Oyuncak;Aksiyon;Fisher-Price;920.27;Genc;89
8795;Pioneer Arac Bakimi Aksesuarı;Otomobil-Aksesuar;Arac Bakimi;Pioneer;1808.66;Yetiskin;40
8796;Liquitex Resim Koleksiyonu;Hobi-Sanat;Resim;Liquitex;3772.04;Yasli;22
8797;Mattel Klasik Paketi;Oyuncak;Klasik;Mattel;3740.50;Yasli;65
8798;MGA Entertainment Egitici Koleksiyonu;Oyuncak;Egitici;MGA Entertainment;4292.95;Genc;4
8799;Casio Sahne DJ Ekipmanı;Muzik;Sahne;Casio;2370.08;Genc;33
8800;Madame Coco Dekorasyon Robot Süpürge;Ev-Yasam;Dekorasyon;Madame Coco;11042.36;Cocuk;50
8801;Pegasus Tarih Romanı/Kitabı;Kitap;Tarih;Pegasus;66.17;Yetiskin;100
8802;Melissa Doug Klasik Koleksiyonu;Oyuncak;Klasik;Melissa Doug;4523.32;Yasli;18
8803;JBL Sahne DJ Ekipmanı;Muzik;Sahne;JBL;20314.76;Yasli;3
8804;Nvidia E-Spor Paketi;Oyun;E-Spor;Nvidia;4365.40;Cocuk;71
8805;HP Yazilim Akıllı Saat;Teknoloji;Yazilim;HP;38918.83;Yasli;23
8806;Nike Aksesuar Parfüm;Moda;Aksesuar;Nike;2941.11;Cocuk;31
8807;H&M Aksesuar Saat;Moda;Aksesuar;H&M;1952.99;Cocuk;82
8808;Hasbro Egitici Paketi;Oyuncak;Egitici;Hasbro;3036.09;Cocuk;90
8809;Bosch Arac Bakimi Aksesuarı;Otomobil-Aksesuar;Arac Bakimi;Bosch;14419.78;Cocuk;50
8810;Can Yayinlari Tarih Romanı/Kitabı;Kitap;Tarih;Can Yayinlari;441.52;Yasli;90
8811;Bosch Arac Bakimi Aksesuarı;Otomobil-Aksesuar;Arac Bakimi;Bosch;10502.80;Yetiskin;74
8812;Goodyear Guvenlik Aksesuarı;Otomobil-Aksesuar;Guvenlik;Goodyear;2868.34;Yasli;37
8813;Nintendo Yayincilik Paketi;Oyun;Yayincilik;Nintendo;2090.23;Yetiskin;59
8814;Audio-Technica Analog Pikap;Muzik;Analog;Audio-Technica;9264.47;Cocuk;32
8815;HyperX E-Spor Seti;Oyun;E-Spor;HyperX;2552.47;Cocuk;52
8816;Dogan Kitap Tarih Romanı/Kitabı;Kitap;Tarih;Dogan Kitap;359.01;Yetiskin;89
8817;Pasabahce Konfor Nevresim Takımı;Ev-Yasam;Konfor;Pasabahce;7428.50;Yasli;52
8818;Madame Coco Konfor Dekoratif Lamba;Ev-Yasam;Konfor;Madame Coco;7708.45;Cocuk;48
8819;Spalding Ekipman Koşu Ayakkabısı;Spor;Ekipman;Spalding;6718.73;Yetiskin;26
8820;Karaca Dekorasyon Robot Süpürge;Ev-Yasam;Dekorasyon;Karaca;480.64;Yetiskin;55
8821;Razer Yayincilik Seti;Oyun;Yayincilik;Razer;1058.96;Yasli;24
8822;Pegasus Kisisel Gelisim Romanı/Kitabı;Kitap;Kisisel Gelisim;Pegasus;181.43;Yetiskin;3
8823;LEGO Klasik Paketi;Oyuncak;Klasik;LEGO;152.81;Genc;18
8824;Maybelline Bakim Cilt Serumu;Kozmetik;Bakim;Maybelline;654.25;Cocuk;78
8825;Columbia Fitness Spor Çantası;Spor;Fitness;Columbia;1432.85;Yasli;15
8826;Bosch Arac Bakimi Aksesuarı;Otomobil-Aksesuar;Arac Bakimi;Bosch;6896.24;Yasli;83
8827;Prismacolor Kirtasiye Paketi;Hobi-Sanat;Kirtasiye;Prismacolor;751.62;Cocuk;52
8828;Pebeo Kirtasiye Paketi;Hobi-Sanat;Kirtasiye;Pebeo;918.54;Yasli;7
8829;Pebeo Resim Paketi;Hobi-Sanat;Resim;Pebeo;2238.78;Yetiskin;70
8830;Corsair Retro Paketi;Oyun;Retro;Corsair;970.26;Genc;77
8831;Nike Klasik Gözlük;Moda;Klasik;Nike;5854.43;Yasli;45
8832;Sparco Arac Bakimi Aksesuarı;Otomobil-Aksesuar;Arac Bakimi;Sparco;3889.91;Yetiskin;91
8833;Bose Analog DJ Ekipmanı;Muzik;Analog;Bose;23220.78;Cocuk;42
8834;Audio-Technica Studyo DJ Ekipmanı;Muzik;Studyo;Audio-Technica;5901.14;Yasli;62
8835;Continental Arac Bakimi Aksesuarı;Otomobil-Aksesuar;Arac Bakimi;Continental;3018.47;Genc;77
8836;Xiaomi Mobil Yasam Akıllı Telefon;Teknoloji;Mobil Yasam;Xiaomi;25893.55;Genc;46
8837;HyperX Yayincilik Seti;Oyun;Yayincilik;HyperX;4179.04;Yetiskin;43
8838;Sennheiser Analog Amfi;Muzik;Analog;Sennheiser;22108.81;Cocuk;14
8839;Adidas Sokak Stili Gözlük;Moda;Sokak Stili;Adidas;4972.87;Cocuk;9
8840;Pioneer Konfor Aksesuarı;Otomobil-Aksesuar;Konfor;Pioneer;12873.92;Genc;64
8841;Karaca Dekorasyon Robot Süpürge;Ev-Yasam;Dekorasyon;Karaca;3918.38;Yasli;100
8842;Reeves Kirtasiye Koleksiyonu;Hobi-Sanat;Kirtasiye;Reeves;2270.67;Yasli;17
8843;Sparco Guvenlik Aksesuarı;Otomobil-Aksesuar;Guvenlik;Sparco;3084.25;Genc;55
8844;Ikea Mutfak Dekoratif Lamba;Ev-Yasam;Mutfak;Ikea;10540.77;Yasli;15
8845;Hot Wheels Aksiyon Koleksiyonu;Oyuncak;Aksiyon;Hot Wheels;1836.84;Cocuk;78
8846;Sephora Parfum Göz Kalemi;Kozmetik;Parfum;Sephora;1082.13;Genc;16
8847;Tefal Dekorasyon Kahve Makinesi;Ev-Yasam;Dekorasyon;Tefal;8829.08;Genc;77
8848;Pioneer Guvenlik Aksesuarı;Otomobil-Aksesuar;Guvenlik;Pioneer;13604.59;Genc;5
8849;Audio-Technica Studyo Enstrüman;Muzik;Studyo;Audio-Technica;24030.55;Yetiskin;22
8850;Goodyear Konfor Aksesuarı;Otomobil-Aksesuar;Konfor;Goodyear;6661.92;Cocuk;76
8851;Lenovo Ev Ofis Bilgisayar;Teknoloji;Ev Ofis;Lenovo;42282.05;Yasli;66
8852;Bridgestone Arac Bakimi Aksesuarı;Otomobil-Aksesuar;Arac Bakimi;Bridgestone;5635.93;Cocuk;82
8853;Continental Guvenlik Aksesuarı;Otomobil-Aksesuar;Guvenlik;Continental;8175.79;Genc;63
8854;Arzum Konfor Dekoratif Lamba;Ev-Yasam;Konfor;Arzum;7906.86;Yasli;20
8855;Nike Sokak Stili Ceket;Moda;Sokak Stili;Nike;1947.67;Yasli;78
8856;Madame Coco Mutfak Robot Süpürge;Ev-Yasam;Mutfak;Madame Coco;10727.72;Yasli;62
8857;Wilson Fitness Spor Çantası;Spor;Fitness;Wilson;6119.61;Yasli;61
8858;Goodyear Konfor Aksesuarı;Otomobil-Aksesuar;Konfor;Goodyear;11897.47;Cocuk;28
8859;Sparco Arac Bakimi Aksesuarı;Otomobil-Aksesuar;Arac Bakimi;Sparco;4596.20;Cocuk;21
8860;Nivea Bakim Göz Kalemi;Kozmetik;Bakim;Nivea;261.39;Yetiskin;36
8861;Nivea Makyaj Cilt Serumu;Kozmetik;Makyaj;Nivea;604.28;Yasli;33
8862;English Home Konfor Robot Süpürge;Ev-Yasam;Konfor;English Home;3294.75;Genc;92
8863;Metis Tarih Romanı/Kitabı;Kitap;Tarih;Metis;168.09;Yasli;71
8864;Zowie E-Spor Seti;Oyun;E-Spor;Zowie;1388.55;Yetiskin;48
8865;Hasbro Klasik Koleksiyonu;Oyuncak;Klasik;Hasbro;2845.23;Cocuk;88
8866;Reebok Ekipman Eşofman Takımı;Spor;Ekipman;Reebok;3932.43;Cocuk;73
8867;Reeves El Sanatlari Koleksiyonu;Hobi-Sanat;El Sanatlari;Reeves;4928.51;Yasli;38
8868;Daler Rowney Kirtasiye Seti;Hobi-Sanat;Kirtasiye;Daler Rowney;3831.00;Cocuk;11
8869;Sony Ev Ofis Bilgisayar;Teknoloji;Ev Ofis;Sony;16215.87;Yetiskin;49
8870;Pioneer Guvenlik Aksesuarı;Otomobil-Aksesuar;Guvenlik;Pioneer;2036.23;Yetiskin;9
8871;Liquitex El Sanatlari Paketi;Hobi-Sanat;El Sanatlari;Liquitex;245.93;Cocuk;38
8872;Karaca Dekorasyon Kahve Makinesi;Ev-Yasam;Dekorasyon;Karaca;9291.15;Yetiskin;98
8873;Melissa Doug Klasik Paketi;Oyuncak;Klasik;Melissa Doug;1270.92;Genc;62
8874;Dogan Kitap Edebiyat Romanı/Kitabı;Kitap;Edebiyat;Dogan Kitap;212.27;Yetiskin;72
8875;Gibson Studyo Pikap;Muzik;Studyo;Gibson;9082.78;Yetiskin;57
8876;Roland Analog Enstrüman;Muzik;Analog;Roland;13483.21;Yetiskin;78
8877;Sparco Arac Bakimi Aksesuarı;Otomobil-Aksesuar;Arac Bakimi;Sparco;14372.38;Cocuk;66
8878;HyperX E-Spor Koleksiyonu;Oyun;E-Spor;HyperX;2107.56;Genc;28
8879;Beko Konfor Kahve Makinesi;Ev-Yasam;Konfor;Beko;11594.81;Genc;57
8880;Prada Aksesuar Parfüm;Moda;Aksesuar;Prada;4228.13;Yetiskin;3
8881;Daler Rowney El Sanatlari Seti;Hobi-Sanat;El Sanatlari;Daler Rowney;4708.97;Genc;94
8882;Dior Makyaj Nemlendirici;Kozmetik;Makyaj;Dior;1874.44;Yetiskin;37
8883;Asus Mobil Yasam Akıllı Telefon;Teknoloji;Mobil Yasam;Asus;32107.49;Cocuk;51
8884;Lacoste Aksesuar Ceket;Moda;Aksesuar;Lacoste;3016.94;Yetiskin;18
8885;Tefal Dekorasyon Robot Süpürge;Ev-Yasam;Dekorasyon;Tefal;3701.55;Cocuk;67
8886;Castrol Konfor Aksesuarı;Otomobil-Aksesuar;Konfor;Castrol;6392.77;Cocuk;50
8887;Columbia Outdoor Antrenman Ekipmanı;Spor;Outdoor;Columbia;3563.04;Genc;47
8888;Bridgestone Guvenlik Aksesuarı;Otomobil-Aksesuar;Guvenlik;Bridgestone;14985.68;Yetiskin;37
8889;Gibson Studyo Pikap;Muzik;Studyo;Gibson;18209.71;Yetiskin;63
8890;Columbia Outdoor Antrenman Ekipmanı;Spor;Outdoor;Columbia;3637.95;Yetiskin;16
8891;Dell Yazilim Kulaklık;Teknoloji;Yazilim;Dell;40377.95;Yetiskin;19
8892;Audio-Technica Analog DJ Ekipmanı;Muzik;Analog;Audio-Technica;17445.54;Genc;48
8893;Chanel Bakim Cilt Serumu;Kozmetik;Bakim;Chanel;1147.56;Genc;35
8894;3M Arac Bakimi Aksesuarı;Otomobil-Aksesuar;Arac Bakimi;3M;11154.60;Cocuk;11
8895;Bose Analog Amfi;Muzik;Analog;Bose;20784.40;Genc;75
8896;Decathlon Outdoor Eşofman Takımı;Spor;Outdoor;Decathlon;6118.08;Genc;27
8897;HP Mobil Yasam Tablet;Teknoloji;Mobil Yasam;HP;25204.64;Genc;34
8898;MGA Entertainment Aksiyon Koleksiyonu;Oyuncak;Aksiyon;MGA Entertainment;3485.41;Yasli;87
8899;Decathlon Ekipman Eşofman Takımı;Spor;Ekipman;Decathlon;2396.38;Yetiskin;57
8900;LEGO Egitici Seti;Oyuncak;Egitici;LEGO;3116.62;Yetiskin;51
8901;Canson Resim Seti;Hobi-Sanat;Resim;Canson;183.71;Yasli;67
8902;LG Mobil Yasam Kulaklık;Teknoloji;Mobil Yasam;LG;39455.13;Yasli;73
8903;Reebok Ekipman Antrenman Ekipmanı;Spor;Ekipman;Reebok;2347.73;Cocuk;66
8904;Ikea Konfor Dekoratif Lamba;Ev-Yasam;Konfor;Ikea;2879.71;Genc;47
8905;Nivea Parfum Nemlendirici;Kozmetik;Parfum;Nivea;746.15;Yetiskin;28
8906;Madame Coco Konfor Robot Süpürge;Ev-Yasam;Konfor;Madame Coco;2329.19;Cocuk;63
8907;Gibson Studyo Amfi;Muzik;Studyo;Gibson;21696.06;Genc;97
8908;Castelli Fitness Antrenman Ekipmanı;Spor;Fitness;Castelli;2483.99;Yasli;57
8909;Pebeo Kirtasiye Paketi;Hobi-Sanat;Kirtasiye;Pebeo;4609.67;Yasli;50
8910;Nintendo Retro Koleksiyonu;Oyun;Retro;Nintendo;541.31;Cocuk;39
8911;Huawei Mobil Yasam Kulaklık;Teknoloji;Mobil Yasam;Huawei;29391.64;Genc;34
8912;Razer Yayincilik Koleksiyonu;Oyun;Yayincilik;Razer;1237.97;Genc;91
8913;Ithaki Edebiyat Romanı/Kitabı;Kitap;Edebiyat;Ithaki;267.72;Genc;36
8914;Philips Konfor Dekoratif Lamba;Ev-Yasam;Konfor;Philips;8648.29;Yasli;32
8915;Ithaki Tarih Romanı/Kitabı;Kitap;Tarih;Ithaki;226.46;Cocuk;96
8916;Sephora Parfum Cilt Serumu;Kozmetik;Parfum;Sephora;265.06;Genc;60
8917;Gigabyte Retro Paketi;Oyun;Retro;Gigabyte;3320.42;Yetiskin;4
8918;Lancome Makyaj Nemlendirici;Kozmetik;Makyaj;Lancome;1030.73;Yasli;59
8919;Yapi Kredi Kisisel Gelisim Romanı/Kitabı;Kitap;Kisisel Gelisim;Yapi Kredi;91.94;Yasli;68
8920;Nivea Parfum Ruj;Kozmetik;Parfum;Nivea;1174.42;Yetiskin;78
8921;Mizuno Ekipman Koşu Ayakkabısı;Spor;Ekipman;Mizuno;772.06;Cocuk;91
8922;Derwent Kirtasiye Seti;Hobi-Sanat;Kirtasiye;Derwent;2773.03;Yetiskin;58
8923;English Home Dekorasyon Kahve Makinesi;Ev-Yasam;Dekorasyon;English Home;6778.66;Cocuk;55
8924;Melissa Doug Klasik Seti;Oyuncak;Klasik;Melissa Doug;3278.66;Yasli;82
8925;Roland Studyo Pikap;Muzik;Studyo;Roland;16259.87;Yasli;67
8926;Liquitex Kirtasiye Paketi;Hobi-Sanat;Kirtasiye;Liquitex;2940.88;Genc;11
8927;Hot Wheels Klasik Paketi;Oyuncak;Klasik;Hot Wheels;4399.79;Yasli;93
8928;MAC Parfum Nemlendirici;Kozmetik;Parfum;MAC;348.05;Yetiskin;74
8929;Reeves Kirtasiye Paketi;Hobi-Sanat;Kirtasiye;Reeves;4527.45;Yasli;39
8930;Meguiars Arac Bakimi Aksesuarı;Otomobil-Aksesuar;Arac Bakimi;Meguiars;2652.69;Genc;95
8931;MAC Bakim Nemlendirici;Kozmetik;Bakim;MAC;845.87;Yetiskin;38
8932;Mizuno Ekipman Antrenman Ekipmanı;Spor;Ekipman;Mizuno;4056.57;Yetiskin;26
8933;Chanel Bakim Ruj;Kozmetik;Bakim;Chanel;694.21;Yasli;60
8934;Philips Mutfak Dekoratif Lamba;Ev-Yasam;Mutfak;Philips;4887.21;Yetiskin;47
8935;Maybelline Makyaj Nemlendirici;Kozmetik;Makyaj;Maybelline;1956.62;Yetiskin;75
8936;Chanel Makyaj Cilt Serumu;Kozmetik;Makyaj;Chanel;1434.84;Yasli;47
8937;Philips Dekorasyon Nevresim Takımı;Ev-Yasam;Dekorasyon;Philips;9411.45;Genc;56
8938;Roland Studyo Amfi;Muzik;Studyo;Roland;10921.67;Genc;1
8939;Everest Edebiyat Romanı/Kitabı;Kitap;Edebiyat;Everest;255.51;Genc;18
8940;MSI E-Spor Koleksiyonu;Oyun;E-Spor;MSI;2175.27;Cocuk;82
8941;Zara Sokak Stili Parfüm;Moda;Sokak Stili;Zara;3036.28;Yetiskin;76
8942;Bosch Konfor Aksesuarı;Otomobil-Aksesuar;Konfor;Bosch;3884.41;Genc;34
8943;Columbia Ekipman Antrenman Ekipmanı;Spor;Ekipman;Columbia;5171.72;Yetiskin;42
8944;Xiaomi Yazilim Bilgisayar;Teknoloji;Yazilim;Xiaomi;36293.09;Yetiskin;59
8945;Marshall Studyo Pikap;Muzik;Studyo;Marshall;20768.05;Yasli;32
8946;Reeves Resim Paketi;Hobi-Sanat;Resim;Reeves;4711.76;Genc;9
8947;Playmobil Aksiyon Seti;Oyuncak;Aksiyon;Playmobil;3698.20;Cocuk;93
8948;Nike Sokak Stili Parfüm;Moda;Sokak Stili;Nike;4697.86;Genc;4
8949;Pioneer Arac Bakimi Aksesuarı;Otomobil-Aksesuar;Arac Bakimi;Pioneer;6820.20;Genc;15
8950;LOreal Parfum Cilt Serumu;Kozmetik;Parfum;LOreal;1707.31;Cocuk;94
8951;Gigabyte Retro Seti;Oyun;Retro;Gigabyte;4061.06;Cocuk;54
8952;Ikea Konfor Kahve Makinesi;Ev-Yasam;Konfor;Ikea;9194.41;Genc;30
8953;Sparco Guvenlik Aksesuarı;Otomobil-Aksesuar;Guvenlik;Sparco;1068.14;Yetiskin;74
8954;Fisher-Price Aksiyon Paketi;Oyuncak;Aksiyon;Fisher-Price;683.76;Yetiskin;57
8955;Karaca Mutfak Nevresim Takımı;Ev-Yasam;Mutfak;Karaca;7855.55;Genc;48
8956;MAC Parfum Nemlendirici;Kozmetik;Parfum;MAC;1393.31;Yetiskin;32
8957;Alfa Yayinlari Kisisel Gelisim Romanı/Kitabı;Kitap;Kisisel Gelisim;Alfa Yayinlari;414.28;Yasli;67
8958;Yamaha Sahne DJ Ekipmanı;Muzik;Sahne;Yamaha;22111.79;Cocuk;78
8959;Faber-Castell Kirtasiye Koleksiyonu;Hobi-Sanat;Kirtasiye;Faber-Castell;1680.50;Genc;21
8960;MAC Parfum Ruj;Kozmetik;Parfum;MAC;756.72;Cocuk;27
8961;Razer E-Spor Koleksiyonu;Oyun;E-Spor;Razer;1892.97;Cocuk;51
8962;Marshall Studyo DJ Ekipmanı;Muzik;Studyo;Marshall;15317.36;Genc;11
8963;Salomon Outdoor Eşofman Takımı;Spor;Outdoor;Salomon;1003.25;Cocuk;63
8964;Apple Ev Ofis Akıllı Saat;Teknoloji;Ev Ofis;Apple;6864.66;Cocuk;36
8965;Xiaomi Mobil Yasam Kulaklık;Teknoloji;Mobil Yasam;Xiaomi;9042.81;Cocuk;34
8966;Michelin Konfor Aksesuarı;Otomobil-Aksesuar;Konfor;Michelin;4234.80;Yasli;43
8967;Samsung Yazilim Tablet;Teknoloji;Yazilim;Samsung;14616.83;Cocuk;88
8968;Daler Rowney Resim Paketi;Hobi-Sanat;Resim;Daler Rowney;2142.21;Genc;8
8969;Apple Ev Ofis Bilgisayar;Teknoloji;Ev Ofis;Apple;4889.46;Yasli;59
8970;Nvidia Retro Koleksiyonu;Oyun;Retro;Nvidia;2932.06;Yetiskin;74
8971;Meguiars Arac Bakimi Aksesuarı;Otomobil-Aksesuar;Arac Bakimi;Meguiars;12868.35;Genc;46
8972;Maybelline Bakim Nemlendirici;Kozmetik;Bakim;Maybelline;1487.39;Yasli;50
8973;Bosch Guvenlik Aksesuarı;Otomobil-Aksesuar;Guvenlik;Bosch;3531.51;Yetiskin;60
8974;Prismacolor Kirtasiye Paketi;Hobi-Sanat;Kirtasiye;Prismacolor;3691.02;Cocuk;12
8975;Pasabahce Mutfak Dekoratif Lamba;Ev-Yasam;Mutfak;Pasabahce;727.33;Yasli;93
8976;Metis Tarih Romanı/Kitabı;Kitap;Tarih;Metis;283.28;Yasli;17
8977;Pegasus Tarih Romanı/Kitabı;Kitap;Tarih;Pegasus;140.19;Yetiskin;65
8978;Nvidia Yayincilik Paketi;Oyun;Yayincilik;Nvidia;2295.13;Genc;85
8979;Bridgestone Guvenlik Aksesuarı;Otomobil-Aksesuar;Guvenlik;Bridgestone;5834.03;Cocuk;89
8980;Is Bankasi Yayinlari Kisisel Gelisim Romanı/Kitabı;Kitap;Kisisel Gelisim;Is Bankasi Yayinlari;162.04;Yasli;62
8981;Sennheiser Studyo Pikap;Muzik;Studyo;Sennheiser;4501.06;Yasli;34
8982;H&M Sokak Stili Çanta;Moda;Sokak Stili;H&M;527.60;Cocuk;43
8983;Wilson Fitness Spor Çantası;Spor;Fitness;Wilson;2328.68;Yetiskin;32
8984;H&M Aksesuar Parfüm;Moda;Aksesuar;H&M;883.12;Yetiskin;71
8985;LOreal Makyaj Nemlendirici;Kozmetik;Makyaj;LOreal;1637.62;Cocuk;78
8986;Levi's Aksesuar Gözlük;Moda;Aksesuar;Levi's;812.12;Cocuk;66
8987;Pasabahce Mutfak Dekoratif Lamba;Ev-Yasam;Mutfak;Pasabahce;10637.03;Genc;64
8988;Samsung Mobil Yasam Akıllı Telefon;Teknoloji;Mobil Yasam;Samsung;4935.27;Yasli;100
8989;Beko Konfor Kahve Makinesi;Ev-Yasam;Konfor;Beko;525.78;Yetiskin;36
8990;Sony Mobil Yasam Tablet;Teknoloji;Mobil Yasam;Sony;40526.08;Yetiskin;32
8991;Castelli Ekipman Antrenman Ekipmanı;Spor;Ekipman;Castelli;5533.03;Cocuk;53
8992;Beko Dekorasyon Dekoratif Lamba;Ev-Yasam;Dekorasyon;Beko;2383.82;Yasli;11
8993;SteelSeries Yayincilik Seti;Oyun;Yayincilik;SteelSeries;106.54;Cocuk;80
8994;Estee Lauder Parfum Nemlendirici;Kozmetik;Parfum;Estee Lauder;1794.60;Yasli;53
8995;MSI Retro Koleksiyonu;Oyun;Retro;MSI;2569.37;Yetiskin;14
8996;Canson Resim Paketi;Hobi-Sanat;Resim;Canson;1108.26;Cocuk;91
8997;Bose Sahne DJ Ekipmanı;Muzik;Sahne;Bose;19591.26;Yetiskin;35
8998;Dior Makyaj Göz Kalemi;Kozmetik;Makyaj;Dior;1908.70;Yetiskin;49
8999;Clinique Makyaj Nemlendirici;Kozmetik;Makyaj;Clinique;1116.74;Cocuk;14
9000;Corsair Retro Paketi;Oyun;Retro;Corsair;3938.28;Yasli;44
9001;Lenovo Ev Ofis Kulaklık;Teknoloji;Ev Ofis;Lenovo;19235.09;Yetiskin;11
9002;Samsung Ev Ofis Bilgisayar;Teknoloji;Ev Ofis;Samsung;8020.98;Cocuk;100
9003;Corsair Retro Seti;Oyun;Retro;Corsair;2141.88;Yasli;64
9004;Gibson Sahne Enstrüman;Muzik;Sahne;Gibson;9711.84;Cocuk;90
9005;Spalding Outdoor Spor Çantası;Spor;Outdoor;Spalding;7561.58;Yasli;78
9006;Sephora Makyaj Göz Kalemi;Kozmetik;Makyaj;Sephora;1367.12;Cocuk;38
9007;Nike Klasik Parfüm;Moda;Klasik;Nike;3659.10;Cocuk;9
9008;Casio Studyo DJ Ekipmanı;Muzik;Studyo;Casio;19569.45;Genc;78
9009;Clinique Parfum Göz Kalemi;Kozmetik;Parfum;Clinique;1045.26;Cocuk;39
9010;Nivea Makyaj Göz Kalemi;Kozmetik;Makyaj;Nivea;1166.88;Yetiskin;48
9011;Metis Tarih Romanı/Kitabı;Kitap;Tarih;Metis;67.98;Genc;62
9012;Winsor Newton Kirtasiye Paketi;Hobi-Sanat;Kirtasiye;Winsor Newton;4474.70;Yetiskin;31
9013;Under Armour Ekipman Koşu Ayakkabısı;Spor;Ekipman;Under Armour;1299.39;Cocuk;44
9014;Bridgestone Guvenlik Aksesuarı;Otomobil-Aksesuar;Guvenlik;Bridgestone;9986.52;Cocuk;77
9015;Samsung Ev Ofis Tablet;Teknoloji;Ev Ofis;Samsung;22277.61;Yetiskin;85
9016;Nike Klasik Gözlük;Moda;Klasik;Nike;1703.16;Yasli;39
9017;Burberry Aksesuar Saat;Moda;Aksesuar;Burberry;732.17;Yetiskin;95
9018;Yamaha Studyo Amfi;Muzik;Studyo;Yamaha;7777.07;Cocuk;97
9019;3M Arac Bakimi Aksesuarı;Otomobil-Aksesuar;Arac Bakimi;3M;7681.41;Cocuk;57
9020;Logitech Retro Koleksiyonu;Oyun;Retro;Logitech;4435.92;Genc;50
9021;Yapi Kredi Kisisel Gelisim Romanı/Kitabı;Kitap;Kisisel Gelisim;Yapi Kredi;119.46;Yetiskin;80
9022;Ikea Konfor Kahve Makinesi;Ev-Yasam;Konfor;Ikea;10009.74;Yetiskin;8
9023;Lancome Bakim Cilt Serumu;Kozmetik;Bakim;Lancome;1899.98;Yasli;85
9024;Zara Klasik Parfüm;Moda;Klasik;Zara;5640.57;Genc;90
9025;H&M Klasik Saat;Moda;Klasik;H&M;1940.66;Cocuk;8
9026;Under Armour Outdoor Eşofman Takımı;Spor;Outdoor;Under Armour;5093.78;Yasli;10
9027;Winsor Newton El Sanatlari Paketi;Hobi-Sanat;El Sanatlari;Winsor Newton;3481.36;Cocuk;93
9028;Arzum Konfor Nevresim Takımı;Ev-Yasam;Konfor;Arzum;9356.54;Cocuk;87
9029;Canson Kirtasiye Seti;Hobi-Sanat;Kirtasiye;Canson;4341.30;Cocuk;57
9030;Sony Yazilim Kulaklık;Teknoloji;Yazilim;Sony;34556.34;Genc;98
9031;Xiaomi Yazilim Kulaklık;Teknoloji;Yazilim;Xiaomi;13207.62;Genc;7
9032;Yamaha Studyo Enstrüman;Muzik;Studyo;Yamaha;13992.63;Yetiskin;54
9033;LEGO Klasik Paketi;Oyuncak;Klasik;LEGO;2053.99;Yasli;13
9034;Marshall Studyo Amfi;Muzik;Studyo;Marshall;2795.76;Genc;46
9035;Spin Master Klasik Paketi;Oyuncak;Klasik;Spin Master;2524.22;Yetiskin;6
9036;Iletisim Edebiyat Romanı/Kitabı;Kitap;Edebiyat;Iletisim;364.19;Cocuk;35
9037;SteelSeries E-Spor Koleksiyonu;Oyun;E-Spor;SteelSeries;2526.56;Cocuk;5
9038;Mattel Aksiyon Paketi;Oyuncak;Aksiyon;Mattel;1455.42;Yetiskin;32
9039;HP Ev Ofis Kulaklık;Teknoloji;Ev Ofis;HP;40490.95;Cocuk;46
9040;Daler Rowney Resim Seti;Hobi-Sanat;Resim;Daler Rowney;1290.83;Genc;35
9041;Razer Retro Koleksiyonu;Oyun;Retro;Razer;4941.06;Yetiskin;9
9042;Liquitex El Sanatlari Paketi;Hobi-Sanat;El Sanatlari;Liquitex;4172.78;Yetiskin;72
9043;Goodyear Arac Bakimi Aksesuarı;Otomobil-Aksesuar;Arac Bakimi;Goodyear;2149.17;Yetiskin;36
9044;Nivea Bakim Göz Kalemi;Kozmetik;Bakim;Nivea;562.62;Genc;36
9045;Fender Analog Amfi;Muzik;Analog;Fender;17346.21;Yasli;78
9046;Goodyear Guvenlik Aksesuarı;Otomobil-Aksesuar;Guvenlik;Goodyear;11467.60;Cocuk;45
9047;Decathlon Ekipman Antrenman Ekipmanı;Spor;Ekipman;Decathlon;5475.86;Yetiskin;27
9048;Faber-Castell Resim Paketi;Hobi-Sanat;Resim;Faber-Castell;4580.18;Cocuk;53
9049;Mizuno Ekipman Spor Çantası;Spor;Ekipman;Mizuno;3686.42;Yetiskin;95
9050;Samsung Ev Ofis Bilgisayar;Teknoloji;Ev Ofis;Samsung;24485.47;Yetiskin;23
9051;Derwent El Sanatlari Paketi;Hobi-Sanat;El Sanatlari;Derwent;4610.22;Cocuk;79
9052;Bridgestone Guvenlik Aksesuarı;Otomobil-Aksesuar;Guvenlik;Bridgestone;10299.63;Cocuk;13
9053;Yapi Kredi Kisisel Gelisim Romanı/Kitabı;Kitap;Kisisel Gelisim;Yapi Kredi;460.04;Genc;46
9054;Castrol Arac Bakimi Aksesuarı;Otomobil-Aksesuar;Arac Bakimi;Castrol;7790.09;Cocuk;63
9055;Xiaomi Ev Ofis Bilgisayar;Teknoloji;Ev Ofis;Xiaomi;17431.49;Cocuk;35
9056;Prismacolor Resim Koleksiyonu;Hobi-Sanat;Resim;Prismacolor;3956.66;Yetiskin;74
9057;Razer Retro Koleksiyonu;Oyun;Retro;Razer;903.03;Yasli;10
9058;Clinique Makyaj Cilt Serumu;Kozmetik;Makyaj;Clinique;1854.11;Yasli;10
9059;Bosch Konfor Dekoratif Lamba;Ev-Yasam;Konfor;Bosch;5480.59;Yasli;96
9060;Castelli Fitness Antrenman Ekipmanı;Spor;Fitness;Castelli;666.90;Cocuk;11
9061;Castrol Guvenlik Aksesuarı;Otomobil-Aksesuar;Guvenlik;Castrol;14918.19;Yasli;83
9062;Bose Studyo DJ Ekipmanı;Muzik;Studyo;Bose;1594.49;Yasli;78
9063;Prada Aksesuar Saat;Moda;Aksesuar;Prada;2061.89;Cocuk;74
9064;Is Bankasi Yayinlari Tarih Romanı/Kitabı;Kitap;Tarih;Is Bankasi Yayinlari;344.68;Cocuk;33
9065;Philips Konfor Robot Süpürge;Ev-Yasam;Konfor;Philips;10983.84;Yasli;57
9066;SteelSeries Retro Paketi;Oyun;Retro;SteelSeries;149.11;Genc;86
9067;Prismacolor Resim Koleksiyonu;Hobi-Sanat;Resim;Prismacolor;2061.89;Yetiskin;79
9068;Hot Wheels Klasik Paketi;Oyuncak;Klasik;Hot Wheels;2448.47;Yasli;90
9069;Clinique Makyaj Cilt Serumu;Kozmetik;Makyaj;Clinique;555.38;Genc;24
9070;Arzum Mutfak Nevresim Takımı;Ev-Yasam;Mutfak;Arzum;6190.17;Yasli;35
9071;Nvidia E-Spor Paketi;Oyun;E-Spor;Nvidia;2088.25;Yasli;65
9072;H&M Aksesuar Ceket;Moda;Aksesuar;H&M;4532.75;Genc;72
9073;Canson El Sanatlari Koleksiyonu;Hobi-Sanat;El Sanatlari;Canson;3096.80;Genc;2
9074;Playmobil Egitici Seti;Oyuncak;Egitici;Playmobil;1105.33;Genc;28
9075;Sephora Parfum Ruj;Kozmetik;Parfum;Sephora;1784.43;Yasli;52
9076;Playmobil Aksiyon Koleksiyonu;Oyuncak;Aksiyon;Playmobil;1091.14;Genc;16
9077;Mattel Klasik Paketi;Oyuncak;Klasik;Mattel;4037.21;Cocuk;39
9078;Derwent El Sanatlari Seti;Hobi-Sanat;El Sanatlari;Derwent;4922.74;Yasli;44
9079;Sennheiser Studyo Amfi;Muzik;Studyo;Sennheiser;8654.68;Genc;76
9080;H&M Sokak Stili Gözlük;Moda;Sokak Stili;H&M;5580.94;Cocuk;74
9081;Puma Sokak Stili Gözlük;Moda;Sokak Stili;Puma;5112.61;Cocuk;82
9082;3M Konfor Aksesuarı;Otomobil-Aksesuar;Konfor;3M;9675.84;Yasli;92
9083;Maybelline Makyaj Cilt Serumu;Kozmetik;Makyaj;Maybelline;902.46;Cocuk;70
9084;Sony Yazilim Tablet;Teknoloji;Yazilim;Sony;18453.38;Genc;53
9085;Liquitex Resim Seti;Hobi-Sanat;Resim;Liquitex;4519.39;Yasli;97
9086;Pebeo Resim Paketi;Hobi-Sanat;Resim;Pebeo;2137.36;Genc;78
9087;Prada Klasik Ceket;Moda;Klasik;Prada;3780.03;Yetiskin;90
9088;Puma Sokak Stili Saat;Moda;Sokak Stili;Puma;776.98;Cocuk;36
9089;Goodyear Guvenlik Aksesuarı;Otomobil-Aksesuar;Guvenlik;Goodyear;11187.21;Yasli;53
9090;Casio Sahne Enstrüman;Muzik;Sahne;Casio;8815.23;Cocuk;71
9091;Pioneer Arac Bakimi Aksesuarı;Otomobil-Aksesuar;Arac Bakimi;Pioneer;2140.89;Yetiskin;43
9092;Huawei Ev Ofis Akıllı Saat;Teknoloji;Ev Ofis;Huawei;7898.38;Cocuk;54
9093;Daler Rowney Kirtasiye Paketi;Hobi-Sanat;Kirtasiye;Daler Rowney;3960.12;Yetiskin;82
9094;Philips Konfor Robot Süpürge;Ev-Yasam;Konfor;Philips;10961.66;Cocuk;11
9095;Audio-Technica Studyo DJ Ekipmanı;Muzik;Studyo;Audio-Technica;7091.68;Cocuk;42
9096;Wilson Outdoor Koşu Ayakkabısı;Spor;Outdoor;Wilson;2739.99;Cocuk;86
9097;Michelin Guvenlik Aksesuarı;Otomobil-Aksesuar;Guvenlik;Michelin;3543.69;Cocuk;44
9098;Philips Dekorasyon Kahve Makinesi;Ev-Yasam;Dekorasyon;Philips;1478.44;Yetiskin;73
9099;Samsung Mobil Yasam Tablet;Teknoloji;Mobil Yasam;Samsung;27360.20;Cocuk;98
9100;Yapi Kredi Tarih Romanı/Kitabı;Kitap;Tarih;Yapi Kredi;389.42;Yasli;80
9101;Apple Mobil Yasam Akıllı Saat;Teknoloji;Mobil Yasam;Apple;26282.42;Yetiskin;71
9102;Levi's Klasik Çanta;Moda;Klasik;Levi's;4235.85;Yetiskin;12
9103;Prada Sokak Stili Saat;Moda;Sokak Stili;Prada;833.90;Genc;90
9104;LOreal Bakim Ruj;Kozmetik;Bakim;LOreal;1855.95;Genc;41
9105;Levi's Sokak Stili Gözlük;Moda;Sokak Stili;Levi's;4876.54;Yasli;85
9106;Lacoste Aksesuar Ceket;Moda;Aksesuar;Lacoste;1891.03;Yasli;6
9107;Fisher-Price Klasik Seti;Oyuncak;Klasik;Fisher-Price;4424.64;Yetiskin;68
9108;Pasabahce Mutfak Kahve Makinesi;Ev-Yasam;Mutfak;Pasabahce;6086.62;Yetiskin;81
9109;Razer Yayincilik Seti;Oyun;Yayincilik;Razer;2805.20;Yasli;22
9110;Beko Mutfak Robot Süpürge;Ev-Yasam;Mutfak;Beko;6168.67;Cocuk;77
9111;Sephora Makyaj Nemlendirici;Kozmetik;Makyaj;Sephora;383.71;Genc;49
9112;Decathlon Outdoor Spor Çantası;Spor;Outdoor;Decathlon;1094.87;Yetiskin;91
9113;Sephora Parfum Göz Kalemi;Kozmetik;Parfum;Sephora;1138.47;Genc;59
9114;Burberry Sokak Stili Parfüm;Moda;Sokak Stili;Burberry;1061.52;Yetiskin;20
9115;Philips Mutfak Kahve Makinesi;Ev-Yasam;Mutfak;Philips;9244.87;Yasli;19
9116;Bosch Guvenlik Aksesuarı;Otomobil-Aksesuar;Guvenlik;Bosch;5259.81;Yasli;54
9117;Prismacolor Kirtasiye Paketi;Hobi-Sanat;Kirtasiye;Prismacolor;1253.57;Cocuk;84
9118;Alfa Yayinlari Tarih Romanı/Kitabı;Kitap;Tarih;Alfa Yayinlari;76.40;Genc;49
9119;Sparco Guvenlik Aksesuarı;Otomobil-Aksesuar;Guvenlik;Sparco;7306.10;Cocuk;25
9120;Yamaha Analog Pikap;Muzik;Analog;Yamaha;8175.74;Yasli;50
9121;Hot Wheels Egitici Seti;Oyuncak;Egitici;Hot Wheels;2814.75;Yetiskin;58
9122;Melissa Doug Aksiyon Koleksiyonu;Oyuncak;Aksiyon;Melissa Doug;843.42;Cocuk;44
9123;JBL Studyo DJ Ekipmanı;Muzik;Studyo;JBL;24887.02;Cocuk;21
9124;Marshall Analog Pikap;Muzik;Analog;Marshall;17078.06;Cocuk;60
9125;Sennheiser Studyo DJ Ekipmanı;Muzik;Studyo;Sennheiser;8492.30;Yetiskin;90
9126;Lancome Makyaj Ruj;Kozmetik;Makyaj;Lancome;493.31;Cocuk;53
9127;Maybelline Bakim Ruj;Kozmetik;Bakim;Maybelline;1790.90;Yasli;10
9128;Ikea Mutfak Robot Süpürge;Ev-Yasam;Mutfak;Ikea;2355.83;Yetiskin;84
9129;Razer Retro Paketi;Oyun;Retro;Razer;471.49;Yetiskin;71
9130;HP Yazilim Tablet;Teknoloji;Yazilim;HP;22344.57;Yasli;56
9131;Fisher-Price Klasik Paketi;Oyuncak;Klasik;Fisher-Price;390.63;Yetiskin;62
9132;Huawei Ev Ofis Akıllı Saat;Teknoloji;Ev Ofis;Huawei;30238.20;Cocuk;96
9133;LG Mobil Yasam Bilgisayar;Teknoloji;Mobil Yasam;LG;40743.19;Cocuk;27
9134;Tefal Konfor Kahve Makinesi;Ev-Yasam;Konfor;Tefal;5674.60;Cocuk;90
9135;Dell Yazilim Bilgisayar;Teknoloji;Yazilim;Dell;24387.95;Yetiskin;33
9136;JBL Sahne Pikap;Muzik;Sahne;JBL;18804.19;Yasli;100
9137;Decathlon Fitness Eşofman Takımı;Spor;Fitness;Decathlon;4545.66;Yetiskin;16
9138;Sennheiser Analog Amfi;Muzik;Analog;Sennheiser;14506.32;Cocuk;94
9139;Zara Sokak Stili Ceket;Moda;Sokak Stili;Zara;1462.86;Cocuk;48
9140;MSI E-Spor Koleksiyonu;Oyun;E-Spor;MSI;413.20;Cocuk;5
9141;Fender Studyo Amfi;Muzik;Studyo;Fender;21320.60;Genc;94
9142;Corsair Yayincilik Seti;Oyun;Yayincilik;Corsair;2102.07;Yasli;89
9143;Nivea Bakim Göz Kalemi;Kozmetik;Bakim;Nivea;1238.45;Yetiskin;35
9144;Philips Mutfak Nevresim Takımı;Ev-Yasam;Mutfak;Philips;483.08;Yasli;75
9145;Clinique Parfum Cilt Serumu;Kozmetik;Parfum;Clinique;596.85;Yasli;18
9146;North Face Outdoor Spor Çantası;Spor;Outdoor;North Face;5335.55;Cocuk;59
9147;Pioneer Konfor Aksesuarı;Otomobil-Aksesuar;Konfor;Pioneer;12218.62;Yasli;61
9148;Razer E-Spor Koleksiyonu;Oyun;E-Spor;Razer;3728.52;Genc;9
9149;Xiaomi Ev Ofis Akıllı Telefon;Teknoloji;Ev Ofis;Xiaomi;43821.26;Cocuk;47
9150;LOreal Makyaj Nemlendirici;Kozmetik;Makyaj;LOreal;643.39;Genc;27
9151;Ithaki Tarih Romanı/Kitabı;Kitap;Tarih;Ithaki;444.91;Yetiskin;14
9152;Gucci Sokak Stili Gözlük;Moda;Sokak Stili;Gucci;2779.76;Yasli;77
9153;Wilson Fitness Antrenman Ekipmanı;Spor;Fitness;Wilson;1883.11;Genc;81
9154;Decathlon Fitness Spor Çantası;Spor;Fitness;Decathlon;5113.27;Genc;67
9155;Fisher-Price Klasik Paketi;Oyuncak;Klasik;Fisher-Price;2337.19;Cocuk;53
9156;Gigabyte E-Spor Paketi;Oyun;E-Spor;Gigabyte;4326.69;Yasli;17
9157;Zowie Yayincilik Paketi;Oyun;Yayincilik;Zowie;2508.70;Cocuk;70
9158;Gucci Sokak Stili Çanta;Moda;Sokak Stili;Gucci;4744.13;Genc;48
9159;Sony Mobil Yasam Akıllı Telefon;Teknoloji;Mobil Yasam;Sony;22383.19;Yetiskin;94
9160;Huawei Ev Ofis Kulaklık;Teknoloji;Ev Ofis;Huawei;30815.94;Yasli;39
9161;Winsor Newton El Sanatlari Seti;Hobi-Sanat;El Sanatlari;Winsor Newton;984.28;Genc;7
9162;Estee Lauder Makyaj Nemlendirici;Kozmetik;Makyaj;Estee Lauder;243.53;Genc;84
9163;Michelin Konfor Aksesuarı;Otomobil-Aksesuar;Konfor;Michelin;10780.57;Genc;19
9164;LG Mobil Yasam Bilgisayar;Teknoloji;Mobil Yasam;LG;10941.63;Yetiskin;4
9165;Sparco Guvenlik Aksesuarı;Otomobil-Aksesuar;Guvenlik;Sparco;6676.13;Yasli;31
9166;Reebok Ekipman Koşu Ayakkabısı;Spor;Ekipman;Reebok;1425.95;Yetiskin;7
9167;Dior Makyaj Cilt Serumu;Kozmetik;Makyaj;Dior;1591.19;Yetiskin;89
9168;Nintendo Yayincilik Paketi;Oyun;Yayincilik;Nintendo;1697.74;Cocuk;9
9169;Karaca Mutfak Nevresim Takımı;Ev-Yasam;Mutfak;Karaca;8277.03;Yetiskin;16
9170;Huawei Mobil Yasam Kulaklık;Teknoloji;Mobil Yasam;Huawei;31584.32;Yasli;71
9171;Spin Master Egitici Koleksiyonu;Oyuncak;Egitici;Spin Master;4680.41;Yetiskin;42
9172;Everest Kisisel Gelisim Romanı/Kitabı;Kitap;Kisisel Gelisim;Everest;90.20;Cocuk;55
9173;VTech Egitici Seti;Oyuncak;Egitici;VTech;3034.95;Cocuk;44
9174;Yapi Kredi Kisisel Gelisim Romanı/Kitabı;Kitap;Kisisel Gelisim;Yapi Kredi;74.81;Cocuk;51
9175;Zowie Yayincilik Paketi;Oyun;Yayincilik;Zowie;774.68;Yetiskin;35
9176;Decathlon Outdoor Spor Çantası;Spor;Outdoor;Decathlon;7930.95;Yetiskin;50
9177;Pegasus Kisisel Gelisim Romanı/Kitabı;Kitap;Kisisel Gelisim;Pegasus;101.10;Yetiskin;30
9178;Playmobil Klasik Koleksiyonu;Oyuncak;Klasik;Playmobil;159.38;Cocuk;89
9179;MGA Entertainment Egitici Paketi;Oyuncak;Egitici;MGA Entertainment;4124.56;Yetiskin;48
9180;LEGO Egitici Seti;Oyuncak;Egitici;LEGO;499.12;Cocuk;11
9181;Hasbro Klasik Koleksiyonu;Oyuncak;Klasik;Hasbro;4935.53;Genc;97
9182;Huawei Ev Ofis Akıllı Saat;Teknoloji;Ev Ofis;Huawei;29346.44;Genc;7
9183;Logitech E-Spor Koleksiyonu;Oyun;E-Spor;Logitech;2104.17;Yetiskin;38
9184;Winsor Newton El Sanatlari Seti;Hobi-Sanat;El Sanatlari;Winsor Newton;2649.29;Yetiskin;36
9185;Metis Kisisel Gelisim Romanı/Kitabı;Kitap;Kisisel Gelisim;Metis;465.19;Yetiskin;79
9186;Mizuno Ekipman Koşu Ayakkabısı;Spor;Ekipman;Mizuno;1177.89;Yasli;87
9187;Logitech Retro Seti;Oyun;Retro;Logitech;2455.38;Genc;70
9188;Nike Sokak Stili Parfüm;Moda;Sokak Stili;Nike;4826.78;Genc;80
9189;Mizuno Ekipman Spor Çantası;Spor;Ekipman;Mizuno;3020.43;Genc;16
9190;Sparco Arac Bakimi Aksesuarı;Otomobil-Aksesuar;Arac Bakimi;Sparco;8586.51;Genc;39
9191;Marshall Analog Enstrüman;Muzik;Analog;Marshall;8204.82;Cocuk;86
9192;Everest Tarih Romanı/Kitabı;Kitap;Tarih;Everest;59.88;Yasli;5
9193;Wilson Fitness Eşofman Takımı;Spor;Fitness;Wilson;1014.98;Cocuk;34
9194;Prismacolor El Sanatlari Paketi;Hobi-Sanat;El Sanatlari;Prismacolor;4956.15;Genc;59
9195;Metis Kisisel Gelisim Romanı/Kitabı;Kitap;Kisisel Gelisim;Metis;231.21;Genc;29
9196;Zowie E-Spor Koleksiyonu;Oyun;E-Spor;Zowie;2760.81;Yasli;41
9197;English Home Dekorasyon Nevresim Takımı;Ev-Yasam;Dekorasyon;English Home;11470.26;Yasli;87
9198;Casio Studyo Enstrüman;Muzik;Studyo;Casio;5482.74;Yetiskin;79
9199;Clinique Parfum Göz Kalemi;Kozmetik;Parfum;Clinique;662.97;Genc;27
9200;Yamaha Sahne Enstrüman;Muzik;Sahne;Yamaha;22245.08;Yetiskin;5
9201;English Home Dekorasyon Dekoratif Lamba;Ev-Yasam;Dekorasyon;English Home;11696.05;Genc;41
9202;Lenovo Mobil Yasam Bilgisayar;Teknoloji;Mobil Yasam;Lenovo;17098.22;Genc;44
9203;Bridgestone Guvenlik Aksesuarı;Otomobil-Aksesuar;Guvenlik;Bridgestone;9181.56;Genc;85
9204;Liquitex El Sanatlari Koleksiyonu;Hobi-Sanat;El Sanatlari;Liquitex;3742.77;Genc;5
9205;Gigabyte E-Spor Paketi;Oyun;E-Spor;Gigabyte;1616.61;Yasli;74
9206;Reebok Fitness Spor Çantası;Spor;Fitness;Reebok;5871.42;Genc;75
9207;Mizuno Outdoor Koşu Ayakkabısı;Spor;Outdoor;Mizuno;4515.75;Yetiskin;89
9208;Arzum Konfor Kahve Makinesi;Ev-Yasam;Konfor;Arzum;11281.49;Cocuk;89
9209;Karaca Konfor Nevresim Takımı;Ev-Yasam;Konfor;Karaca;10095.25;Genc;93
9210;Derwent Kirtasiye Koleksiyonu;Hobi-Sanat;Kirtasiye;Derwent;2261.15;Yasli;55
9211;Alfa Yayinlari Edebiyat Romanı/Kitabı;Kitap;Edebiyat;Alfa Yayinlari;110.87;Yetiskin;99
9212;Apple Yazilim Akıllı Telefon;Teknoloji;Yazilim;Apple;24310.97;Genc;39
9213;Estee Lauder Makyaj Göz Kalemi;Kozmetik;Makyaj;Estee Lauder;1860.67;Cocuk;81
9214;Gigabyte Retro Seti;Oyun;Retro;Gigabyte;1893.26;Yetiskin;88
9215;Hasbro Aksiyon Koleksiyonu;Oyuncak;Aksiyon;Hasbro;679.71;Yetiskin;19
9216;Puma Klasik Parfüm;Moda;Klasik;Puma;3878.38;Genc;82
9217;Michelin Guvenlik Aksesuarı;Otomobil-Aksesuar;Guvenlik;Michelin;9000.26;Yasli;49
9218;Estee Lauder Parfum Ruj;Kozmetik;Parfum;Estee Lauder;590.57;Cocuk;89
9219;Karaca Mutfak Kahve Makinesi;Ev-Yasam;Mutfak;Karaca;9881.32;Genc;18
9220;Melissa Doug Klasik Koleksiyonu;Oyuncak;Klasik;Melissa Doug;4639.92;Cocuk;35
9221;Fisher-Price Klasik Seti;Oyuncak;Klasik;Fisher-Price;2276.15;Yasli;68
9222;Casio Sahne DJ Ekipmanı;Muzik;Sahne;Casio;7058.41;Cocuk;63
9223;Xiaomi Ev Ofis Kulaklık;Teknoloji;Ev Ofis;Xiaomi;30680.14;Yasli;19
9224;Decathlon Outdoor Koşu Ayakkabısı;Spor;Outdoor;Decathlon;5802.17;Cocuk;44
9225;Nvidia Yayincilik Seti;Oyun;Yayincilik;Nvidia;1015.07;Genc;40
9226;Dell Mobil Yasam Akıllı Saat;Teknoloji;Mobil Yasam;Dell;17614.90;Yasli;62
9227;Levi's Klasik Saat;Moda;Klasik;Levi's;3344.73;Yetiskin;6
9228;Prada Aksesuar Saat;Moda;Aksesuar;Prada;3451.71;Cocuk;29
9229;Can Yayinlari Edebiyat Romanı/Kitabı;Kitap;Edebiyat;Can Yayinlari;132.79;Yasli;63
9230;Decathlon Outdoor Eşofman Takımı;Spor;Outdoor;Decathlon;3241.31;Yetiskin;42
9231;Puma Klasik Gözlük;Moda;Klasik;Puma;4605.26;Yetiskin;7
9232;Wilson Ekipman Eşofman Takımı;Spor;Ekipman;Wilson;5634.64;Yasli;86
9233;Is Bankasi Yayinlari Tarih Romanı/Kitabı;Kitap;Tarih;Is Bankasi Yayinlari;331.41;Yetiskin;67
9234;Prismacolor Resim Paketi;Hobi-Sanat;Resim;Prismacolor;3155.22;Cocuk;91
9235;Zowie E-Spor Paketi;Oyun;E-Spor;Zowie;2596.95;Genc;26
9236;Dell Ev Ofis Akıllı Telefon;Teknoloji;Ev Ofis;Dell;4374.65;Yasli;25
9237;Zara Sokak Stili Çanta;Moda;Sokak Stili;Zara;4068.41;Genc;22
9238;Daler Rowney Resim Seti;Hobi-Sanat;Resim;Daler Rowney;2929.38;Cocuk;32
9239;Ikea Mutfak Robot Süpürge;Ev-Yasam;Mutfak;Ikea;3543.13;Yetiskin;84
9240;Ikea Konfor Kahve Makinesi;Ev-Yasam;Konfor;Ikea;10639.89;Yetiskin;84
9241;Meguiars Konfor Aksesuarı;Otomobil-Aksesuar;Konfor;Meguiars;5947.50;Cocuk;85
9242;JBL Studyo DJ Ekipmanı;Muzik;Studyo;JBL;14923.97;Yetiskin;22
9243;Liquitex Resim Paketi;Hobi-Sanat;Resim;Liquitex;3179.66;Cocuk;26
9244;Madame Coco Konfor Kahve Makinesi;Ev-Yasam;Konfor;Madame Coco;5309.74;Yasli;42
9245;MSI Yayincilik Koleksiyonu;Oyun;Yayincilik;MSI;2999.45;Genc;4
9246;Bosch Konfor Nevresim Takımı;Ev-Yasam;Konfor;Bosch;2092.78;Cocuk;63
9247;Decathlon Outdoor Eşofman Takımı;Spor;Outdoor;Decathlon;3669.03;Cocuk;26
9248;North Face Ekipman Koşu Ayakkabısı;Spor;Ekipman;North Face;5076.59;Yasli;44
9249;H&M Sokak Stili Ceket;Moda;Sokak Stili;H&M;2547.93;Yetiskin;61
9250;Karaca Konfor Dekoratif Lamba;Ev-Yasam;Konfor;Karaca;9286.24;Yasli;67
9251;Sparco Konfor Aksesuarı;Otomobil-Aksesuar;Konfor;Sparco;10167.56;Yetiskin;89
9252;Moleskine Kirtasiye Koleksiyonu;Hobi-Sanat;Kirtasiye;Moleskine;2562.44;Genc;39
9253;Corsair Retro Seti;Oyun;Retro;Corsair;1918.44;Yetiskin;51
9254;Spalding Fitness Antrenman Ekipmanı;Spor;Fitness;Spalding;7073.21;Yasli;98
9255;VTech Aksiyon Seti;Oyuncak;Aksiyon;VTech;3962.10;Cocuk;80
9256;LOreal Makyaj Göz Kalemi;Kozmetik;Makyaj;LOreal;1189.45;Genc;33
9257;Prismacolor Resim Paketi;Hobi-Sanat;Resim;Prismacolor;376.97;Genc;73
9258;Clinique Makyaj Ruj;Kozmetik;Makyaj;Clinique;464.09;Genc;29
9259;Philips Konfor Nevresim Takımı;Ev-Yasam;Konfor;Philips;8356.17;Yetiskin;55
9260;MGA Entertainment Klasik Koleksiyonu;Oyuncak;Klasik;MGA Entertainment;3147.18;Genc;64
9261;Huawei Mobil Yasam Bilgisayar;Teknoloji;Mobil Yasam;Huawei;34356.58;Yasli;85
9262;Nintendo Yayincilik Seti;Oyun;Yayincilik;Nintendo;4000.04;Yasli;11
9263;Logitech E-Spor Koleksiyonu;Oyun;E-Spor;Logitech;4760.92;Yasli;85
9264;Clinique Bakim Nemlendirici;Kozmetik;Bakim;Clinique;318.80;Cocuk;91
9265;Yapi Kredi Tarih Romanı/Kitabı;Kitap;Tarih;Yapi Kredi;370.70;Yetiskin;100
9266;Bridgestone Arac Bakimi Aksesuarı;Otomobil-Aksesuar;Arac Bakimi;Bridgestone;8859.70;Cocuk;10
9267;Madame Coco Dekorasyon Kahve Makinesi;Ev-Yasam;Dekorasyon;Madame Coco;1834.98;Yetiskin;25
9268;Continental Guvenlik Aksesuarı;Otomobil-Aksesuar;Guvenlik;Continental;1068.29;Yetiskin;24
9269;Chanel Parfum Göz Kalemi;Kozmetik;Parfum;Chanel;1759.55;Genc;32
9270;Pioneer Arac Bakimi Aksesuarı;Otomobil-Aksesuar;Arac Bakimi;Pioneer;5643.66;Yetiskin;30
9271;Lancome Parfum Göz Kalemi;Kozmetik;Parfum;Lancome;1468.76;Cocuk;20
9272;HyperX Retro Koleksiyonu;Oyun;Retro;HyperX;4091.02;Yetiskin;2
9273;Tefal Mutfak Kahve Makinesi;Ev-Yasam;Mutfak;Tefal;2896.20;Yasli;36
9274;Pasabahce Konfor Robot Süpürge;Ev-Yasam;Konfor;Pasabahce;9336.94;Yasli;68
9275;Winsor Newton Resim Seti;Hobi-Sanat;Resim;Winsor Newton;3243.07;Yetiskin;21
9276;JBL Studyo Pikap;Muzik;Studyo;JBL;6643.27;Genc;72
9277;MSI E-Spor Koleksiyonu;Oyun;E-Spor;MSI;290.54;Genc;52
9278;Nintendo Retro Paketi;Oyun;Retro;Nintendo;1430.87;Yetiskin;99
9279;Clinique Parfum Nemlendirici;Kozmetik;Parfum;Clinique;431.53;Yasli;44
9280;Dell Ev Ofis Kulaklık;Teknoloji;Ev Ofis;Dell;18021.07;Yasli;8
9281;Liquitex El Sanatlari Paketi;Hobi-Sanat;El Sanatlari;Liquitex;371.69;Cocuk;63
9282;Iletisim Kisisel Gelisim Romanı/Kitabı;Kitap;Kisisel Gelisim;Iletisim;460.75;Genc;41
9283;Pebeo El Sanatlari Koleksiyonu;Hobi-Sanat;El Sanatlari;Pebeo;3357.32;Cocuk;62
9284;Melissa Doug Klasik Seti;Oyuncak;Klasik;Melissa Doug;2094.06;Genc;7
9285;Prada Aksesuar Parfüm;Moda;Aksesuar;Prada;5542.43;Genc;59
9286;Reeves Resim Koleksiyonu;Hobi-Sanat;Resim;Reeves;4319.21;Yetiskin;65
9287;Lancome Parfum Nemlendirici;Kozmetik;Parfum;Lancome;559.44;Cocuk;13
9288;LG Ev Ofis Akıllı Telefon;Teknoloji;Ev Ofis;LG;30876.53;Genc;71
9289;Metis Tarih Romanı/Kitabı;Kitap;Tarih;Metis;295.16;Cocuk;89
9290;Pasabahce Dekorasyon Robot Süpürge;Ev-Yasam;Dekorasyon;Pasabahce;1876.90;Cocuk;18
9291;H&M Klasik Gözlük;Moda;Klasik;H&M;1407.60;Yetiskin;33
9292;Zowie E-Spor Paketi;Oyun;E-Spor;Zowie;1055.30;Yasli;84
9293;Puma Sokak Stili Saat;Moda;Sokak Stili;Puma;1095.37;Yetiskin;90
9294;Alfa Yayinlari Tarih Romanı/Kitabı;Kitap;Tarih;Alfa Yayinlari;433.59;Yasli;44
9295;Mizuno Ekipman Spor Çantası;Spor;Ekipman;Mizuno;551.14;Cocuk;33
9296;Marshall Sahne Enstrüman;Muzik;Sahne;Marshall;21069.93;Yetiskin;52
9297;HP Mobil Yasam Bilgisayar;Teknoloji;Mobil Yasam;HP;32588.78;Genc;46
9298;Gucci Klasik Çanta;Moda;Klasik;Gucci;3587.72;Cocuk;100
9299;Mizuno Outdoor Spor Çantası;Spor;Outdoor;Mizuno;2569.03;Yasli;36
9300;Wilson Outdoor Koşu Ayakkabısı;Spor;Outdoor;Wilson;1955.78;Yasli;82
9301;Logitech Yayincilik Seti;Oyun;Yayincilik;Logitech;3489.61;Yetiskin;71
9302;Nvidia Yayincilik Koleksiyonu;Oyun;Yayincilik;Nvidia;3316.57;Genc;38
9303;Adidas Sokak Stili Parfüm;Moda;Sokak Stili;Adidas;3994.40;Yetiskin;37
9304;MGA Entertainment Aksiyon Seti;Oyuncak;Aksiyon;MGA Entertainment;2706.65;Yasli;12
9305;Lacoste Klasik Çanta;Moda;Klasik;Lacoste;1428.97;Cocuk;73
9306;LG Mobil Yasam Akıllı Saat;Teknoloji;Mobil Yasam;LG;42994.41;Yetiskin;12
9307;Sparco Arac Bakimi Aksesuarı;Otomobil-Aksesuar;Arac Bakimi;Sparco;9702.15;Cocuk;78
9308;Philips Dekorasyon Dekoratif Lamba;Ev-Yasam;Dekorasyon;Philips;843.37;Yetiskin;95
9309;North Face Fitness Antrenman Ekipmanı;Spor;Fitness;North Face;3828.55;Cocuk;85
9310;Columbia Ekipman Antrenman Ekipmanı;Spor;Ekipman;Columbia;6244.58;Cocuk;31
9311;Playmobil Egitici Seti;Oyuncak;Egitici;Playmobil;2956.93;Cocuk;41
9312;Xiaomi Mobil Yasam Bilgisayar;Teknoloji;Mobil Yasam;Xiaomi;11148.64;Genc;93
9313;H&M Klasik Parfüm;Moda;Klasik;H&M;5564.95;Genc;61
9314;Metis Edebiyat Romanı/Kitabı;Kitap;Edebiyat;Metis;271.82;Yetiskin;13
9315;Can Yayinlari Tarih Romanı/Kitabı;Kitap;Tarih;Can Yayinlari;93.98;Cocuk;90
9316;Daler Rowney Resim Seti;Hobi-Sanat;Resim;Daler Rowney;1663.11;Yasli;31
9317;Madame Coco Mutfak Nevresim Takımı;Ev-Yasam;Mutfak;Madame Coco;6477.13;Genc;33
9318;LEGO Aksiyon Koleksiyonu;Oyuncak;Aksiyon;LEGO;3035.30;Yetiskin;76
9319;H&M Aksesuar Ceket;Moda;Aksesuar;H&M;4140.61;Yasli;79
9320;Spin Master Aksiyon Paketi;Oyuncak;Aksiyon;Spin Master;2895.82;Yasli;60
9321;Liquitex Kirtasiye Koleksiyonu;Hobi-Sanat;Kirtasiye;Liquitex;4510.38;Genc;58
9322;Mizuno Ekipman Antrenman Ekipmanı;Spor;Ekipman;Mizuno;2880.68;Cocuk;33
9323;Hot Wheels Klasik Koleksiyonu;Oyuncak;Klasik;Hot Wheels;404.52;Cocuk;86
9324;Clinique Bakim Nemlendirici;Kozmetik;Bakim;Clinique;1384.45;Genc;81
9325;Samsung Mobil Yasam Kulaklık;Teknoloji;Mobil Yasam;Samsung;29603.05;Genc;24
9326;Sony Mobil Yasam Kulaklık;Teknoloji;Mobil Yasam;Sony;2303.15;Yetiskin;6
9327;VTech Aksiyon Seti;Oyuncak;Aksiyon;VTech;3995.66;Yetiskin;75
9328;Ithaki Edebiyat Romanı/Kitabı;Kitap;Edebiyat;Ithaki;492.16;Genc;81
9329;Corsair Yayincilik Paketi;Oyun;Yayincilik;Corsair;2525.48;Yasli;31
9330;Levi's Sokak Stili Çanta;Moda;Sokak Stili;Levi's;2989.26;Yetiskin;80
9331;Marshall Sahne Enstrüman;Muzik;Sahne;Marshall;21015.97;Yetiskin;23
9332;Roland Studyo Enstrüman;Muzik;Studyo;Roland;9720.09;Yetiskin;38
9333;Is Bankasi Yayinlari Tarih Romanı/Kitabı;Kitap;Tarih;Is Bankasi Yayinlari;368.35;Cocuk;24
9334;Razer E-Spor Koleksiyonu;Oyun;E-Spor;Razer;4063.22;Yetiskin;27
9335;Goodyear Konfor Aksesuarı;Otomobil-Aksesuar;Konfor;Goodyear;13195.78;Yasli;79
9336;Pegasus Edebiyat Romanı/Kitabı;Kitap;Edebiyat;Pegasus;382.49;Yasli;13
9337;MAC Bakim Göz Kalemi;Kozmetik;Bakim;MAC;380.36;Cocuk;16
9338;Pegasus Edebiyat Romanı/Kitabı;Kitap;Edebiyat;Pegasus;453.66;Cocuk;63
9339;Pasabahce Mutfak Kahve Makinesi;Ev-Yasam;Mutfak;Pasabahce;7176.01;Genc;15
9340;Gibson Sahne Pikap;Muzik;Sahne;Gibson;18506.29;Yetiskin;51
9341;Burberry Klasik Saat;Moda;Klasik;Burberry;4826.59;Yasli;24
9342;Canson El Sanatlari Paketi;Hobi-Sanat;El Sanatlari;Canson;2640.12;Genc;51
9343;Moleskine Resim Seti;Hobi-Sanat;Resim;Moleskine;2362.50;Cocuk;81
9344;Fender Studyo DJ Ekipmanı;Muzik;Studyo;Fender;22530.47;Yetiskin;43
9345;Pegasus Edebiyat Romanı/Kitabı;Kitap;Edebiyat;Pegasus;191.51;Genc;54
9346;Goodyear Konfor Aksesuarı;Otomobil-Aksesuar;Konfor;Goodyear;2681.60;Cocuk;4
9347;Chanel Makyaj Ruj;Kozmetik;Makyaj;Chanel;1243.30;Yasli;88
9348;H&M Sokak Stili Parfüm;Moda;Sokak Stili;H&M;3842.47;Cocuk;14
9349;Madame Coco Konfor Nevresim Takımı;Ev-Yasam;Konfor;Madame Coco;6717.95;Yetiskin;22
9350;Levi's Klasik Çanta;Moda;Klasik;Levi's;2416.79;Yasli;44
9351;JBL Analog DJ Ekipmanı;Muzik;Analog;JBL;20125.56;Genc;44
9352;Gigabyte E-Spor Seti;Oyun;E-Spor;Gigabyte;3023.60;Yasli;4
9353;MSI E-Spor Paketi;Oyun;E-Spor;MSI;766.99;Cocuk;100
9354;Dell Yazilim Kulaklık;Teknoloji;Yazilim;Dell;11128.35;Yasli;8
9355;Mattel Egitici Paketi;Oyuncak;Egitici;Mattel;174.16;Yetiskin;90
9356;Corsair Retro Paketi;Oyun;Retro;Corsair;3041.72;Yasli;61
9357;Adidas Sokak Stili Çanta;Moda;Sokak Stili;Adidas;5419.79;Cocuk;10
9358;LOreal Makyaj Nemlendirici;Kozmetik;Makyaj;LOreal;1904.86;Yasli;26
9359;Dior Parfum Göz Kalemi;Kozmetik;Parfum;Dior;1534.32;Genc;77
9360;Everest Edebiyat Romanı/Kitabı;Kitap;Edebiyat;Everest;127.26;Genc;8
9361;Karaca Konfor Kahve Makinesi;Ev-Yasam;Konfor;Karaca;10258.46;Genc;67
9362;Logitech Yayincilik Paketi;Oyun;Yayincilik;Logitech;955.03;Yetiskin;36
9363;Xiaomi Yazilim Akıllı Saat;Teknoloji;Yazilim;Xiaomi;5815.55;Cocuk;49
9364;Arzum Mutfak Dekoratif Lamba;Ev-Yasam;Mutfak;Arzum;3683.74;Yetiskin;17
9365;Clinique Parfum Cilt Serumu;Kozmetik;Parfum;Clinique;628.66;Genc;28
9366;Bosch Konfor Robot Süpürge;Ev-Yasam;Konfor;Bosch;9954.82;Genc;27
9367;Karaca Dekorasyon Kahve Makinesi;Ev-Yasam;Dekorasyon;Karaca;793.52;Yetiskin;46
9368;Apple Yazilim Kulaklık;Teknoloji;Yazilim;Apple;5160.23;Yetiskin;83
9369;Razer Retro Seti;Oyun;Retro;Razer;1104.65;Cocuk;91
9370;English Home Dekorasyon Nevresim Takımı;Ev-Yasam;Dekorasyon;English Home;8706.52;Cocuk;98
9371;Playmobil Aksiyon Paketi;Oyuncak;Aksiyon;Playmobil;3710.94;Yetiskin;88
9372;SteelSeries Retro Koleksiyonu;Oyun;Retro;SteelSeries;4568.81;Cocuk;16
9373;Audio-Technica Analog Pikap;Muzik;Analog;Audio-Technica;5071.35;Cocuk;21
9374;Alfa Yayinlari Edebiyat Romanı/Kitabı;Kitap;Edebiyat;Alfa Yayinlari;349.25;Yetiskin;39
9375;Pebeo Resim Seti;Hobi-Sanat;Resim;Pebeo;4375.52;Cocuk;73
9376;Hasbro Klasik Paketi;Oyuncak;Klasik;Hasbro;4085.90;Yetiskin;12
9377;SteelSeries Yayincilik Paketi;Oyun;Yayincilik;SteelSeries;1043.05;Cocuk;30
9378;Everest Edebiyat Romanı/Kitabı;Kitap;Edebiyat;Everest;165.03;Genc;81
9379;MGA Entertainment Aksiyon Seti;Oyuncak;Aksiyon;MGA Entertainment;4788.59;Cocuk;42
9380;Iletisim Kisisel Gelisim Romanı/Kitabı;Kitap;Kisisel Gelisim;Iletisim;348.89;Genc;76
9381;Beko Konfor Kahve Makinesi;Ev-Yasam;Konfor;Beko;3414.50;Yasli;3
9382;Spalding Fitness Antrenman Ekipmanı;Spor;Fitness;Spalding;522.80;Genc;17
9383;JBL Analog Enstrüman;Muzik;Analog;JBL;19021.88;Cocuk;34
9384;Melissa Doug Klasik Paketi;Oyuncak;Klasik;Melissa Doug;2794.64;Yasli;53
9385;Puma Klasik Çanta;Moda;Klasik;Puma;828.95;Genc;79
9386;LEGO Egitici Paketi;Oyuncak;Egitici;LEGO;1601.59;Yetiskin;44
9387;Lancome Bakim Göz Kalemi;Kozmetik;Bakim;Lancome;452.74;Cocuk;97
9388;Zowie Yayincilik Koleksiyonu;Oyun;Yayincilik;Zowie;1438.01;Cocuk;52
9389;Nivea Bakim Göz Kalemi;Kozmetik;Bakim;Nivea;1621.93;Yetiskin;37
9390;3M Konfor Aksesuarı;Otomobil-Aksesuar;Konfor;3M;8162.01;Genc;9
9391;Wilson Ekipman Koşu Ayakkabısı;Spor;Ekipman;Wilson;5441.59;Cocuk;76
9392;Ikea Mutfak Robot Süpürge;Ev-Yasam;Mutfak;Ikea;11503.79;Genc;64
9393;Karaca Mutfak Robot Süpürge;Ev-Yasam;Mutfak;Karaca;7671.43;Cocuk;61
9394;Mattel Egitici Seti;Oyuncak;Egitici;Mattel;902.45;Yetiskin;50
9395;3M Guvenlik Aksesuarı;Otomobil-Aksesuar;Guvenlik;3M;12455.34;Cocuk;66
9396;Madame Coco Dekorasyon Robot Süpürge;Ev-Yasam;Dekorasyon;Madame Coco;10973.80;Yetiskin;58
9397;Liquitex El Sanatlari Seti;Hobi-Sanat;El Sanatlari;Liquitex;4795.87;Yetiskin;84
9398;Bosch Konfor Nevresim Takımı;Ev-Yasam;Konfor;Bosch;4236.97;Yasli;99
9399;Razer Yayincilik Koleksiyonu;Oyun;Yayincilik;Razer;3996.51;Genc;27
9400;HyperX E-Spor Paketi;Oyun;E-Spor;HyperX;3880.66;Genc;46
9401;MAC Bakim Cilt Serumu;Kozmetik;Bakim;MAC;1679.17;Cocuk;40
9402;Arzum Dekorasyon Dekoratif Lamba;Ev-Yasam;Dekorasyon;Arzum;5038.92;Genc;75
9403;Huawei Mobil Yasam Kulaklık;Teknoloji;Mobil Yasam;Huawei;21618.33;Yetiskin;87
9404;Goodyear Arac Bakimi Aksesuarı;Otomobil-Aksesuar;Arac Bakimi;Goodyear;7686.22;Genc;28
9405;Salomon Fitness Spor Çantası;Spor;Fitness;Salomon;562.10;Yetiskin;92
9406;North Face Fitness Spor Çantası;Spor;Fitness;North Face;2699.81;Yasli;66
9407;Chanel Parfum Cilt Serumu;Kozmetik;Parfum;Chanel;641.85;Cocuk;12
9408;Michelin Konfor Aksesuarı;Otomobil-Aksesuar;Konfor;Michelin;13106.49;Cocuk;43
9409;Nvidia E-Spor Paketi;Oyun;E-Spor;Nvidia;3834.59;Yetiskin;90
9410;Dior Makyaj Nemlendirici;Kozmetik;Makyaj;Dior;826.83;Cocuk;36
9411;Castrol Guvenlik Aksesuarı;Otomobil-Aksesuar;Guvenlik;Castrol;14767.66;Cocuk;10
9412;Fender Analog DJ Ekipmanı;Muzik;Analog;Fender;17316.93;Cocuk;11
9413;Prismacolor Kirtasiye Seti;Hobi-Sanat;Kirtasiye;Prismacolor;1575.35;Cocuk;70
9414;Arzum Mutfak Nevresim Takımı;Ev-Yasam;Mutfak;Arzum;9359.09;Yasli;95
9415;Lacoste Klasik Ceket;Moda;Klasik;Lacoste;2519.49;Yasli;75
9416;Fender Studyo DJ Ekipmanı;Muzik;Studyo;Fender;9717.98;Yasli;6
9417;MSI Retro Koleksiyonu;Oyun;Retro;MSI;3457.71;Yasli;51
9418;Continental Arac Bakimi Aksesuarı;Otomobil-Aksesuar;Arac Bakimi;Continental;5977.53;Cocuk;33
9419;Castrol Konfor Aksesuarı;Otomobil-Aksesuar;Konfor;Castrol;2627.79;Cocuk;42
9420;Samsung Ev Ofis Tablet;Teknoloji;Ev Ofis;Samsung;39411.64;Yasli;28
9421;Xiaomi Ev Ofis Akıllı Saat;Teknoloji;Ev Ofis;Xiaomi;29118.50;Yetiskin;72
9422;Philips Dekorasyon Nevresim Takımı;Ev-Yasam;Dekorasyon;Philips;1588.95;Cocuk;15
9423;Alfa Yayinlari Kisisel Gelisim Romanı/Kitabı;Kitap;Kisisel Gelisim;Alfa Yayinlari;185.44;Yasli;27
9424;Faber-Castell Resim Koleksiyonu;Hobi-Sanat;Resim;Faber-Castell;1996.27;Yetiskin;5
9425;Reeves El Sanatlari Seti;Hobi-Sanat;El Sanatlari;Reeves;1223.45;Yasli;27
9426;Liquitex El Sanatlari Koleksiyonu;Hobi-Sanat;El Sanatlari;Liquitex;3661.56;Genc;66
9427;Is Bankasi Yayinlari Edebiyat Romanı/Kitabı;Kitap;Edebiyat;Is Bankasi Yayinlari;464.43;Genc;80
9428;Adidas Aksesuar Parfüm;Moda;Aksesuar;Adidas;3762.09;Genc;74
9429;Under Armour Fitness Koşu Ayakkabısı;Spor;Fitness;Under Armour;5193.77;Yasli;50
9430;Everest Kisisel Gelisim Romanı/Kitabı;Kitap;Kisisel Gelisim;Everest;475.94;Yetiskin;8
9431;Asus Ev Ofis Akıllı Telefon;Teknoloji;Ev Ofis;Asus;14244.65;Genc;96
9432;Razer Retro Paketi;Oyun;Retro;Razer;2951.46;Genc;68
9433;Decathlon Outdoor Koşu Ayakkabısı;Spor;Outdoor;Decathlon;4004.02;Yetiskin;76
9434;Canson Kirtasiye Koleksiyonu;Hobi-Sanat;Kirtasiye;Canson;2966.38;Genc;6
9435;Bose Analog DJ Ekipmanı;Muzik;Analog;Bose;14951.00;Cocuk;87
9436;Sparco Konfor Aksesuarı;Otomobil-Aksesuar;Konfor;Sparco;5436.54;Genc;19
9437;Reeves El Sanatlari Koleksiyonu;Hobi-Sanat;El Sanatlari;Reeves;1451.03;Genc;7
9438;Corsair E-Spor Koleksiyonu;Oyun;E-Spor;Corsair;4094.88;Cocuk;82
9439;Faber-Castell Resim Seti;Hobi-Sanat;Resim;Faber-Castell;104.17;Cocuk;97
9440;Daler Rowney Kirtasiye Paketi;Hobi-Sanat;Kirtasiye;Daler Rowney;3814.05;Genc;91
9441;MGA Entertainment Aksiyon Koleksiyonu;Oyuncak;Aksiyon;MGA Entertainment;998.48;Yasli;76
9442;Madame Coco Dekorasyon Nevresim Takımı;Ev-Yasam;Dekorasyon;Madame Coco;977.33;Genc;10
9443;Karaca Dekorasyon Kahve Makinesi;Ev-Yasam;Dekorasyon;Karaca;7259.28;Yasli;49
9444;Alfa Yayinlari Edebiyat Romanı/Kitabı;Kitap;Edebiyat;Alfa Yayinlari;421.54;Cocuk;97
9445;Meguiars Guvenlik Aksesuarı;Otomobil-Aksesuar;Guvenlik;Meguiars;4534.45;Cocuk;32
9446;Razer Yayincilik Seti;Oyun;Yayincilik;Razer;3379.83;Yetiskin;54
9447;Tefal Dekorasyon Robot Süpürge;Ev-Yasam;Dekorasyon;Tefal;7082.58;Yasli;64
9448;Lancome Makyaj Cilt Serumu;Kozmetik;Makyaj;Lancome;1748.62;Yetiskin;35
9449;Maybelline Bakim Göz Kalemi;Kozmetik;Bakim;Maybelline;1106.40;Cocuk;8
9450;Playmobil Egitici Koleksiyonu;Oyuncak;Egitici;Playmobil;2513.81;Cocuk;24
9451;Wilson Outdoor Koşu Ayakkabısı;Spor;Outdoor;Wilson;6415.72;Genc;42
9452;Derwent El Sanatlari Koleksiyonu;Hobi-Sanat;El Sanatlari;Derwent;2169.81;Yetiskin;26
9453;Estee Lauder Bakim Göz Kalemi;Kozmetik;Bakim;Estee Lauder;1010.19;Cocuk;50
9454;Philips Mutfak Nevresim Takımı;Ev-Yasam;Mutfak;Philips;10615.92;Yetiskin;64
9455;Continental Arac Bakimi Aksesuarı;Otomobil-Aksesuar;Arac Bakimi;Continental;8421.05;Yasli;11
9456;Nike Klasik Parfüm;Moda;Klasik;Nike;2288.62;Cocuk;11
9457;Dell Ev Ofis Akıllı Telefon;Teknoloji;Ev Ofis;Dell;4716.08;Yetiskin;91
9458;Spin Master Aksiyon Seti;Oyuncak;Aksiyon;Spin Master;3333.32;Cocuk;21
9459;Lancome Bakim Göz Kalemi;Kozmetik;Bakim;Lancome;1173.02;Yasli;30
9460;JBL Studyo DJ Ekipmanı;Muzik;Studyo;JBL;19106.91;Genc;50
9461;Corsair Yayincilik Koleksiyonu;Oyun;Yayincilik;Corsair;3044.09;Cocuk;17
9462;Adidas Klasik Saat;Moda;Klasik;Adidas;3606.75;Yasli;27
9463;Madame Coco Mutfak Nevresim Takımı;Ev-Yasam;Mutfak;Madame Coco;9793.74;Yasli;44
9464;Bose Sahne Enstrüman;Muzik;Sahne;Bose;13731.33;Genc;76
9465;JBL Studyo Pikap;Muzik;Studyo;JBL;14789.41;Yetiskin;88
9466;Dior Bakim Cilt Serumu;Kozmetik;Bakim;Dior;418.55;Cocuk;46
9467;English Home Dekorasyon Dekoratif Lamba;Ev-Yasam;Dekorasyon;English Home;5011.88;Genc;100
9468;Dior Makyaj Nemlendirici;Kozmetik;Makyaj;Dior;620.61;Yetiskin;14
9469;Roland Sahne Pikap;Muzik;Sahne;Roland;15516.74;Yasli;35
9470;Pegasus Edebiyat Romanı/Kitabı;Kitap;Edebiyat;Pegasus;403.24;Yetiskin;87
9471;Gigabyte Retro Koleksiyonu;Oyun;Retro;Gigabyte;1324.41;Cocuk;52
9472;Bosch Konfor Aksesuarı;Otomobil-Aksesuar;Konfor;Bosch;13262.61;Genc;40
9473;Pegasus Tarih Romanı/Kitabı;Kitap;Tarih;Pegasus;229.02;Yetiskin;28
9474;Fender Sahne Pikap;Muzik;Sahne;Fender;12328.21;Yasli;70
9475;Melissa Doug Klasik Paketi;Oyuncak;Klasik;Melissa Doug;2050.03;Cocuk;89
9476;Zara Aksesuar Saat;Moda;Aksesuar;Zara;4484.53;Yasli;55
9477;Yamaha Analog DJ Ekipmanı;Muzik;Analog;Yamaha;7946.44;Cocuk;65
9478;Salomon Fitness Koşu Ayakkabısı;Spor;Fitness;Salomon;6902.90;Genc;45
9479;Nivea Parfum Cilt Serumu;Kozmetik;Parfum;Nivea;840.82;Cocuk;13
9480;Canson Resim Paketi;Hobi-Sanat;Resim;Canson;2011.64;Cocuk;63
9481;Fisher-Price Klasik Koleksiyonu;Oyuncak;Klasik;Fisher-Price;3440.18;Yasli;48
9482;Lancome Makyaj Ruj;Kozmetik;Makyaj;Lancome;1673.41;Yasli;63
9483;HyperX Yayincilik Seti;Oyun;Yayincilik;HyperX;4132.22;Cocuk;2
9484;Nintendo Retro Paketi;Oyun;Retro;Nintendo;442.10;Genc;48
9485;Philips Dekorasyon Kahve Makinesi;Ev-Yasam;Dekorasyon;Philips;7286.04;Cocuk;15
9486;Reebok Outdoor Koşu Ayakkabısı;Spor;Outdoor;Reebok;655.44;Genc;73
9487;Fisher-Price Aksiyon Seti;Oyuncak;Aksiyon;Fisher-Price;3458.89;Cocuk;39
9488;Nike Sokak Stili Saat;Moda;Sokak Stili;Nike;664.31;Yasli;44
9489;Casio Studyo Enstrüman;Muzik;Studyo;Casio;2707.57;Genc;92
9490;Melissa Doug Egitici Koleksiyonu;Oyuncak;Egitici;Melissa Doug;3982.30;Genc;59
9491;Lacoste Aksesuar Ceket;Moda;Aksesuar;Lacoste;5434.03;Yasli;4
9492;HyperX Yayincilik Paketi;Oyun;Yayincilik;HyperX;1855.98;Yetiskin;93
9493;Bosch Guvenlik Aksesuarı;Otomobil-Aksesuar;Guvenlik;Bosch;3078.76;Genc;93
9494;Madame Coco Mutfak Robot Süpürge;Ev-Yasam;Mutfak;Madame Coco;9070.88;Yasli;85
9495;Bridgestone Guvenlik Aksesuarı;Otomobil-Aksesuar;Guvenlik;Bridgestone;10567.37;Yasli;94
9496;Logitech Retro Koleksiyonu;Oyun;Retro;Logitech;4571.27;Yetiskin;64
9497;Arzum Mutfak Kahve Makinesi;Ev-Yasam;Mutfak;Arzum;5184.89;Yetiskin;91
9498;Beko Konfor Nevresim Takımı;Ev-Yasam;Konfor;Beko;6040.45;Yasli;78
9499;Arzum Mutfak Nevresim Takımı;Ev-Yasam;Mutfak;Arzum;6450.88;Genc;48
9500;Fisher-Price Egitici Koleksiyonu;Oyuncak;Egitici;Fisher-Price;460.78;Genc;60
9501;Castrol Arac Bakimi Aksesuarı;Otomobil-Aksesuar;Arac Bakimi;Castrol;14774.66;Yasli;36
9502;Pasabahce Konfor Nevresim Takımı;Ev-Yasam;Konfor;Pasabahce;2045.15;Yasli;19
9503;Nvidia E-Spor Koleksiyonu;Oyun;E-Spor;Nvidia;308.41;Genc;77
9504;Sony Yazilim Akıllı Telefon;Teknoloji;Yazilim;Sony;11283.95;Yetiskin;94
9505;North Face Fitness Antrenman Ekipmanı;Spor;Fitness;North Face;6733.33;Genc;47
9506;Pasabahce Konfor Dekoratif Lamba;Ev-Yasam;Konfor;Pasabahce;11600.27;Cocuk;20
9507;Audio-Technica Studyo DJ Ekipmanı;Muzik;Studyo;Audio-Technica;24858.11;Genc;30
9508;Winsor Newton Resim Paketi;Hobi-Sanat;Resim;Winsor Newton;2490.40;Genc;74
9509;LOreal Bakim Nemlendirici;Kozmetik;Bakim;LOreal;705.81;Genc;59
9510;H&M Sokak Stili Gözlük;Moda;Sokak Stili;H&M;5097.65;Yetiskin;71
9511;Tefal Mutfak Kahve Makinesi;Ev-Yasam;Mutfak;Tefal;10729.23;Genc;82
9512;Spalding Outdoor Koşu Ayakkabısı;Spor;Outdoor;Spalding;5620.00;Yasli;25
9513;HP Ev Ofis Kulaklık;Teknoloji;Ev Ofis;HP;20298.10;Cocuk;28
9514;Adidas Klasik Parfüm;Moda;Klasik;Adidas;5059.08;Genc;60
9515;Bose Studyo Enstrüman;Muzik;Studyo;Bose;19499.07;Yetiskin;69
9516;MGA Entertainment Klasik Paketi;Oyuncak;Klasik;MGA Entertainment;2815.46;Cocuk;12
9517;Reebok Fitness Spor Çantası;Spor;Fitness;Reebok;1169.47;Genc;86
9518;Reeves Resim Seti;Hobi-Sanat;Resim;Reeves;2478.74;Yetiskin;27
9519;Nivea Bakim Nemlendirici;Kozmetik;Bakim;Nivea;1032.02;Cocuk;71
9520;Sephora Makyaj Cilt Serumu;Kozmetik;Makyaj;Sephora;1204.06;Yasli;51
9521;Samsung Mobil Yasam Kulaklık;Teknoloji;Mobil Yasam;Samsung;24199.38;Yetiskin;33
9522;Under Armour Outdoor Koşu Ayakkabısı;Spor;Outdoor;Under Armour;3524.99;Genc;67
9523;Chanel Makyaj Cilt Serumu;Kozmetik;Makyaj;Chanel;854.04;Genc;24
9524;Faber-Castell Resim Paketi;Hobi-Sanat;Resim;Faber-Castell;4037.38;Yetiskin;63
9525;Chanel Makyaj Cilt Serumu;Kozmetik;Makyaj;Chanel;820.40;Yasli;21
9526;Spin Master Aksiyon Paketi;Oyuncak;Aksiyon;Spin Master;2968.25;Cocuk;6
9527;Clinique Makyaj Nemlendirici;Kozmetik;Makyaj;Clinique;1927.12;Yasli;76
9528;Gucci Klasik Çanta;Moda;Klasik;Gucci;4872.00;Genc;54
9529;Moleskine Resim Koleksiyonu;Hobi-Sanat;Resim;Moleskine;4518.18;Yasli;62
9530;Is Bankasi Yayinlari Tarih Romanı/Kitabı;Kitap;Tarih;Is Bankasi Yayinlari;256.25;Cocuk;93
9531;Goodyear Konfor Aksesuarı;Otomobil-Aksesuar;Konfor;Goodyear;14904.55;Yasli;56
9532;Mizuno Outdoor Eşofman Takımı;Spor;Outdoor;Mizuno;7758.52;Genc;92
9533;Under Armour Outdoor Antrenman Ekipmanı;Spor;Outdoor;Under Armour;4030.40;Yasli;54
9534;Fisher-Price Klasik Seti;Oyuncak;Klasik;Fisher-Price;2944.03;Yasli;65
9535;Continental Guvenlik Aksesuarı;Otomobil-Aksesuar;Guvenlik;Continental;12806.54;Yasli;82
9536;Can Yayinlari Tarih Romanı/Kitabı;Kitap;Tarih;Can Yayinlari;274.37;Cocuk;89
9537;Razer E-Spor Koleksiyonu;Oyun;E-Spor;Razer;447.77;Genc;29
9538;Moleskine Resim Seti;Hobi-Sanat;Resim;Moleskine;902.12;Yetiskin;70
9539;Continental Arac Bakimi Aksesuarı;Otomobil-Aksesuar;Arac Bakimi;Continental;11100.97;Yasli;84
9540;Meguiars Guvenlik Aksesuarı;Otomobil-Aksesuar;Guvenlik;Meguiars;11595.00;Genc;21
9541;Nvidia Retro Seti;Oyun;Retro;Nvidia;4546.68;Cocuk;54
9542;Arzum Mutfak Robot Süpürge;Ev-Yasam;Mutfak;Arzum;2627.99;Yetiskin;77
9543;Mattel Klasik Paketi;Oyuncak;Klasik;Mattel;3294.17;Yasli;71
9544;Fender Sahne Pikap;Muzik;Sahne;Fender;23721.23;Genc;9
9545;Canson El Sanatlari Paketi;Hobi-Sanat;El Sanatlari;Canson;1366.92;Cocuk;25
9546;Gibson Analog Enstrüman;Muzik;Analog;Gibson;1138.52;Genc;99
9547;Maybelline Makyaj Cilt Serumu;Kozmetik;Makyaj;Maybelline;1901.12;Genc;9
9548;Everest Kisisel Gelisim Romanı/Kitabı;Kitap;Kisisel Gelisim;Everest;395.79;Yasli;20
9549;Huawei Ev Ofis Akıllı Saat;Teknoloji;Ev Ofis;Huawei;9704.70;Yetiskin;63
9550;Burberry Sokak Stili Saat;Moda;Sokak Stili;Burberry;1428.80;Cocuk;47
9551;Sony Ev Ofis Kulaklık;Teknoloji;Ev Ofis;Sony;16536.85;Cocuk;51
9552;Faber-Castell El Sanatlari Seti;Hobi-Sanat;El Sanatlari;Faber-Castell;2171.33;Yasli;57
9553;HP Ev Ofis Bilgisayar;Teknoloji;Ev Ofis;HP;36819.67;Genc;91
9554;Iletisim Tarih Romanı/Kitabı;Kitap;Tarih;Iletisim;135.55;Cocuk;2
9555;Canson Resim Paketi;Hobi-Sanat;Resim;Canson;1867.18;Yasli;15
9556;Tefal Konfor Nevresim Takımı;Ev-Yasam;Konfor;Tefal;8184.34;Yasli;61
9557;Dell Yazilim Akıllı Saat;Teknoloji;Yazilim;Dell;4113.90;Yetiskin;43
9558;Mizuno Fitness Spor Çantası;Spor;Fitness;Mizuno;4869.11;Cocuk;90
9559;Columbia Ekipman Spor Çantası;Spor;Ekipman;Columbia;7107.63;Cocuk;79
9560;Casio Studyo Amfi;Muzik;Studyo;Casio;24137.53;Genc;6
9561;Nivea Bakim Cilt Serumu;Kozmetik;Bakim;Nivea;1225.38;Yasli;95
9562;MSI Yayincilik Koleksiyonu;Oyun;Yayincilik;MSI;3963.55;Yasli;96
9563;Daler Rowney Resim Paketi;Hobi-Sanat;Resim;Daler Rowney;2787.31;Genc;52
9564;Playmobil Klasik Koleksiyonu;Oyuncak;Klasik;Playmobil;605.23;Yasli;97
9565;Maybelline Parfum Nemlendirici;Kozmetik;Parfum;Maybelline;1764.29;Yetiskin;46
9566;Gigabyte E-Spor Paketi;Oyun;E-Spor;Gigabyte;3413.36;Cocuk;90
9567;Fender Sahne Enstrüman;Muzik;Sahne;Fender;4420.88;Genc;43
9568;Daler Rowney El Sanatlari Seti;Hobi-Sanat;El Sanatlari;Daler Rowney;1461.09;Yasli;11
9569;Faber-Castell Kirtasiye Koleksiyonu;Hobi-Sanat;Kirtasiye;Faber-Castell;1546.12;Genc;94
9570;Huawei Mobil Yasam Tablet;Teknoloji;Mobil Yasam;Huawei;43870.41;Yasli;57
9571;Daler Rowney Resim Paketi;Hobi-Sanat;Resim;Daler Rowney;155.04;Yetiskin;100
9572;Chanel Parfum Ruj;Kozmetik;Parfum;Chanel;264.80;Genc;29
9573;Pasabahce Konfor Kahve Makinesi;Ev-Yasam;Konfor;Pasabahce;5179.41;Yasli;26
9574;Alfa Yayinlari Kisisel Gelisim Romanı/Kitabı;Kitap;Kisisel Gelisim;Alfa Yayinlari;78.47;Yasli;35
9575;Melissa Doug Klasik Seti;Oyuncak;Klasik;Melissa Doug;599.96;Yetiskin;3
9576;Burberry Aksesuar Saat;Moda;Aksesuar;Burberry;500.66;Cocuk;66
9577;Sephora Bakim Cilt Serumu;Kozmetik;Bakim;Sephora;1131.96;Yasli;97
9578;MGA Entertainment Egitici Paketi;Oyuncak;Egitici;MGA Entertainment;3221.84;Genc;58
9579;Yamaha Studyo DJ Ekipmanı;Muzik;Studyo;Yamaha;6987.41;Yetiskin;96
9580;Dior Makyaj Ruj;Kozmetik;Makyaj;Dior;931.77;Cocuk;65
9581;Madame Coco Mutfak Dekoratif Lamba;Ev-Yasam;Mutfak;Madame Coco;6786.85;Yetiskin;65
9582;Dogan Kitap Kisisel Gelisim Romanı/Kitabı;Kitap;Kisisel Gelisim;Dogan Kitap;55.28;Cocuk;50
9583;Prada Aksesuar Saat;Moda;Aksesuar;Prada;4546.95;Yetiskin;17
9584;Clinique Makyaj Ruj;Kozmetik;Makyaj;Clinique;1069.76;Genc;43
9585;Lancome Parfum Nemlendirici;Kozmetik;Parfum;Lancome;968.20;Cocuk;75
9586;JBL Analog Enstrüman;Muzik;Analog;JBL;16872.71;Cocuk;34
9587;Xiaomi Yazilim Bilgisayar;Teknoloji;Yazilim;Xiaomi;27135.24;Yasli;79
9588;LG Ev Ofis Akıllı Telefon;Teknoloji;Ev Ofis;LG;36904.69;Cocuk;48
9589;MSI E-Spor Koleksiyonu;Oyun;E-Spor;MSI;2777.39;Yasli;23
9590;Beko Mutfak Robot Süpürge;Ev-Yasam;Mutfak;Beko;6957.33;Cocuk;5
9591;Prada Klasik Ceket;Moda;Klasik;Prada;967.60;Genc;86
9592;Fender Analog Enstrüman;Muzik;Analog;Fender;10459.35;Genc;30
9593;Winsor Newton Resim Koleksiyonu;Hobi-Sanat;Resim;Winsor Newton;1336.50;Yasli;86
9594;Salomon Outdoor Eşofman Takımı;Spor;Outdoor;Salomon;5526.58;Cocuk;100
9595;Samsung Yazilim Akıllı Saat;Teknoloji;Yazilim;Samsung;3287.31;Genc;90
9596;Wilson Outdoor Eşofman Takımı;Spor;Outdoor;Wilson;5612.02;Cocuk;87
9597;Derwent Resim Paketi;Hobi-Sanat;Resim;Derwent;2097.29;Yasli;23
9598;Nintendo Yayincilik Seti;Oyun;Yayincilik;Nintendo;1782.63;Yetiskin;15
9599;Metis Kisisel Gelisim Romanı/Kitabı;Kitap;Kisisel Gelisim;Metis;322.40;Cocuk;62
9600;Under Armour Ekipman Eşofman Takımı;Spor;Ekipman;Under Armour;1899.04;Yetiskin;38
9601;Hasbro Klasik Paketi;Oyuncak;Klasik;Hasbro;3626.62;Yasli;99
9602;Bosch Dekorasyon Robot Süpürge;Ev-Yasam;Dekorasyon;Bosch;11641.26;Genc;61
9603;Xiaomi Ev Ofis Bilgisayar;Teknoloji;Ev Ofis;Xiaomi;9519.07;Yasli;82
9604;Xiaomi Mobil Yasam Kulaklık;Teknoloji;Mobil Yasam;Xiaomi;14887.98;Genc;57
9605;Pegasus Tarih Romanı/Kitabı;Kitap;Tarih;Pegasus;61.61;Cocuk;39
9606;Pegasus Edebiyat Romanı/Kitabı;Kitap;Edebiyat;Pegasus;298.90;Yasli;9
9607;Lancome Bakim Göz Kalemi;Kozmetik;Bakim;Lancome;1266.08;Cocuk;8
9608;Sephora Makyaj Cilt Serumu;Kozmetik;Makyaj;Sephora;762.93;Yasli;21
9609;MSI Retro Koleksiyonu;Oyun;Retro;MSI;4987.55;Cocuk;43
9610;Roland Sahne Enstrüman;Muzik;Sahne;Roland;4348.78;Cocuk;34
9611;Mizuno Fitness Eşofman Takımı;Spor;Fitness;Mizuno;3420.19;Genc;61
9612;Nintendo Yayincilik Paketi;Oyun;Yayincilik;Nintendo;4591.56;Yetiskin;8
9613;Apple Yazilim Akıllı Telefon;Teknoloji;Yazilim;Apple;13944.10;Cocuk;20
9614;Xiaomi Ev Ofis Tablet;Teknoloji;Ev Ofis;Xiaomi;25126.09;Cocuk;80
9615;Under Armour Outdoor Koşu Ayakkabısı;Spor;Outdoor;Under Armour;2609.14;Yetiskin;72
9616;Fisher-Price Aksiyon Seti;Oyuncak;Aksiyon;Fisher-Price;2695.77;Yasli;99
9617;Burberry Sokak Stili Gözlük;Moda;Sokak Stili;Burberry;3982.78;Yetiskin;86
9618;Lenovo Yazilim Tablet;Teknoloji;Yazilim;Lenovo;2739.36;Genc;29
9619;H&M Sokak Stili Parfüm;Moda;Sokak Stili;H&M;4195.00;Yetiskin;34
9620;Logitech Yayincilik Koleksiyonu;Oyun;Yayincilik;Logitech;627.97;Yasli;50
9621;Bosch Arac Bakimi Aksesuarı;Otomobil-Aksesuar;Arac Bakimi;Bosch;2681.80;Yasli;96
9622;Hasbro Egitici Paketi;Oyuncak;Egitici;Hasbro;3782.31;Yetiskin;62
9623;Sennheiser Analog Pikap;Muzik;Analog;Sennheiser;3470.43;Cocuk;4
9624;Melissa Doug Egitici Paketi;Oyuncak;Egitici;Melissa Doug;2720.31;Genc;58
9625;HyperX Yayincilik Paketi;Oyun;Yayincilik;HyperX;1875.85;Genc;37
9626;MGA Entertainment Klasik Paketi;Oyuncak;Klasik;MGA Entertainment;798.62;Yasli;23
9627;Goodyear Guvenlik Aksesuarı;Otomobil-Aksesuar;Guvenlik;Goodyear;6715.47;Cocuk;39
9628;Razer E-Spor Koleksiyonu;Oyun;E-Spor;Razer;4618.66;Genc;77
9629;Melissa Doug Egitici Seti;Oyuncak;Egitici;Melissa Doug;3962.96;Yetiskin;26
9630;Pebeo Kirtasiye Paketi;Hobi-Sanat;Kirtasiye;Pebeo;4090.07;Yetiskin;58
9631;3M Konfor Aksesuarı;Otomobil-Aksesuar;Konfor;3M;860.17;Genc;47
9632;Ikea Dekorasyon Robot Süpürge;Ev-Yasam;Dekorasyon;Ikea;3587.36;Genc;3
9633;Pebeo Kirtasiye Paketi;Hobi-Sanat;Kirtasiye;Pebeo;1014.49;Yetiskin;69
9634;Yapi Kredi Edebiyat Romanı/Kitabı;Kitap;Edebiyat;Yapi Kredi;195.89;Yasli;48
9635;MGA Entertainment Aksiyon Seti;Oyuncak;Aksiyon;MGA Entertainment;4269.68;Yetiskin;82
9636;MSI E-Spor Koleksiyonu;Oyun;E-Spor;MSI;482.09;Yetiskin;91
9637;Bridgestone Konfor Aksesuarı;Otomobil-Aksesuar;Konfor;Bridgestone;941.79;Genc;94
9638;Hasbro Klasik Paketi;Oyuncak;Klasik;Hasbro;3659.42;Yasli;48
9639;Canson Kirtasiye Koleksiyonu;Hobi-Sanat;Kirtasiye;Canson;2944.25;Genc;100
9640;Lenovo Ev Ofis Akıllı Telefon;Teknoloji;Ev Ofis;Lenovo;16950.90;Genc;26
9641;Roland Analog Enstrüman;Muzik;Analog;Roland;13334.63;Cocuk;46
9642;Nivea Parfum Göz Kalemi;Kozmetik;Parfum;Nivea;217.95;Yetiskin;32
9643;Metis Tarih Romanı/Kitabı;Kitap;Tarih;Metis;51.83;Genc;95
9644;Is Bankasi Yayinlari Edebiyat Romanı/Kitabı;Kitap;Edebiyat;Is Bankasi Yayinlari;306.27;Yetiskin;56
9645;Levi's Klasik Parfüm;Moda;Klasik;Levi's;633.82;Yasli;19
9646;Castelli Fitness Spor Çantası;Spor;Fitness;Castelli;3227.70;Genc;62
9647;Burberry Klasik Ceket;Moda;Klasik;Burberry;721.48;Yasli;92
9648;Lacoste Klasik Ceket;Moda;Klasik;Lacoste;4102.03;Genc;73
9649;Michelin Konfor Aksesuarı;Otomobil-Aksesuar;Konfor;Michelin;6818.76;Yasli;87
9650;Canson Kirtasiye Seti;Hobi-Sanat;Kirtasiye;Canson;4851.11;Genc;62
9651;Michelin Guvenlik Aksesuarı;Otomobil-Aksesuar;Guvenlik;Michelin;12464.33;Cocuk;20
9652;Wilson Outdoor Koşu Ayakkabısı;Spor;Outdoor;Wilson;7683.64;Cocuk;67
9653;Apple Yazilim Tablet;Teknoloji;Yazilim;Apple;40724.13;Cocuk;88
9654;HyperX E-Spor Seti;Oyun;E-Spor;HyperX;3060.31;Genc;67
9655;Can Yayinlari Tarih Romanı/Kitabı;Kitap;Tarih;Can Yayinlari;205.88;Yasli;52
9656;Michelin Guvenlik Aksesuarı;Otomobil-Aksesuar;Guvenlik;Michelin;8910.86;Yasli;70
9657;Mizuno Outdoor Eşofman Takımı;Spor;Outdoor;Mizuno;3285.84;Yetiskin;95
9658;Nivea Parfum Göz Kalemi;Kozmetik;Parfum;Nivea;223.82;Yetiskin;82
9659;Can Yayinlari Edebiyat Romanı/Kitabı;Kitap;Edebiyat;Can Yayinlari;62.56;Yetiskin;12
9660;Apple Ev Ofis Akıllı Saat;Teknoloji;Ev Ofis;Apple;4682.74;Cocuk;85
9661;VTech Egitici Koleksiyonu;Oyuncak;Egitici;VTech;2039.09;Yetiskin;84
9662;Xiaomi Mobil Yasam Bilgisayar;Teknoloji;Mobil Yasam;Xiaomi;43148.38;Cocuk;60
9663;Pegasus Edebiyat Romanı/Kitabı;Kitap;Edebiyat;Pegasus;149.71;Yetiskin;99
9664;Winsor Newton El Sanatlari Seti;Hobi-Sanat;El Sanatlari;Winsor Newton;3345.71;Genc;51
9665;LEGO Klasik Koleksiyonu;Oyuncak;Klasik;LEGO;4507.29;Yetiskin;68
9666;Pegasus Edebiyat Romanı/Kitabı;Kitap;Edebiyat;Pegasus;116.85;Cocuk;81
9667;Sparco Arac Bakimi Aksesuarı;Otomobil-Aksesuar;Arac Bakimi;Sparco;11901.93;Yetiskin;41
9668;Metis Kisisel Gelisim Romanı/Kitabı;Kitap;Kisisel Gelisim;Metis;421.44;Genc;94
9669;Sparco Arac Bakimi Aksesuarı;Otomobil-Aksesuar;Arac Bakimi;Sparco;3142.32;Genc;81
9670;Mattel Egitici Seti;Oyuncak;Egitici;Mattel;3387.39;Cocuk;11
9671;Lacoste Aksesuar Ceket;Moda;Aksesuar;Lacoste;4244.70;Yasli;4
9672;Pegasus Edebiyat Romanı/Kitabı;Kitap;Edebiyat;Pegasus;78.71;Yasli;98
9673;Dogan Kitap Tarih Romanı/Kitabı;Kitap;Tarih;Dogan Kitap;80.17;Yetiskin;76
9674;Beko Mutfak Dekoratif Lamba;Ev-Yasam;Mutfak;Beko;6772.45;Cocuk;3
9675;Bosch Arac Bakimi Aksesuarı;Otomobil-Aksesuar;Arac Bakimi;Bosch;8295.96;Genc;22
9676;Ithaki Kisisel Gelisim Romanı/Kitabı;Kitap;Kisisel Gelisim;Ithaki;456.99;Yasli;70
9677;Liquitex El Sanatlari Paketi;Hobi-Sanat;El Sanatlari;Liquitex;3646.17;Genc;76
9678;Can Yayinlari Tarih Romanı/Kitabı;Kitap;Tarih;Can Yayinlari;364.15;Yasli;96
9679;Sparco Guvenlik Aksesuarı;Otomobil-Aksesuar;Guvenlik;Sparco;7109.59;Yetiskin;91
9680;Nintendo E-Spor Koleksiyonu;Oyun;E-Spor;Nintendo;581.03;Genc;72
9681;Casio Analog Amfi;Muzik;Analog;Casio;10856.13;Yasli;58
9682;Nintendo Retro Koleksiyonu;Oyun;Retro;Nintendo;1776.10;Genc;57
9683;Reeves Resim Koleksiyonu;Hobi-Sanat;Resim;Reeves;2791.78;Yetiskin;33
9684;Bosch Guvenlik Aksesuarı;Otomobil-Aksesuar;Guvenlik;Bosch;13480.18;Yetiskin;52
9685;Spin Master Egitici Paketi;Oyuncak;Egitici;Spin Master;1284.87;Cocuk;87
9686;Sparco Arac Bakimi Aksesuarı;Otomobil-Aksesuar;Arac Bakimi;Sparco;6381.37;Genc;15
9687;Lacoste Aksesuar Çanta;Moda;Aksesuar;Lacoste;901.80;Genc;90
9688;Spin Master Egitici Paketi;Oyuncak;Egitici;Spin Master;934.90;Yasli;77
9689;Lancome Parfum Cilt Serumu;Kozmetik;Parfum;Lancome;1008.70;Genc;67
9690;Under Armour Outdoor Eşofman Takımı;Spor;Outdoor;Under Armour;5677.12;Yetiskin;8
9691;Samsung Mobil Yasam Bilgisayar;Teknoloji;Mobil Yasam;Samsung;27973.14;Genc;25
9692;Madame Coco Dekorasyon Dekoratif Lamba;Ev-Yasam;Dekorasyon;Madame Coco;9052.68;Yetiskin;39
9693;Burberry Sokak Stili Ceket;Moda;Sokak Stili;Burberry;5852.99;Yasli;88
9694;Logitech Yayincilik Seti;Oyun;Yayincilik;Logitech;3245.57;Cocuk;56
9695;Castrol Guvenlik Aksesuarı;Otomobil-Aksesuar;Guvenlik;Castrol;8909.31;Cocuk;57
9696;Castrol Guvenlik Aksesuarı;Otomobil-Aksesuar;Guvenlik;Castrol;12666.14;Yetiskin;51
9697;VTech Klasik Koleksiyonu;Oyuncak;Klasik;VTech;4088.69;Cocuk;17
9698;Maybelline Bakim Ruj;Kozmetik;Bakim;Maybelline;1023.37;Genc;57
9699;Pebeo Kirtasiye Koleksiyonu;Hobi-Sanat;Kirtasiye;Pebeo;812.81;Cocuk;62
9700;Zowie Yayincilik Paketi;Oyun;Yayincilik;Zowie;1245.18;Yasli;43
9701;Roland Studyo Enstrüman;Muzik;Studyo;Roland;17745.52;Cocuk;22
9702;Pegasus Kisisel Gelisim Romanı/Kitabı;Kitap;Kisisel Gelisim;Pegasus;328.09;Yetiskin;60
9703;JBL Analog Pikap;Muzik;Analog;JBL;22370.94;Genc;72
9704;Under Armour Ekipman Eşofman Takımı;Spor;Ekipman;Under Armour;4950.39;Yetiskin;65
9705;Can Yayinlari Edebiyat Romanı/Kitabı;Kitap;Edebiyat;Can Yayinlari;138.47;Yetiskin;57
9706;LOreal Parfum Nemlendirici;Kozmetik;Parfum;LOreal;343.47;Yetiskin;93
9707;Clinique Bakim Göz Kalemi;Kozmetik;Bakim;Clinique;672.92;Genc;45
9708;Dogan Kitap Edebiyat Romanı/Kitabı;Kitap;Edebiyat;Dogan Kitap;252.89;Genc;91
9709;Wilson Ekipman Koşu Ayakkabısı;Spor;Ekipman;Wilson;2544.24;Genc;8
9710;Lacoste Klasik Ceket;Moda;Klasik;Lacoste;3148.04;Genc;91
9711;Nintendo Retro Paketi;Oyun;Retro;Nintendo;4587.15;Yasli;68
9712;Yamaha Analog Enstrüman;Muzik;Analog;Yamaha;11709.94;Yasli;56
9713;Ithaki Kisisel Gelisim Romanı/Kitabı;Kitap;Kisisel Gelisim;Ithaki;84.59;Genc;16
9714;Ikea Konfor Kahve Makinesi;Ev-Yasam;Konfor;Ikea;1809.02;Genc;94
9715;Everest Edebiyat Romanı/Kitabı;Kitap;Edebiyat;Everest;333.83;Cocuk;50
9716;Pegasus Edebiyat Romanı/Kitabı;Kitap;Edebiyat;Pegasus;85.21;Yetiskin;6
9717;Chanel Parfum Nemlendirici;Kozmetik;Parfum;Chanel;989.19;Yetiskin;19
9718;Burberry Sokak Stili Çanta;Moda;Sokak Stili;Burberry;5304.27;Genc;60
9719;Is Bankasi Yayinlari Kisisel Gelisim Romanı/Kitabı;Kitap;Kisisel Gelisim;Is Bankasi Yayinlari;458.23;Genc;61
9720;Zara Klasik Saat;Moda;Klasik;Zara;5189.58;Yetiskin;31
9721;Casio Sahne DJ Ekipmanı;Muzik;Sahne;Casio;8145.16;Yasli;67
9722;Meguiars Arac Bakimi Aksesuarı;Otomobil-Aksesuar;Arac Bakimi;Meguiars;11999.17;Yetiskin;46
9723;English Home Mutfak Nevresim Takımı;Ev-Yasam;Mutfak;English Home;4822.37;Cocuk;86
9724;H&M Sokak Stili Ceket;Moda;Sokak Stili;H&M;2519.04;Genc;82
9725;Philips Mutfak Kahve Makinesi;Ev-Yasam;Mutfak;Philips;4978.79;Cocuk;58
9726;Bose Sahne DJ Ekipmanı;Muzik;Sahne;Bose;2370.47;Yetiskin;71
9727;Winsor Newton El Sanatlari Seti;Hobi-Sanat;El Sanatlari;Winsor Newton;1509.86;Yetiskin;41
9728;Logitech Retro Koleksiyonu;Oyun;Retro;Logitech;3503.10;Yasli;29
9729;Pioneer Konfor Aksesuarı;Otomobil-Aksesuar;Konfor;Pioneer;3337.99;Yetiskin;50
9730;Metis Edebiyat Romanı/Kitabı;Kitap;Edebiyat;Metis;468.47;Yetiskin;42
9731;Spalding Fitness Eşofman Takımı;Spor;Fitness;Spalding;5999.89;Yetiskin;16
9732;Ithaki Tarih Romanı/Kitabı;Kitap;Tarih;Ithaki;405.15;Cocuk;25
9733;Daler Rowney Kirtasiye Paketi;Hobi-Sanat;Kirtasiye;Daler Rowney;959.18;Yasli;5
9734;Playmobil Aksiyon Paketi;Oyuncak;Aksiyon;Playmobil;651.38;Genc;73
9735;Hot Wheels Klasik Paketi;Oyuncak;Klasik;Hot Wheels;750.14;Yetiskin;51
9736;Lenovo Ev Ofis Kulaklık;Teknoloji;Ev Ofis;Lenovo;21402.26;Yasli;42
9737;Adidas Sokak Stili Ceket;Moda;Sokak Stili;Adidas;450.90;Yasli;21
9738;Derwent Kirtasiye Koleksiyonu;Hobi-Sanat;Kirtasiye;Derwent;1364.40;Yasli;57
9739;JBL Studyo Pikap;Muzik;Studyo;JBL;3369.67;Yetiskin;76
9740;English Home Konfor Dekoratif Lamba;Ev-Yasam;Konfor;English Home;950.86;Genc;34
9741;Asus Yazilim Akıllı Saat;Teknoloji;Yazilim;Asus;5822.71;Genc;8
9742;Nike Sokak Stili Gözlük;Moda;Sokak Stili;Nike;1156.46;Genc;62
9743;LEGO Egitici Paketi;Oyuncak;Egitici;LEGO;383.01;Cocuk;8
9744;Lacoste Aksesuar Ceket;Moda;Aksesuar;Lacoste;1960.22;Genc;69
9745;Nintendo E-Spor Koleksiyonu;Oyun;E-Spor;Nintendo;395.78;Yetiskin;8
9746;Prismacolor Kirtasiye Koleksiyonu;Hobi-Sanat;Kirtasiye;Prismacolor;1837.10;Yetiskin;60
9747;SteelSeries Retro Seti;Oyun;Retro;SteelSeries;3315.10;Yetiskin;77
9748;Prismacolor Resim Seti;Hobi-Sanat;Resim;Prismacolor;4745.19;Genc;59
9749;Decathlon Ekipman Antrenman Ekipmanı;Spor;Ekipman;Decathlon;4208.85;Genc;100
9750;Reebok Outdoor Spor Çantası;Spor;Outdoor;Reebok;5240.86;Genc;18
9751;Bose Studyo Amfi;Muzik;Studyo;Bose;12142.52;Yetiskin;92
9752;SteelSeries E-Spor Paketi;Oyun;E-Spor;SteelSeries;4630.64;Yetiskin;56
9753;Tefal Dekorasyon Kahve Makinesi;Ev-Yasam;Dekorasyon;Tefal;2082.70;Genc;27
9754;Gigabyte Retro Seti;Oyun;Retro;Gigabyte;2283.63;Cocuk;58
9755;Pioneer Guvenlik Aksesuarı;Otomobil-Aksesuar;Guvenlik;Pioneer;10591.89;Yetiskin;7
9756;Beko Mutfak Dekoratif Lamba;Ev-Yasam;Mutfak;Beko;11425.72;Yasli;74
9757;Hot Wheels Aksiyon Seti;Oyuncak;Aksiyon;Hot Wheels;3576.29;Yetiskin;80
9758;Spalding Ekipman Spor Çantası;Spor;Ekipman;Spalding;1542.04;Yetiskin;77
9759;Nintendo Retro Koleksiyonu;Oyun;Retro;Nintendo;741.25;Yetiskin;39
9760;Madame Coco Konfor Robot Süpürge;Ev-Yasam;Konfor;Madame Coco;1436.83;Yetiskin;100
9761;Hasbro Aksiyon Koleksiyonu;Oyuncak;Aksiyon;Hasbro;3692.21;Cocuk;18
9762;MAC Parfum Nemlendirici;Kozmetik;Parfum;MAC;1845.37;Yasli;97
9763;Adidas Klasik Çanta;Moda;Klasik;Adidas;2387.92;Cocuk;4
9764;Beko Dekorasyon Nevresim Takımı;Ev-Yasam;Dekorasyon;Beko;8078.45;Yasli;16
9765;Nintendo E-Spor Koleksiyonu;Oyun;E-Spor;Nintendo;3755.97;Genc;62
9766;3M Konfor Aksesuarı;Otomobil-Aksesuar;Konfor;3M;8336.09;Genc;12
9767;Lenovo Ev Ofis Akıllı Saat;Teknoloji;Ev Ofis;Lenovo;4380.62;Genc;87
9768;Michelin Konfor Aksesuarı;Otomobil-Aksesuar;Konfor;Michelin;11232.27;Yetiskin;99
9769;Mizuno Ekipman Eşofman Takımı;Spor;Ekipman;Mizuno;1371.43;Cocuk;30
9770;Castelli Fitness Antrenman Ekipmanı;Spor;Fitness;Castelli;1647.64;Yetiskin;78
9771;Pebeo El Sanatlari Paketi;Hobi-Sanat;El Sanatlari;Pebeo;324.90;Genc;26
9772;Zara Aksesuar Ceket;Moda;Aksesuar;Zara;4543.18;Genc;97
9773;Ikea Konfor Nevresim Takımı;Ev-Yasam;Konfor;Ikea;11110.64;Yetiskin;55
9774;Pasabahce Mutfak Nevresim Takımı;Ev-Yasam;Mutfak;Pasabahce;3332.94;Yasli;74
9775;Pebeo Kirtasiye Seti;Hobi-Sanat;Kirtasiye;Pebeo;1658.71;Cocuk;69
9776;Casio Analog DJ Ekipmanı;Muzik;Analog;Casio;15678.72;Yasli;96
9777;Yapi Kredi Tarih Romanı/Kitabı;Kitap;Tarih;Yapi Kredi;306.30;Yasli;32
9778;Hasbro Klasik Koleksiyonu;Oyuncak;Klasik;Hasbro;3014.18;Yetiskin;48
9779;Philips Konfor Dekoratif Lamba;Ev-Yasam;Konfor;Philips;10128.54;Yetiskin;87
9780;Levi's Sokak Stili Saat;Moda;Sokak Stili;Levi's;1908.71;Yetiskin;58
9781;MSI Retro Koleksiyonu;Oyun;Retro;MSI;4407.77;Genc;54
9782;VTech Aksiyon Seti;Oyuncak;Aksiyon;VTech;3995.34;Yasli;11
9783;Hot Wheels Klasik Koleksiyonu;Oyuncak;Klasik;Hot Wheels;2855.56;Genc;86
9784;Yapi Kredi Tarih Romanı/Kitabı;Kitap;Tarih;Yapi Kredi;361.55;Genc;17
9785;HyperX Yayincilik Paketi;Oyun;Yayincilik;HyperX;3823.58;Yetiskin;80
9786;Under Armour Ekipman Eşofman Takımı;Spor;Ekipman;Under Armour;939.88;Genc;77
9787;Lenovo Ev Ofis Akıllı Telefon;Teknoloji;Ev Ofis;Lenovo;28675.00;Genc;32
9788;Sennheiser Studyo Pikap;Muzik;Studyo;Sennheiser;9336.19;Cocuk;63
9789;VTech Aksiyon Koleksiyonu;Oyuncak;Aksiyon;VTech;1376.79;Genc;89
9790;Michelin Konfor Aksesuarı;Otomobil-Aksesuar;Konfor;Michelin;5808.89;Genc;98
9791;Columbia Outdoor Koşu Ayakkabısı;Spor;Outdoor;Columbia;4597.14;Genc;58
9792;Nintendo Retro Paketi;Oyun;Retro;Nintendo;3583.96;Yetiskin;92
9793;Sparco Konfor Aksesuarı;Otomobil-Aksesuar;Konfor;Sparco;6560.02;Yetiskin;82
9794;Prismacolor Resim Seti;Hobi-Sanat;Resim;Prismacolor;3808.59;Genc;42
9795;Nike Aksesuar Ceket;Moda;Aksesuar;Nike;690.47;Yasli;42
9796;Logitech Retro Seti;Oyun;Retro;Logitech;1949.35;Cocuk;45
9797;Gibson Sahne Pikap;Muzik;Sahne;Gibson;19204.19;Yasli;88
9798;Yamaha Studyo Pikap;Muzik;Studyo;Yamaha;9073.23;Genc;81
9799;Faber-Castell Resim Koleksiyonu;Hobi-Sanat;Resim;Faber-Castell;1260.43;Yetiskin;84
9800;MAC Makyaj Göz Kalemi;Kozmetik;Makyaj;MAC;1652.15;Genc;57
9801;Audio-Technica Analog Pikap;Muzik;Analog;Audio-Technica;8053.54;Yetiskin;74
9802;Sparco Arac Bakimi Aksesuarı;Otomobil-Aksesuar;Arac Bakimi;Sparco;10759.86;Yasli;67
9803;Adidas Klasik Gözlük;Moda;Klasik;Adidas;5320.41;Yetiskin;52
9804;Nvidia Yayincilik Paketi;Oyun;Yayincilik;Nvidia;489.26;Yetiskin;73
9805;Bose Analog Enstrüman;Muzik;Analog;Bose;15121.56;Genc;21
9806;LEGO Aksiyon Paketi;Oyuncak;Aksiyon;LEGO;3766.08;Yetiskin;17
9807;VTech Aksiyon Koleksiyonu;Oyuncak;Aksiyon;VTech;2771.48;Yetiskin;76
9808;Clinique Makyaj Göz Kalemi;Kozmetik;Makyaj;Clinique;1425.40;Genc;27
9809;Reeves Resim Seti;Hobi-Sanat;Resim;Reeves;4005.57;Yasli;43
9810;Asus Yazilim Tablet;Teknoloji;Yazilim;Asus;24099.83;Yasli;15
9811;Adidas Aksesuar Saat;Moda;Aksesuar;Adidas;3403.22;Cocuk;60
9812;Reebok Ekipman Koşu Ayakkabısı;Spor;Ekipman;Reebok;4905.54;Cocuk;51
9813;Reebok Outdoor Antrenman Ekipmanı;Spor;Outdoor;Reebok;1424.92;Yetiskin;35
9814;Puma Klasik Ceket;Moda;Klasik;Puma;5112.34;Genc;5
9815;Apple Ev Ofis Bilgisayar;Teknoloji;Ev Ofis;Apple;13810.86;Yetiskin;17
9816;Hasbro Egitici Paketi;Oyuncak;Egitici;Hasbro;3975.19;Cocuk;9
9817;HP Yazilim Tablet;Teknoloji;Yazilim;HP;37059.72;Genc;14
9818;H&M Sokak Stili Gözlük;Moda;Sokak Stili;H&M;2780.94;Yetiskin;3
9819;H&M Sokak Stili Ceket;Moda;Sokak Stili;H&M;722.58;Genc;15
9820;Winsor Newton Resim Paketi;Hobi-Sanat;Resim;Winsor Newton;750.07;Yetiskin;12
9821;3M Guvenlik Aksesuarı;Otomobil-Aksesuar;Guvenlik;3M;5456.97;Cocuk;41
9822;Tefal Mutfak Robot Süpürge;Ev-Yasam;Mutfak;Tefal;6584.98;Yetiskin;35
9823;Nike Sokak Stili Parfüm;Moda;Sokak Stili;Nike;3310.16;Yasli;12
9824;Chanel Makyaj Nemlendirici;Kozmetik;Makyaj;Chanel;944.11;Yasli;86
9825;Ithaki Edebiyat Romanı/Kitabı;Kitap;Edebiyat;Ithaki;191.42;Yasli;50
9826;Decathlon Fitness Eşofman Takımı;Spor;Fitness;Decathlon;7576.07;Genc;76
9827;Lancome Parfum Göz Kalemi;Kozmetik;Parfum;Lancome;558.09;Genc;16
9828;Levi's Aksesuar Gözlük;Moda;Aksesuar;Levi's;3443.62;Cocuk;49
9829;Sennheiser Studyo Amfi;Muzik;Studyo;Sennheiser;1416.09;Genc;55
9830;Zowie Yayincilik Seti;Oyun;Yayincilik;Zowie;3457.90;Cocuk;90
9831;Zara Klasik Çanta;Moda;Klasik;Zara;3191.70;Yetiskin;16
9832;Continental Konfor Aksesuarı;Otomobil-Aksesuar;Konfor;Continental;6774.51;Genc;28
9833;Levi's Klasik Çanta;Moda;Klasik;Levi's;1930.92;Yetiskin;65
9834;HyperX E-Spor Seti;Oyun;E-Spor;HyperX;283.39;Cocuk;94
9835;Razer Yayincilik Paketi;Oyun;Yayincilik;Razer;326.14;Yasli;57
9836;Sony Mobil Yasam Akıllı Telefon;Teknoloji;Mobil Yasam;Sony;26549.90;Yetiskin;64
9837;Yapi Kredi Edebiyat Romanı/Kitabı;Kitap;Edebiyat;Yapi Kredi;68.96;Cocuk;85
9838;Levi's Sokak Stili Parfüm;Moda;Sokak Stili;Levi's;5594.36;Yetiskin;14
9839;Karaca Konfor Nevresim Takımı;Ev-Yasam;Konfor;Karaca;780.37;Genc;73
9840;Gigabyte E-Spor Seti;Oyun;E-Spor;Gigabyte;2534.91;Genc;59
9841;Moleskine Kirtasiye Koleksiyonu;Hobi-Sanat;Kirtasiye;Moleskine;4903.10;Cocuk;69
9842;Sony Ev Ofis Akıllı Saat;Teknoloji;Ev Ofis;Sony;31999.28;Genc;77
9843;Metis Kisisel Gelisim Romanı/Kitabı;Kitap;Kisisel Gelisim;Metis;412.73;Cocuk;61
9844;Ithaki Kisisel Gelisim Romanı/Kitabı;Kitap;Kisisel Gelisim;Ithaki;251.86;Genc;97
9845;Playmobil Aksiyon Koleksiyonu;Oyuncak;Aksiyon;Playmobil;4646.25;Cocuk;68
9846;Michelin Arac Bakimi Aksesuarı;Otomobil-Aksesuar;Arac Bakimi;Michelin;4932.18;Yetiskin;32
9847;Pebeo Resim Paketi;Hobi-Sanat;Resim;Pebeo;2723.09;Yetiskin;94
9848;Castelli Fitness Antrenman Ekipmanı;Spor;Fitness;Castelli;7115.13;Genc;87
9849;Puma Klasik Çanta;Moda;Klasik;Puma;4054.18;Cocuk;82
9850;Bose Analog Amfi;Muzik;Analog;Bose;10614.50;Yetiskin;20
9851;Pioneer Guvenlik Aksesuarı;Otomobil-Aksesuar;Guvenlik;Pioneer;8887.64;Yetiskin;100
9852;Prismacolor El Sanatlari Paketi;Hobi-Sanat;El Sanatlari;Prismacolor;1795.47;Yasli;41
9853;Yapi Kredi Kisisel Gelisim Romanı/Kitabı;Kitap;Kisisel Gelisim;Yapi Kredi;205.37;Cocuk;30
9854;Apple Mobil Yasam Akıllı Saat;Teknoloji;Mobil Yasam;Apple;4034.23;Yasli;28
9855;Meguiars Konfor Aksesuarı;Otomobil-Aksesuar;Konfor;Meguiars;13248.35;Genc;81
9856;Hasbro Aksiyon Paketi;Oyuncak;Aksiyon;Hasbro;4880.12;Cocuk;55
9857;Liquitex Resim Koleksiyonu;Hobi-Sanat;Resim;Liquitex;173.51;Cocuk;29
9858;Madame Coco Konfor Kahve Makinesi;Ev-Yasam;Konfor;Madame Coco;8784.79;Cocuk;47
9859;Marshall Analog Amfi;Muzik;Analog;Marshall;3208.15;Genc;4
9860;JBL Sahne Pikap;Muzik;Sahne;JBL;9999.35;Cocuk;60
9861;Nivea Parfum Ruj;Kozmetik;Parfum;Nivea;1566.15;Yasli;23
9862;Adidas Aksesuar Gözlük;Moda;Aksesuar;Adidas;2782.03;Yetiskin;45
9863;Lacoste Aksesuar Ceket;Moda;Aksesuar;Lacoste;3105.72;Cocuk;82
9864;Sennheiser Sahne Amfi;Muzik;Sahne;Sennheiser;24561.00;Cocuk;73
9865;Corsair Retro Seti;Oyun;Retro;Corsair;1461.49;Genc;87
9866;Prada Aksesuar Gözlük;Moda;Aksesuar;Prada;710.94;Yetiskin;74
9867;Winsor Newton Resim Paketi;Hobi-Sanat;Resim;Winsor Newton;3547.96;Cocuk;100
9868;North Face Outdoor Eşofman Takımı;Spor;Outdoor;North Face;6177.25;Yasli;35
9869;Castelli Fitness Eşofman Takımı;Spor;Fitness;Castelli;5694.84;Cocuk;24
9870;Melissa Doug Klasik Koleksiyonu;Oyuncak;Klasik;Melissa Doug;3903.57;Cocuk;66
9871;Lancome Parfum Göz Kalemi;Kozmetik;Parfum;Lancome;1484.81;Yetiskin;54
9872;Burberry Sokak Stili Saat;Moda;Sokak Stili;Burberry;1868.99;Genc;82
9873;Columbia Fitness Antrenman Ekipmanı;Spor;Fitness;Columbia;3769.70;Cocuk;51
9874;Razer Yayincilik Paketi;Oyun;Yayincilik;Razer;693.44;Yasli;97
9875;Faber-Castell Resim Seti;Hobi-Sanat;Resim;Faber-Castell;4392.24;Genc;55
9876;H&M Klasik Saat;Moda;Klasik;H&M;4012.44;Genc;21
9877;Can Yayinlari Edebiyat Romanı/Kitabı;Kitap;Edebiyat;Can Yayinlari;305.44;Genc;45
9878;Philips Mutfak Nevresim Takımı;Ev-Yasam;Mutfak;Philips;9935.29;Yetiskin;99
9879;Sony Ev Ofis Kulaklık;Teknoloji;Ev Ofis;Sony;8763.30;Yetiskin;49
9880;Razer E-Spor Paketi;Oyun;E-Spor;Razer;3456.80;Genc;40
9881;Alfa Yayinlari Kisisel Gelisim Romanı/Kitabı;Kitap;Kisisel Gelisim;Alfa Yayinlari;425.90;Genc;76
9882;Mattel Klasik Paketi;Oyuncak;Klasik;Mattel;201.54;Yetiskin;78
9883;English Home Konfor Dekoratif Lamba;Ev-Yasam;Konfor;English Home;9174.26;Cocuk;97
9884;Apple Mobil Yasam Bilgisayar;Teknoloji;Mobil Yasam;Apple;44343.74;Yasli;92
9885;Clinique Parfum Nemlendirici;Kozmetik;Parfum;Clinique;1751.62;Genc;16
9886;Lenovo Mobil Yasam Akıllı Saat;Teknoloji;Mobil Yasam;Lenovo;39371.87;Cocuk;74
9887;JBL Analog Pikap;Muzik;Analog;JBL;6876.85;Genc;20
9888;Goodyear Guvenlik Aksesuarı;Otomobil-Aksesuar;Guvenlik;Goodyear;8519.85;Yetiskin;13
9889;LEGO Aksiyon Koleksiyonu;Oyuncak;Aksiyon;LEGO;4071.62;Genc;29
9890;Asus Mobil Yasam Tablet;Teknoloji;Mobil Yasam;Asus;33899.63;Yetiskin;96
9891;Tefal Konfor Nevresim Takımı;Ev-Yasam;Konfor;Tefal;10884.70;Genc;43
9892;Bosch Mutfak Nevresim Takımı;Ev-Yasam;Mutfak;Bosch;11404.25;Yetiskin;43
9893;LOreal Parfum Ruj;Kozmetik;Parfum;LOreal;1922.63;Genc;51
9894;Puma Sokak Stili Çanta;Moda;Sokak Stili;Puma;523.73;Yetiskin;45
9895;LOreal Parfum Cilt Serumu;Kozmetik;Parfum;LOreal;1754.20;Yasli;53
9896;Bose Analog DJ Ekipmanı;Muzik;Analog;Bose;24033.64;Genc;28
9897;Samsung Ev Ofis Tablet;Teknoloji;Ev Ofis;Samsung;27701.12;Yetiskin;45
9898;Logitech Retro Koleksiyonu;Oyun;Retro;Logitech;2408.95;Genc;63
9899;JBL Studyo DJ Ekipmanı;Muzik;Studyo;JBL;8925.86;Yetiskin;29
9900;Goodyear Konfor Aksesuarı;Otomobil-Aksesuar;Konfor;Goodyear;1526.50;Yasli;43
9901;Gucci Aksesuar Ceket;Moda;Aksesuar;Gucci;3424.82;Genc;64
9902;Columbia Fitness Spor Çantası;Spor;Fitness;Columbia;5003.61;Yetiskin;2
9903;Gucci Sokak Stili Gözlük;Moda;Sokak Stili;Gucci;363.20;Yasli;95
9904;SteelSeries E-Spor Seti;Oyun;E-Spor;SteelSeries;1969.04;Yetiskin;60
9905;Fender Studyo Amfi;Muzik;Studyo;Fender;19032.02;Yetiskin;12
9906;Derwent Resim Paketi;Hobi-Sanat;Resim;Derwent;995.08;Genc;50
9907;Castrol Konfor Aksesuarı;Otomobil-Aksesuar;Konfor;Castrol;8530.23;Cocuk;72
9908;Michelin Arac Bakimi Aksesuarı;Otomobil-Aksesuar;Arac Bakimi;Michelin;3401.09;Yasli;17
9909;Nike Aksesuar Çanta;Moda;Aksesuar;Nike;3671.75;Yasli;88
9910;3M Konfor Aksesuarı;Otomobil-Aksesuar;Konfor;3M;6549.89;Genc;20
9911;Audio-Technica Studyo Pikap;Muzik;Studyo;Audio-Technica;17588.25;Yasli;13
9912;Audio-Technica Analog Amfi;Muzik;Analog;Audio-Technica;15688.34;Yasli;62
9913;Arzum Mutfak Dekoratif Lamba;Ev-Yasam;Mutfak;Arzum;4281.02;Genc;40
9914;Xiaomi Mobil Yasam Akıllı Saat;Teknoloji;Mobil Yasam;Xiaomi;5924.45;Yetiskin;32
9915;Clinique Bakim Ruj;Kozmetik;Bakim;Clinique;1817.60;Yasli;57
9916;Mizuno Fitness Eşofman Takımı;Spor;Fitness;Mizuno;6317.75;Yasli;72
9917;Gibson Sahne Amfi;Muzik;Sahne;Gibson;19262.04;Cocuk;6
9918;Pegasus Tarih Romanı/Kitabı;Kitap;Tarih;Pegasus;168.13;Cocuk;46
9919;Continental Konfor Aksesuarı;Otomobil-Aksesuar;Konfor;Continental;5879.54;Cocuk;79
9920;Reeves El Sanatlari Seti;Hobi-Sanat;El Sanatlari;Reeves;4691.80;Cocuk;40
9921;Melissa Doug Egitici Paketi;Oyuncak;Egitici;Melissa Doug;2372.78;Yetiskin;87
9922;Karaca Konfor Robot Süpürge;Ev-Yasam;Konfor;Karaca;11871.67;Genc;87
9923;Nike Klasik Saat;Moda;Klasik;Nike;564.31;Cocuk;48
9924;Marshall Studyo Amfi;Muzik;Studyo;Marshall;2483.44;Genc;28
9925;North Face Ekipman Eşofman Takımı;Spor;Ekipman;North Face;1398.81;Yetiskin;39
9926;Yapi Kredi Kisisel Gelisim Romanı/Kitabı;Kitap;Kisisel Gelisim;Yapi Kredi;134.64;Yasli;68
9927;HyperX E-Spor Seti;Oyun;E-Spor;HyperX;2083.23;Yetiskin;71
9928;Continental Guvenlik Aksesuarı;Otomobil-Aksesuar;Guvenlik;Continental;11819.04;Cocuk;24
9929;Hasbro Egitici Seti;Oyuncak;Egitici;Hasbro;2558.67;Yasli;76
9930;Marshall Sahne Amfi;Muzik;Sahne;Marshall;22500.14;Yasli;52
9931;Hasbro Egitici Seti;Oyuncak;Egitici;Hasbro;1515.94;Yetiskin;75
9932;Yapi Kredi Edebiyat Romanı/Kitabı;Kitap;Edebiyat;Yapi Kredi;350.21;Genc;12
9933;Pasabahce Dekorasyon Kahve Makinesi;Ev-Yasam;Dekorasyon;Pasabahce;10858.83;Yasli;76
9934;MGA Entertainment Egitici Paketi;Oyuncak;Egitici;MGA Entertainment;1521.34;Cocuk;86
9935;Reebok Outdoor Spor Çantası;Spor;Outdoor;Reebok;6967.66;Yetiskin;48
9936;HP Yazilim Akıllı Saat;Teknoloji;Yazilim;HP;19823.21;Yetiskin;34
9937;Salomon Ekipman Koşu Ayakkabısı;Spor;Ekipman;Salomon;4303.87;Yasli;66
9938;Sephora Makyaj Nemlendirici;Kozmetik;Makyaj;Sephora;320.69;Cocuk;16
9939;Bose Sahne Amfi;Muzik;Sahne;Bose;20526.82;Yasli;13
9940;Is Bankasi Yayinlari Tarih Romanı/Kitabı;Kitap;Tarih;Is Bankasi Yayinlari;98.97;Genc;92
9941;English Home Mutfak Dekoratif Lamba;Ev-Yasam;Mutfak;English Home;7176.36;Yasli;84
9942;H&M Aksesuar Gözlük;Moda;Aksesuar;H&M;5526.66;Yasli;69
9943;Lenovo Mobil Yasam Akıllı Saat;Teknoloji;Mobil Yasam;Lenovo;20467.66;Genc;9
9944;Castrol Konfor Aksesuarı;Otomobil-Aksesuar;Konfor;Castrol;14149.02;Genc;43
9945;SteelSeries Retro Paketi;Oyun;Retro;SteelSeries;4794.63;Yetiskin;44
9946;Audio-Technica Sahne DJ Ekipmanı;Muzik;Sahne;Audio-Technica;21994.03;Genc;80
9947;Pasabahce Mutfak Kahve Makinesi;Ev-Yasam;Mutfak;Pasabahce;9826.86;Yasli;34
9948;Castrol Arac Bakimi Aksesuarı;Otomobil-Aksesuar;Arac Bakimi;Castrol;13210.59;Cocuk;82
9949;Michelin Guvenlik Aksesuarı;Otomobil-Aksesuar;Guvenlik;Michelin;7004.90;Yasli;49
9950;Sephora Makyaj Göz Kalemi;Kozmetik;Makyaj;Sephora;250.68;Yasli;22
9951;Spin Master Klasik Paketi;Oyuncak;Klasik;Spin Master;4938.99;Genc;31
9952;Mattel Egitici Seti;Oyuncak;Egitici;Mattel;222.29;Cocuk;50
9953;VTech Egitici Paketi;Oyuncak;Egitici;VTech;4029.27;Genc;79
9954;LOreal Makyaj Nemlendirici;Kozmetik;Makyaj;LOreal;1907.61;Cocuk;70
9955;Spin Master Aksiyon Koleksiyonu;Oyuncak;Aksiyon;Spin Master;194.39;Cocuk;83
9956;Xiaomi Yazilim Akıllı Telefon;Teknoloji;Yazilim;Xiaomi;3024.31;Genc;46
9957;Samsung Yazilim Akıllı Saat;Teknoloji;Yazilim;Samsung;33063.62;Yetiskin;2
9958;HyperX Yayincilik Paketi;Oyun;Yayincilik;HyperX;3404.49;Yasli;51
9959;Columbia Fitness Koşu Ayakkabısı;Spor;Fitness;Columbia;5799.17;Yasli;65
9960;Corsair Retro Seti;Oyun;Retro;Corsair;3389.86;Yetiskin;44
9961;Philips Dekorasyon Nevresim Takımı;Ev-Yasam;Dekorasyon;Philips;3660.62;Cocuk;28
9962;Iletisim Tarih Romanı/Kitabı;Kitap;Tarih;Iletisim;83.74;Yetiskin;17
9963;Lancome Parfum Cilt Serumu;Kozmetik;Parfum;Lancome;1466.84;Cocuk;96
9964;Spalding Outdoor Spor Çantası;Spor;Outdoor;Spalding;1367.35;Genc;27
9965;Bose Studyo DJ Ekipmanı;Muzik;Studyo;Bose;5945.66;Cocuk;59
9966;Audio-Technica Studyo Amfi;Muzik;Studyo;Audio-Technica;5143.06;Cocuk;4
9967;Asus Yazilim Kulaklık;Teknoloji;Yazilim;Asus;22176.25;Genc;53
9968;Reebok Fitness Spor Çantası;Spor;Fitness;Reebok;5855.98;Cocuk;2
9969;Xiaomi Mobil Yasam Kulaklık;Teknoloji;Mobil Yasam;Xiaomi;32678.04;Yetiskin;61
9970;Yapi Kredi Kisisel Gelisim Romanı/Kitabı;Kitap;Kisisel Gelisim;Yapi Kredi;472.86;Yetiskin;11
9971;VTech Aksiyon Koleksiyonu;Oyuncak;Aksiyon;VTech;894.90;Cocuk;76
9972;Nintendo Yayincilik Koleksiyonu;Oyun;Yayincilik;Nintendo;505.58;Yasli;85
9973;Winsor Newton El Sanatlari Seti;Hobi-Sanat;El Sanatlari;Winsor Newton;591.96;Cocuk;97
9974;Asus Mobil Yasam Kulaklık;Teknoloji;Mobil Yasam;Asus;19996.58;Genc;47
9975;Michelin Konfor Aksesuarı;Otomobil-Aksesuar;Konfor;Michelin;6654.12;Genc;98
9976;Gucci Sokak Stili Ceket;Moda;Sokak Stili;Gucci;2869.51;Yasli;2
9977;Prada Sokak Stili Saat;Moda;Sokak Stili;Prada;4539.46;Genc;90
9978;Arzum Konfor Dekoratif Lamba;Ev-Yasam;Konfor;Arzum;5470.84;Genc;9
9979;Puma Aksesuar Gözlük;Moda;Aksesuar;Puma;5391.51;Cocuk;40
9980;Lenovo Ev Ofis Akıllı Telefon;Teknoloji;Ev Ofis;Lenovo;6691.98;Yetiskin;53
9981;Marshall Sahne DJ Ekipmanı;Muzik;Sahne;Marshall;18806.72;Yetiskin;82
9982;Marshall Studyo Pikap;Muzik;Studyo;Marshall;18353.67;Yasli;22
9983;Roland Analog Enstrüman;Muzik;Analog;Roland;5241.59;Genc;47
9984;Can Yayinlari Tarih Romanı/Kitabı;Kitap;Tarih;Can Yayinlari;149.48;Genc;69
9985;LEGO Klasik Paketi;Oyuncak;Klasik;LEGO;218.33;Yetiskin;79
9986;Salomon Outdoor Spor Çantası;Spor;Outdoor;Salomon;4654.71;Yasli;50
9987;Faber-Castell El Sanatlari Koleksiyonu;Hobi-Sanat;El Sanatlari;Faber-Castell;3107.89;Cocuk;77
9988;Wilson Outdoor Spor Çantası;Spor;Outdoor;Wilson;3366.63;Yasli;23
9989;Gibson Studyo Pikap;Muzik;Studyo;Gibson;9130.08;Yasli;100
9990;Daler Rowney El Sanatlari Seti;Hobi-Sanat;El Sanatlari;Daler Rowney;1189.89;Yasli;48
9991;Sparco Guvenlik Aksesuarı;Otomobil-Aksesuar;Guvenlik;Sparco;9941.46;Genc;28
9992;Sparco Konfor Aksesuarı;Otomobil-Aksesuar;Konfor;Sparco;12780.47;Genc;12
9993;Clinique Makyaj Ruj;Kozmetik;Makyaj;Clinique;980.87;Yetiskin;57
9994;Dell Yazilim Tablet;Teknoloji;Yazilim;Dell;19799.05;Yetiskin;98
9995;Philips Konfor Robot Süpürge;Ev-Yasam;Konfor;Philips;4232.36;Genc;69
9996;Sephora Parfum Nemlendirici;Kozmetik;Parfum;Sephora;720.25;Yasli;66
9997;Arzum Dekorasyon Dekoratif Lamba;Ev-Yasam;Dekorasyon;Arzum;865.06;Yasli;4
9998;H&M Aksesuar Gözlük;Moda;Aksesuar;H&M;5925.41;Yetiskin;56
9999;Samsung Yazilim Akıllı Telefon;Teknoloji;Yazilim;Samsung;41956.20;Yasli;51
10000;Roland Studyo DJ Ekipmanı;Muzik;Studyo;Roland;22800.34;Cocuk;29
